StockCode,Description,total_revenue,total_quantity_sold,total_transactions,Revenue_per_Transaction,first_sale_date,last_sale_date,product_lifetime_days,Lifetime_Tier,days_since_last_sale,Activity_Status,is_churned,Churn_Status,segment,Revenue_Tier
M,manual,262589.86,2769,516,508.8950775193798,2009-12-01 14:50:00,2010-12-09 16:11:00,373,Medium,0,Active,0,Active,Healthy,High
,regency cakestand 3 tier,169912.75999999998,13691,2020,84.11522772277226,2010-03-15 13:55:00,2010-12-09 16:53:00,269,Medium,0,Active,0,Active,Healthy,High
85123A,white hanging heart t-light holder,160345.63,58692,3316,48.35513570566948,2009-12-01 09:46:00,2010-12-09 18:09:00,373,Medium,0,Active,0,Active,Healthy,High
DOT,dotcom postage,116408.71,733,733,158.8113369713506,2009-12-01 14:28:00,2010-12-09 16:35:00,373,Medium,0,Active,0,Active,Healthy,High
,assorted colour bird ornament,72890.19,45236,1413,51.58541401273885,2009-12-01 09:06:00,2010-12-09 19:32:00,373,Medium,0,Active,0,Active,Healthy,High
,paper chain kit 50's christmas,58127.3,17205,957,60.739080459770115,2009-12-01 10:06:00,2010-12-09 19:32:00,373,Medium,0,Active,0,Active,Healthy,High
85099B,jumbo bag red retrospot,56480.46,30748,1247,45.2930713712911,2010-05-14 16:33:00,2010-12-09 16:35:00,209,Medium,0,Active,0,Active,Healthy,High
,party bunting,49664.12,10092,1014,48.97842209072979,2009-12-01 13:07:00,2010-12-09 16:35:00,373,Medium,0,Active,0,Active,Healthy,High
POST,postage,49477.54,2310,759,65.18779973649539,2009-12-01 09:28:00,2010-12-09 14:49:00,373,Medium,0,Active,0,Active,Healthy,High
,rotating silver angels t-light hldr,47954.49,23037,347,138.19737752161382,2009-12-01 11:58:00,2010-12-09 16:31:00,373,Medium,0,Active,0,Active,Healthy,High
15056N,edwardian parasol natural,36925.26,7469,628,58.7981847133758,2009-12-01 11:50:00,2010-12-09 16:27:00,373,Medium,0,Active,0,Active,Healthy,High
85099F,jumbo bag strawberry,36732.16,20002,1057,34.7513339640492,2009-12-01 13:38:00,2010-12-09 13:08:00,372,Medium,0,Active,0,Active,Healthy,High
,vintage union jack bunting,36023.71,4144,829,43.45441495778046,2009-12-01 12:47:00,2010-12-09 10:42:00,372,Medium,0,Active,0,Active,Healthy,High
,strawberry ceramic trinket box,34411.68,27060,1640,20.982731707317072,2009-12-01 07:45:00,2010-12-09 14:09:00,373,Medium,0,Active,0,Active,Healthy,High
15056BL,edwardian parasol black,32495.99,6795,584,55.64381849315069,2009-12-01 11:50:00,2010-12-09 16:31:00,373,Medium,0,Active,0,Active,Healthy,High
85099C,jumbo  bag baroque black white,32140.99,17270,970,33.135041237113406,2009-12-01 12:30:00,2010-12-09 13:08:00,373,Medium,0,Active,0,Active,Healthy,High
,jumbo storage bag suki,31493.71,15839,1180,26.689584745762712,2009-12-01 11:34:00,2010-12-09 20:01:00,373,Medium,0,Active,0,Active,Healthy,High
,cream heart card holder,31111.56,10066,797,39.03583437892095,2009-12-01 12:13:00,2010-12-09 14:09:00,373,Medium,0,Active,0,Active,Healthy,High
,chilli lights,31061.2,6465,515,60.313009708737866,2009-12-01 14:56:00,2010-12-09 15:32:00,373,Medium,0,Active,0,Active,Healthy,High
,home building block word,30851.27,5037,1331,23.179015777610818,2009-12-01 09:06:00,2010-12-09 16:27:00,373,Medium,0,Active,0,Active,Healthy,High
,hot water bottle tea and sympathy,30388.91,6680,1016,29.910344488188976,2009-12-01 10:06:00,2010-12-09 16:31:00,373,Medium,0,Active,0,Active,Healthy,High
,lunch bag red spotty,29773.27,17885,1218,24.444392446633827,2009-12-01 10:06:00,2010-11-10 09:52:00,343,Medium,29,Active,0,Active,Healthy,High
,jumbo shopper vintage red paisley,29572.25,15096,1058,27.95108695652174,2010-01-29 13:52:00,2010-12-09 14:09:00,314,Medium,0,Active,0,Active,Healthy,High
,vintage union jack memoboard,29102.69,3927,327,88.99905198776759,2010-02-28 15:58:00,2010-12-09 14:44:00,283,Medium,0,Active,0,Active,Healthy,High
,paper chain kit vintage christmas,28828.0,8986,689,41.84034833091437,2010-09-19 10:20:00,2010-12-09 19:32:00,81,Short,0,Active,0,Active,Healthy,High
,set/5 red spotty lid glass bowls,28734.120000000003,10420,883,32.54147225368064,2009-12-01 11:50:00,2010-11-24 12:40:00,358,Medium,15,Active,0,Active,Healthy,High
,black record cover frame,28662.34,8294,272,105.37625,2009-12-01 18:35:00,2010-12-09 17:27:00,372,Medium,0,Active,0,Active,Healthy,High
,red retrospot cake stand,28640.239999999998,2760,686,41.74962099125364,2010-03-31 13:15:00,2010-12-09 16:10:00,253,Medium,0,Active,0,Active,Healthy,High
,red hanging heart t-light holder,28242.68,10088,1066,26.4940712945591,2009-12-01 10:06:00,2010-12-09 18:09:00,373,Medium,0,Active,0,Active,Healthy,High
,chocolate hot water bottle,27817.74,5515,928,29.976012931034486,2009-12-01 09:08:00,2010-12-09 18:09:00,373,Medium,0,Active,0,Active,Healthy,High
84078A,set/4 white retro storage cubes,27558.210000000003,714,174,158.38051724137932,2009-12-02 11:26:00,2010-12-06 09:58:00,368,Medium,3,Active,0,Active,Healthy,High
,scottie dog hot water bottle,27481.47,5508,994,27.647354124748492,2009-12-01 09:06:00,2010-12-09 19:23:00,373,Medium,0,Active,0,Active,Healthy,High
,jumbo bag pink vintage paisley,27121.76,14931,774,35.041033591731264,2009-12-01 09:57:00,2010-12-09 13:08:00,373,Medium,0,Active,0,Active,Healthy,High
,small popcorn holder,27022.23,29809,887,30.464746335963923,2010-02-24 11:51:00,2010-12-09 19:32:00,288,Medium,0,Active,0,Active,Healthy,High
,wood black board ant white finish,26811.8,5034,522,51.363601532567046,2010-04-11 10:30:00,2010-12-09 19:28:00,242,Medium,0,Active,0,Active,Healthy,High
82494L,wooden frame antique white,26401.56,9026,1140,23.15926315789474,2009-12-01 10:49:00,2010-12-09 16:08:00,373,Medium,0,Active,0,Active,Healthy,High
,jumbo bag pink with white spots,26242.66,14202,802,32.72152119700748,2010-01-29 12:35:00,2010-11-19 13:09:00,294,Medium,20,Active,0,Active,Healthy,High
,jumbo bag scandinavian paisley,25878.77,14275,755,34.27651655629139,2009-12-01 10:06:00,2010-12-09 13:08:00,373,Medium,0,Active,0,Active,Healthy,High
,colour glass. star t-light holder,25868.47,8971,523,49.461701720841305,2009-12-01 11:21:00,2010-12-09 16:52:00,373,Medium,0,Active,0,Active,Healthy,High
,heart of wicker large,25673.91,8628,1096,23.425100364963505,2010-04-22 12:12:00,2010-12-09 19:28:00,231,Medium,0,Active,0,Active,Healthy,High
,red toadstool led night light,25588.559999999998,15695,720,35.53966666666666,2009-12-01 09:28:00,2010-12-09 14:49:00,373,Medium,0,Active,0,Active,Healthy,High
84029E,red woolly hottie white heart.,25454.100000000002,7023,805,31.62,2009-12-01 09:44:00,2010-12-09 19:32:00,373,Medium,0,Active,0,Active,Healthy,High
,tea time cake stand in gift box,25428.33,2465,522,48.71327586206897,2009-12-01 12:30:00,2010-08-01 10:09:00,242,Medium,130,Inactive,1,Churned,Churned,High
,antique silver tea glass etched,25305.09,18710,907,27.899768467475194,2009-12-01 10:36:00,2010-12-09 19:28:00,373,Medium,0,Active,0,Active,Healthy,High
85099B,jumbo bag red white spotty,25043.62,14061,535,46.810504672897196,2009-12-01 10:06:00,2010-06-08 13:23:00,189,Medium,184,Inactive,1,Churned,Churned,High
,paper bunting retro spots,24933.940000000002,8292,783,31.844112388250323,2009-12-01 10:36:00,2010-11-23 12:04:00,357,Medium,16,Active,0,Active,Healthy,High
,door mat union flag,24770.81,3776,674,36.75194362017805,2009-12-15 11:56:00,2010-07-13 16:36:00,210,Medium,149,Inactive,1,Churned,Churned,High
,pack of 72 retro spot cake cases,24054.43,46728,1410,17.059879432624115,2009-12-01 10:49:00,2010-11-24 16:16:00,358,Medium,15,Active,0,Active,Healthy,High
,lunch bag  black skull.,23936.93,14847,1115,21.46809865470852,2009-12-01 12:13:00,2010-12-09 18:58:00,373,Medium,0,Active,0,Active,Healthy,High
,love building block word,22920.530000000002,3715,1091,21.008735105407887,2009-12-01 09:06:00,2010-12-09 16:27:00,373,Medium,0,Active,0,Active,Healthy,High
,please one person metal sign,21725.370000000003,10887,834,26.049604316546766,2010-01-29 17:25:00,2010-12-09 18:58:00,314,Medium,0,Active,0,Active,Healthy,High
,baking set 9 piece retrospot,21696.74,4429,980,22.1395306122449,2009-12-01 09:28:00,2010-11-29 14:08:00,363,Medium,10,Active,0,Active,Healthy,High
,retro spot tea set ceramic 11 pc,21301.04,4438,771,27.62780804150454,2009-12-01 09:28:00,2010-11-04 12:17:00,338,Medium,35,At Risk,0,Active,At Risk,High
,paper chain kit retro spot,21151.79,7579,591,35.78983079526227,2009-12-01 10:06:00,2010-11-02 17:12:00,336,Medium,37,At Risk,0,Active,At Risk,High
,round snack boxes set of 4 fruits,21065.190000000002,7684,597,35.28507537688443,2010-01-10 12:13:00,2010-12-09 14:09:00,333,Medium,0,Active,0,Active,Healthy,High
,lunch bag cars blue,20996.16,13052,944,22.241694915254236,2009-12-01 10:06:00,2010-12-09 18:58:00,373,Medium,0,Active,0,Active,Healthy,High
,black heart card holder,20713.83,7613,395,52.44007594936709,2009-12-14 17:57:00,2010-12-09 16:27:00,359,Medium,0,Active,0,Active,Healthy,High
,lunch bag suki  design,20688.89,12475,1114,18.571714542190303,2010-02-01 17:13:00,2010-12-09 18:58:00,311,Medium,0,Active,0,Active,Healthy,High
,wood s/3 cabinet ant white finish,20660.88,2717,707,29.223309759547384,2009-12-01 10:49:00,2010-12-09 16:52:00,373,Medium,0,Active,0,Active,Healthy,High
,edwardian parasol red,20628.05,4546,409,50.43533007334963,2009-12-01 17:31:00,2010-12-09 14:49:00,372,Medium,0,Active,0,Active,Healthy,High
,lunch bag woodland,20599.95,12394,943,21.845121951219515,2009-12-01 10:06:00,2010-12-09 14:49:00,373,Medium,0,Active,0,Active,Healthy,High
,natural slate heart chalkboard,20431.640000000003,6568,843,24.236820877817323,2010-03-04 10:29:00,2010-12-09 16:27:00,280,Medium,0,Active,0,Active,Healthy,High
,round snack boxes set of4 woodland,20383.86,7056,683,29.844597364568084,2010-01-10 12:25:00,2010-12-09 12:05:00,332,Medium,0,Active,0,Active,Healthy,High
AMAZONFEE,amazon fee,20248.04,2,2,10124.02,2010-11-08 10:11:00,2010-12-07 15:08:00,29,Short,2,Active,0,Active,At Risk,High
,victorian glass hanging t-light,19958.77,16297,802,24.886246882793017,2009-12-01 10:06:00,2010-12-09 14:44:00,373,Medium,0,Active,0,Active,Healthy,High
,recycling bag retrospot,19755.170000000002,9157,847,23.323695395513578,2010-01-25 13:46:00,2010-12-09 14:09:00,318,Medium,0,Active,0,Active,Healthy,High
,grand chocolatecandle,19624.88,14155,653,30.05341500765697,2009-12-01 11:41:00,2010-12-09 15:23:00,373,Medium,0,Active,0,Active,Healthy,High
,wooden picture frame white finish,19338.97,8155,947,20.42129883843717,2009-12-01 12:47:00,2010-12-09 13:57:00,373,Medium,0,Active,0,Active,Healthy,High
,heart of wicker small,18993.559999999998,11091,1029,18.458270165208937,2010-04-22 12:12:00,2010-12-09 19:28:00,231,Medium,0,Active,0,Active,Healthy,High
,3 hearts hanging decoration rustic,18399.9,5928,450,40.88866666666667,2009-12-03 17:46:00,2010-12-09 19:23:00,371,Medium,0,Active,0,Active,Healthy,High
,red  harmonica in box,18385.97,16185,396,46.42921717171718,2009-12-04 15:16:00,2010-12-09 18:09:00,370,Medium,0,Active,0,Active,Healthy,High
,jumbo bag owls,18331.829999999998,9741,683,26.840161054172764,2009-12-01 12:13:00,2010-12-09 17:27:00,373,Medium,0,Active,0,Active,Healthy,High
,box of vintage alphabet blocks,18212.73,1898,332,54.85762048192771,2010-05-07 10:44:00,2010-12-09 16:31:00,216,Medium,0,Active,0,Active,Healthy,High
,60 teatime fairy cake cases,18151.399999999998,36348,1336,13.58637724550898,2009-12-01 10:46:00,2010-12-09 20:01:00,373,Medium,0,Active,0,Active,Healthy,High
,vintage union jack cushion cover,18097.85,3348,527,34.34127134724857,2009-12-01 12:47:00,2010-12-09 13:47:00,373,Medium,0,Active,0,Active,Healthy,High
79323W,white cherry lights,18048.72,3004,349,51.71553008595989,2009-12-01 07:45:00,2010-09-16 09:07:00,289,Medium,84,Inactive,1,Churned,Churned,High
,ceramic cake stand + hanging cakes,17555.32,1852,336,52.24797619047619,2009-12-01 11:21:00,2010-12-09 11:30:00,373,Medium,0,Active,0,Active,Healthy,High
,cook with wine metal sign,17553.77,9739,732,23.98056010928962,2009-12-01 11:45:00,2010-12-09 16:52:00,373,Medium,0,Active,0,Active,Healthy,High
47590B,pink happy birthday bunting,17493.83,3446,487,35.92162217659138,2009-12-07 11:35:00,2010-12-09 16:28:00,367,Medium,0,Active,0,Active,Healthy,High
,english rose design quilted throw,17477.66,816,83,210.5742168674699,2009-12-06 12:10:00,2010-07-27 08:57:00,232,Medium,135,Inactive,1,Churned,Churned,High
,doormat union flag,17324.79,2632,400,43.311975000000004,2010-06-28 13:52:00,2010-12-09 14:19:00,164,Medium,0,Active,0,Active,Healthy,High
,gin + tonic diet metal sign,17252.260000000002,8649,880,19.60484090909091,2009-12-01 11:45:00,2010-12-09 16:52:00,373,Medium,0,Active,0,Active,Healthy,High
,zinc metal heart decoration,17145.1,14120,902,19.007871396895787,2009-12-01 11:41:00,2010-12-09 13:08:00,373,Medium,0,Active,0,Active,Healthy,High
,doormat hearts,17129.61,2720,461,37.157505422993495,2009-12-01 11:45:00,2010-12-09 15:50:00,373,Medium,0,Active,0,Active,Healthy,High
,sweetheart ceramic trinket box,16882.1,13618,1001,16.865234765234764,2009-12-01 10:59:00,2010-12-09 14:09:00,373,Medium,0,Active,0,Active,Healthy,High
,cream sweetheart mini chest,16579.45,1348,426,38.91889671361503,2009-12-01 10:06:00,2010-12-09 16:27:00,373,Medium,0,Active,0,Active,Healthy,High
,set of 6 ribbons vintage christmas,16429.78,6559,340,48.32288235294117,2010-09-16 11:40:00,2010-12-09 16:57:00,84,Short,0,Active,0,Active,Healthy,High
,victorian sewing box large,16415.04,1156,398,41.24381909547739,2009-12-01 11:21:00,2010-12-09 17:27:00,373,Medium,0,Active,0,Active,Healthy,High
,retro spot cake stand,16354.009999999998,1493,340,48.1000294117647,2009-12-01 14:28:00,2010-09-20 12:01:00,292,Medium,80,Inactive,1,Churned,Churned,High
,set 7 babushka nesting boxes,16308.78,1986,361,45.17667590027701,2010-08-06 15:02:00,2010-12-09 16:53:00,125,Medium,0,Active,0,Active,Healthy,High
,hanging jam jar t-light holder,16231.62,19852,583,27.84154373927959,2009-12-02 10:00:00,2010-12-09 14:09:00,372,Medium,0,Active,0,Active,Healthy,High
,pack of 60 pink paisley cake cases,16187.31,31805,1155,14.014987012987012,2009-12-01 10:46:00,2010-12-09 16:10:00,373,Medium,0,Active,0,Active,Healthy,High
84406B,cream cupid hearts coat hanger,16177.3,5370,592,27.32652027027027,2009-12-01 16:34:00,2010-12-09 16:53:00,373,Medium,0,Active,0,Active,Healthy,High
,hand over the chocolate   sign,16047.83,8357,814,19.71477886977887,2009-12-01 11:37:00,2010-12-09 20:01:00,373,Medium,0,Active,0,Active,Healthy,High
,hand warmer scotty dog design,15957.12,7112,613,26.031190864600326,2010-09-10 13:59:00,2010-12-09 14:09:00,90,Short,0,Active,0,Active,Healthy,High
,pink cream felt craft trinket box,15952.529999999999,13367,815,19.57365644171779,2009-12-01 10:59:00,2010-12-09 16:53:00,373,Medium,0,Active,0,Active,Healthy,High
,jumbo bag woodland animals,15896.52,8163,570,27.88863157894737,2009-12-01 12:13:00,2010-12-09 11:28:00,372,Medium,0,Active,0,Active,Healthy,High
,door mat red spot,15889.75,2487,413,38.473970944309926,2010-02-03 07:31:00,2010-10-05 11:53:00,244,Medium,65,Inactive,1,Churned,Churned,High
84029G,knitted union flag hot water bottle,15779.09,3988,620,25.450145161290322,2009-12-01 11:45:00,2010-12-09 19:32:00,373,Medium,0,Active,0,Active,Healthy,High
84997D,pink 3 piece mini dots cutlery set,15767.15,4354,448,35.19453125,2009-12-01 10:59:00,2010-11-10 12:21:00,344,Medium,29,Active,0,Active,Healthy,High
84997B,red 3 piece mini dots cutlery set,15738.53,4254,500,31.47706,2009-12-01 11:34:00,2010-11-23 12:04:00,357,Medium,16,Active,0,Active,Healthy,High
,jumbo bag spaceboy design,15663.61,8554,578,27.09967128027682,2010-01-29 13:46:00,2010-12-09 16:31:00,314,Medium,0,Active,0,Active,Healthy,High
,hand warmer owl design,15608.78,7032,634,24.619526813880128,2010-09-10 13:59:00,2010-12-08 14:25:00,89,Short,1,Active,0,Active,Healthy,High
35004C,set of 3 coloured  flying ducks,15482.85,2913,351,44.11068376068376,2009-12-01 14:47:00,2010-12-09 17:27:00,373,Medium,0,Active,0,Active,Healthy,High
,fawn blue hot water bottle,15481.31,5230,616,25.131996753246753,2009-12-01 10:52:00,2010-12-09 19:32:00,373,Medium,0,Active,0,Active,Healthy,High
85014B,red/white dots ruffled umbrella,15476.880000000001,3462,421,36.76218527315915,2009-12-01 09:28:00,2010-11-04 12:17:00,338,Medium,35,At Risk,0,Active,At Risk,High
,small glass heart trinket pot,15454.87,7401,545,28.357559633027524,2009-12-01 13:29:00,2010-12-09 14:09:00,373,Medium,0,Active,0,Active,Healthy,High
,hand warmer bird design,15422.43,6993,602,25.618654485049834,2010-09-10 13:59:00,2010-12-09 14:09:00,90,Short,0,Active,0,Active,Healthy,High
,pack of 6 birdy gift tags,15299.779999999999,12068,726,21.074077134986226,2010-03-10 12:51:00,2010-12-09 15:29:00,274,Medium,0,Active,0,Active,Healthy,High
,lunch bag spaceboy design,15263.68,9316,981,15.559306829765546,2010-02-01 17:13:00,2010-12-09 14:49:00,310,Medium,0,Active,0,Active,Healthy,High
,jumbo bag toys,15168.38,7835,541,28.037670979667283,2009-12-01 09:24:00,2010-12-08 15:03:00,372,Medium,1,Active,0,Active,Healthy,High
,pink blue felt craft trinket box,15138.11,11587,656,23.076387195121953,2009-12-01 09:08:00,2010-12-09 20:01:00,373,Medium,0,Active,0,Active,Healthy,High
,large cake stand  hanging strawbery,15042.61,1603,379,39.690263852242744,2009-12-02 13:57:00,2010-12-08 13:11:00,370,Medium,1,Active,0,Active,Healthy,High
,6 ribbons rustic charm,14955.42,8354,836,17.88925837320574,2009-12-01 11:45:00,2010-12-09 16:53:00,373,Medium,0,Active,0,Active,Healthy,High
,colour glass t-light holder hanging,14899.6,24302,650,22.92246153846154,2009-12-01 13:47:00,2010-12-09 12:16:00,372,Medium,0,Active,0,Active,Healthy,High
,wood 2 drawer cabinet white finish,14890.52,2686,618,24.094692556634303,2009-12-01 10:49:00,2010-12-09 18:58:00,373,Medium,0,Active,0,Active,Healthy,High
47566B,tea time party bunting,14831.64,3470,419,35.39770883054892,2009-12-01 11:17:00,2010-12-09 16:31:00,373,Medium,0,Active,0,Active,Healthy,High
84970S,hanging heart zinc t-light holder,14724.439999999999,18026,945,15.581417989417988,2009-12-01 09:08:00,2010-12-09 16:31:00,373,Medium,0,Active,0,Active,Healthy,High
,red spotty round cake tins,14646.039999999999,1484,463,31.63291576673866,2009-12-01 10:06:00,2010-11-10 14:34:00,344,Medium,29,Active,0,Active,Healthy,High
,assorted colours silk fan,14471.710000000001,20659,485,29.838577319587632,2009-12-01 16:05:00,2010-12-09 14:09:00,372,Medium,0,Active,0,Active,Healthy,High
84997C,blue 3 piece mini dots cutlery set,14464.380000000001,3973,478,30.260209205020924,2009-12-01 10:59:00,2010-11-10 12:21:00,344,Medium,29,Active,0,Active,Healthy,High
,feltcraft 6 flower friends,14426.78,6818,871,16.563467278989666,2009-12-01 14:28:00,2010-12-09 16:53:00,373,Medium,0,Active,0,Active,Healthy,High
,lunch bag pink retrospot,14391.72,8916,812,17.723793103448276,2010-02-02 11:58:00,2010-10-29 15:04:00,269,Medium,41,At Risk,0,Active,At Risk,High
,heart filigree dove  small,14156.94,11466,585,24.199897435897437,2009-12-01 10:06:00,2010-12-09 14:08:00,373,Medium,0,Active,0,Active,Healthy,High
47590A,blue happy birthday bunting,14062.15,2837,308,45.656331168831166,2009-12-02 13:06:00,2010-12-09 16:28:00,372,Medium,0,Active,0,Active,Healthy,High
,white skull hot water bottle,13978.48,2942,507,27.570966469428008,2009-12-01 11:17:00,2010-12-09 20:01:00,373,Medium,0,Active,0,Active,Healthy,High
,wooden box advent calendar,13909.6,1425,414,33.598067632850245,2009-12-01 09:08:00,2010-11-24 09:55:00,358,Medium,15,Active,0,Active,Healthy,High
,jumbo storage bag skulls,13882.66,7202,642,21.624080996884736,2009-12-01 10:59:00,2010-12-09 13:47:00,373,Medium,0,Active,0,Active,Healthy,High
,red retrospot traditional teapot,13830.12,1929,445,31.07892134831461,2010-04-01 12:56:00,2010-12-09 19:28:00,252,Medium,0,Active,0,Active,Healthy,High
79323P,pink cherry lights,13760.93,2277,264,52.12473484848485,2009-12-01 07:45:00,2010-09-16 09:07:00,289,Medium,84,Inactive,1,Churned,Churned,High
,paper bunting white lace,13634.54,4431,531,25.677099811676083,2009-12-01 10:36:00,2010-12-09 10:04:00,372,Medium,0,Active,0,Active,Healthy,High
,kensington coffee set,13566.81,1547,153,88.67196078431373,2009-12-01 11:51:00,2010-12-09 18:58:00,373,Medium,0,Active,0,Active,Healthy,High
,charlotte bag suki design,13534.25,10112,550,24.607727272727274,2010-05-16 12:51:00,2010-12-09 15:21:00,207,Medium,0,Active,0,Active,Healthy,High
,vintage heads and tails card game,13422.58,10672,746,17.992734584450403,2009-12-01 11:21:00,2010-12-09 14:49:00,373,Medium,0,Active,0,Active,Healthy,High
,no singing metal sign,13335.58,6874,681,19.582349486049928,2009-12-01 11:41:00,2010-12-09 16:52:00,373,Medium,0,Active,0,Active,Healthy,High
,pack of 72 skull cake cases,13247.16,25394,839,15.7892252681764,2009-12-01 13:43:00,2010-12-09 14:09:00,373,Medium,0,Active,0,Active,Healthy,High
,door mat new england,13201.61,2023,464,28.451745689655173,2009-12-01 11:41:00,2010-07-13 13:11:00,224,Medium,149,Inactive,1,Churned,Churned,High
,grow your own plant in a can,13123.28,9580,414,31.69874396135266,2010-03-23 11:41:00,2010-12-09 14:09:00,261,Medium,0,Active,0,Active,Healthy,High
,doormat fancy font home sweet home,12983.39,1962,238,54.55205882352941,2010-06-28 13:53:00,2010-12-09 12:17:00,163,Medium,0,Active,0,Active,Healthy,High
,spaceboy lunch box,12972.679999999998,6944,504,25.73944444444444,2010-07-01 11:59:00,2010-12-09 17:27:00,161,Medium,0,Active,0,Active,Healthy,High
,plasters in tin spaceboy,12818.64,7666,667,19.218350824587706,2010-03-25 12:41:00,2010-12-09 20:01:00,259,Medium,0,Active,0,Active,Healthy,High
,plasters in tin circus parade,12589.369999999999,7658,652,19.30884969325153,2010-03-25 12:12:00,2010-12-09 20:01:00,259,Medium,0,Active,0,Active,Healthy,High
,hot water bottle babushka,12503.44,2707,327,38.236819571865446,2010-10-06 16:17:00,2010-12-09 20:01:00,64,Short,0,Active,0,Active,Healthy,High
85014A,black/blue dots ruffled umbrella,12491.17,2977,311,40.16453376205788,2009-12-01 09:28:00,2010-11-04 12:17:00,338,Medium,35,At Risk,0,Active,At Risk,High
,heart ivory trellis small,12466.69,9707,616,20.238133116883116,2009-12-01 13:29:00,2010-12-09 16:31:00,373,Medium,0,Active,0,Active,Healthy,High
,wooden croquet garden set,12454.81,1064,353,35.282747875354104,2010-04-08 19:40:00,2010-12-09 09:23:00,244,Medium,0,Active,0,Active,Healthy,High
,memo board retrospot  design,12433.21,2734,456,27.26581140350877,2010-03-11 17:05:00,2010-12-09 14:09:00,272,Medium,0,Active,0,Active,Healthy,High
72760B,vintage cream 3 basket cake stand,12424.16,1305,348,35.7016091954023,2009-12-01 10:52:00,2010-12-09 14:56:00,373,Medium,0,Active,0,Active,Healthy,High
,natural slate chalkboard large,12324.56,2730,373,33.04171581769437,2010-03-04 10:29:00,2010-12-09 16:26:00,280,Medium,0,Active,0,Active,Healthy,High
,dolly girl lunch box,12313.66,6618,515,23.910019417475727,2010-07-01 16:48:00,2010-12-09 16:31:00,160,Medium,0,Active,0,Active,Healthy,High
,antique lily fairy lights,12234.56,2694,293,41.756177474402726,2009-12-01 10:52:00,2010-11-16 12:50:00,350,Medium,23,Active,0,Active,Healthy,High
,set/20 red spotty paper napkins,12185.39,15688,942,12.935658174097664,2009-12-01 12:20:00,2010-11-02 17:12:00,336,Medium,37,At Risk,0,Active,At Risk,High
,hanging heart jar t-light holder,12176.039999999999,9326,707,17.2221216407355,2009-12-04 15:40:00,2010-12-09 19:23:00,370,Medium,0,Active,0,Active,Healthy,High
,silver hanging t-light holder,11856.72,7443,422,28.096492890995258,2009-12-01 11:37:00,2010-12-09 19:23:00,373,Medium,0,Active,0,Active,Healthy,High
15044A,pink paper parasol,11771.83,4506,148,79.5393918918919,2009-12-07 11:46:00,2010-11-29 09:44:00,356,Medium,10,Active,0,Active,Healthy,High
,red/white dot mini cases,11748.16,1622,401,29.29715710723192,2009-12-01 12:47:00,2010-10-22 09:44:00,324,Medium,48,At Risk,0,Active,At Risk,High
,chocolate this way metal sign,11727.29,6068,527,22.25292220113852,2009-12-01 11:37:00,2010-12-09 20:01:00,373,Medium,0,Active,0,Active,Healthy,High
,red spot heart hot water bottle,11670.66,2425,455,25.6498021978022,2009-12-01 10:06:00,2010-11-26 12:44:00,360,Medium,13,Active,0,Active,Healthy,High
,home sweet home metal sign,11656.32,4274,452,25.788318584070797,2009-12-01 14:28:00,2010-12-09 16:52:00,373,Medium,0,Active,0,Active,Healthy,High
,ivory kitchen scales,11631.460000000001,1358,541,21.499926062846583,2010-05-04 10:02:00,2010-12-09 15:50:00,219,Medium,0,Active,0,Active,Healthy,High
,vintage snap cards,11553.289999999999,13383,1001,11.54174825174825,2009-12-01 09:46:00,2010-12-09 19:32:00,373,Medium,0,Active,0,Active,Healthy,High
,door mat fairy cake,11532.31,1729,387,29.79925064599483,2009-12-01 10:52:00,2010-07-05 13:37:00,216,Medium,157,Inactive,1,Churned,Churned,High
,woodland charlotte bag,11505.47,11612,764,15.059515706806282,2009-12-01 11:21:00,2010-12-09 18:58:00,373,Medium,0,Active,0,Active,Healthy,High
,picnic basket wicker large,11466.33,1062,341,33.62560117302053,2010-05-21 16:37:00,2010-12-09 16:27:00,201,Medium,0,Active,0,Active,Healthy,High
,world war 2 gliders asstd designs,11383.97,55058,503,22.63214711729622,2009-12-01 12:57:00,2010-12-09 14:27:00,373,Medium,0,Active,0,Active,Healthy,High
,hot baths metal sign,11378.35,5750,593,19.18777403035413,2009-12-01 14:28:00,2010-12-09 16:52:00,373,Medium,0,Active,0,Active,Healthy,High
,mini paint set vintage,11300.17,17700,349,32.3787106017192,2010-05-06 11:50:00,2010-12-09 11:35:00,216,Medium,0,Active,0,Active,Healthy,High
,ladies & gentlemen metal sign,11266.95,4475,661,17.045310136157337,2009-12-01 09:50:00,2010-12-09 16:52:00,373,Medium,0,Active,0,Active,Healthy,High
,white metal lantern,11235.54,3032,428,26.251261682242994,2009-12-01 14:43:00,2010-12-09 12:32:00,372,Medium,0,Active,0,Active,Healthy,High
,memo board cottage design,11233.66,2361,451,24.908337028824832,2010-03-10 14:50:00,2010-12-09 14:44:00,273,Medium,0,Active,0,Active,Healthy,High
84970L,single heart zinc t-light holder,11045.95,11543,664,16.63546686746988,2009-12-01 13:47:00,2010-12-09 16:31:00,373,Medium,0,Active,0,Active,Healthy,High
,heart ivory trellis large,11012.789999999999,6715,533,20.661894934333958,2009-12-01 09:06:00,2010-12-09 14:09:00,373,Medium,0,Active,0,Active,Healthy,High
,red spotty biscuit tin,10963.07,2866,521,21.04236084452975,2009-12-01 13:41:00,2010-12-09 16:31:00,373,Medium,0,Active,0,Active,Healthy,High
,set of 72 retro spot paper  doilies,10949.4,7671,554,19.764259927797834,2009-12-01 12:52:00,2010-11-24 16:16:00,358,Medium,15,Active,0,Active,Healthy,High
,72 sweetheart fairy cake cases,10907.43,21790,871,12.522881745120552,2009-12-01 13:19:00,2010-12-09 13:03:00,372,Medium,0,Active,0,Active,Healthy,High
,15cm christmas glass ball 20 lights,10868.59,1390,279,38.95551971326165,2009-12-01 07:45:00,2010-12-09 16:27:00,373,Medium,0,Active,0,Active,Healthy,High
,feltcraft cushion butterfly,10761.630000000001,2958,478,22.51387029288703,2010-03-10 09:30:00,2010-12-09 17:27:00,274,Medium,0,Active,0,Active,Healthy,High
,pink heart shape egg frying pan,10665.64,7285,481,22.17388773388773,2009-12-01 12:30:00,2010-12-09 14:15:00,373,Medium,0,Active,0,Active,Healthy,High
,doormat fairy cake,10645.77,1513,248,42.926491935483874,2010-06-28 13:53:00,2010-12-09 09:34:00,163,Medium,0,Active,0,Active,Healthy,High
,door mat spotty home sweet home,10563.06,1773,287,36.805087108013936,2010-02-02 12:47:00,2010-07-13 13:11:00,161,Medium,149,Inactive,1,Churned,Churned,High
,hot water bottle i am so poorly,10563.02,2083,401,26.341695760598505,2010-09-12 14:58:00,2010-12-09 20:01:00,88,Short,0,Active,0,Active,Healthy,High
,door mat 3 smiley cats,10532.27,1830,285,36.955333333333336,2009-12-01 11:45:00,2010-07-05 12:09:00,216,Medium,157,Inactive,1,Churned,Churned,High
,wooden rounders garden set,10498.48,1217,394,26.645888324873095,2010-04-08 19:40:00,2010-12-09 14:50:00,244,Medium,0,Active,0,Active,Healthy,High
,cake stand 3 tier magic garden,10485.07,832,335,31.29871641791045,2009-12-10 10:17:00,2010-12-09 16:08:00,364,Medium,0,Active,0,Active,Healthy,High
,3 hook photo shelf antique white,10469.85,1387,293,35.733276450511944,2009-12-01 14:19:00,2010-12-09 16:31:00,373,Medium,0,Active,0,Active,Healthy,High
,chick grey hot water bottle,10454.18,2893,503,20.783658051689862,2009-12-01 10:59:00,2010-12-09 19:32:00,373,Medium,0,Active,0,Active,Healthy,High
,pottering in the shed metal sign,10432.949999999999,5625,620,16.827338709677417,2009-12-01 11:45:00,2010-12-09 16:27:00,373,Medium,0,Active,0,Active,Healthy,High
,baking set spaceboy design,10393.09,2175,493,21.08131845841785,2010-03-14 16:18:00,2010-12-09 12:12:00,269,Medium,0,Active,0,Active,Healthy,High
,lunch box i love london,10358.97,5333,415,24.961373493975902,2010-07-01 16:48:00,2010-12-09 17:34:00,161,Medium,0,Active,0,Active,Healthy,High
,paper chain kit empire,10354.460000000001,3689,389,26.61814910025707,2009-12-02 13:23:00,2010-12-09 18:58:00,372,Medium,0,Active,0,Active,Healthy,High
,feltcraft cushion rabbit,10337.32,2709,462,22.375151515151515,2010-03-10 09:30:00,2010-12-09 17:27:00,274,Medium,0,Active,0,Active,Healthy,High
,door mat hearts,10298.44,1709,318,32.38503144654088,2010-02-03 08:50:00,2010-07-13 13:11:00,160,Medium,149,Inactive,1,Churned,Churned,High
,wooden skittles garden set,10275.38,758,234,43.91188034188034,2010-04-08 19:40:00,2010-12-07 14:41:00,242,Medium,2,Active,0,Active,Healthy,High
,grey heart hot water bottle,10268.19,2800,482,21.303298755186724,2009-12-01 11:45:00,2010-12-09 18:58:00,373,Medium,0,Active,0,Active,Healthy,High
,red spotty charlotte bag,10231.44,11536,781,13.100435339308579,2009-12-01 10:06:00,2010-11-10 12:21:00,344,Medium,29,Active,0,Active,Healthy,High
,assorted colour mini cases,10152.59,1381,406,25.006379310344826,2009-12-01 09:28:00,2010-12-09 14:56:00,373,Medium,0,Active,0,Active,Healthy,High
,gumball coat rack,10121.130000000001,4286,443,22.84679458239278,2010-03-04 14:45:00,2010-12-09 14:09:00,279,Medium,0,Active,0,Active,Healthy,High
,picnic basket wicker small,10057.7,1991,490,20.52591836734694,2010-05-23 10:54:00,2010-12-09 16:10:00,200,Medium,0,Active,0,Active,Healthy,High
,plasters in tin vintage paisley,10035.72,5886,595,16.866756302521008,2010-03-25 13:16:00,2010-12-09 20:01:00,259,Medium,0,Active,0,Active,Healthy,High
85232B,set/3 russian doll stacking tins,10030.08,1984,385,26.052155844155845,2009-12-01 09:28:00,2010-09-07 13:04:00,280,Medium,93,Inactive,1,Churned,Churned,High
,large popcorn holder,10013.71,5760,504,19.86847222222222,2010-02-25 11:32:00,2010-12-09 19:32:00,287,Medium,0,Active,0,Active,Healthy,High
,wooden school colouring set,9998.97,5889,487,20.5317659137577,2010-03-25 11:28:00,2010-12-09 14:09:00,259,Medium,0,Active,0,Active,Healthy,High
,plasters in tin woodland animals,9948.289999999999,6019,603,16.49799336650083,2010-03-25 12:43:00,2010-12-09 14:49:00,259,Medium,0,Active,0,Active,Healthy,High
,painted metal pears assorted,9868.01,5919,383,25.76503916449086,2009-12-01 11:45:00,2010-12-09 14:44:00,373,Medium,0,Active,0,Active,Healthy,High
,multi colour silver t-light holder,9852.12,12092,332,29.67506024096386,2009-12-04 09:27:00,2010-12-09 16:26:00,370,Medium,0,Active,0,Active,Healthy,High
,door mat english rose,9816.33,1482,326,30.11144171779141,2009-12-01 12:14:00,2010-07-05 13:46:00,216,Medium,157,Inactive,1,Churned,Churned,High
,red kitchen scales,9769.03,1102,442,22.1018778280543,2010-05-04 12:18:00,2010-12-09 16:31:00,219,Medium,0,Active,0,Active,Healthy,High
,feltcraft butterfly hearts,9737.71,6903,690,14.112623188405795,2009-12-01 12:13:00,2010-12-09 16:53:00,373,Medium,0,Active,0,Active,Healthy,High
,doormat new england,9716.85,1565,238,40.827100840336136,2010-06-28 13:53:00,2010-12-09 09:14:00,163,Medium,0,Active,0,Active,Healthy,High
,red white scarf  hot water bottle,9700.060000000001,2374,356,27.2473595505618,2009-12-01 12:14:00,2010-12-07 15:33:00,371,Medium,2,Active,0,Active,Healthy,High
,childs breakfast set dolly girl,9681.66,1008,309,31.332233009708737,2010-05-20 09:27:00,2010-12-09 13:59:00,203,Medium,0,Active,0,Active,Healthy,High
,family album white picture frame,9585.04,1126,342,28.026432748538014,2009-12-01 12:30:00,2010-12-09 14:25:00,373,Medium,0,Active,0,Active,Healthy,High
85099B,red retrospot jumbo bag,9563.89,5417,210,45.54233333333333,2010-03-31 17:28:00,2010-07-01 09:59:00,91,Short,161,Inactive,1,Churned,Churned,High
,toy tidy pink retrospot,9529.53,4553,511,18.6487866927593,2010-01-24 13:46:00,2010-11-07 14:52:00,287,Medium,32,At Risk,0,Active,At Risk,High
,hand warmer union jack,9497.41,4647,468,20.29361111111111,2010-10-07 09:12:00,2010-12-09 14:09:00,63,Short,0,Active,0,Active,Healthy,High
,heart filigree dove large,9494.23,5758,472,20.11489406779661,2009-12-01 09:06:00,2010-12-08 15:12:00,372,Medium,1,Active,0,Active,Healthy,High
,roses regency teacup and saucer,9437.52,3240,381,24.7703937007874,2010-08-11 15:46:00,2010-12-09 16:31:00,120,Medium,0,Active,0,Active,Healthy,High
,vintage union jack doorstop,9380.99,1567,314,29.875764331210192,2009-12-01 12:47:00,2010-12-09 11:28:00,372,Medium,0,Active,0,Active,Healthy,High
,bag 250g swirly marbles,9304.07,12155,333,27.94015015015015,2009-12-01 14:28:00,2010-12-09 14:09:00,372,Medium,0,Active,0,Active,Healthy,High
,retrospot heart hot water bottle,9250.710000000001,1923,362,25.554447513812157,2010-09-26 10:07:00,2010-12-09 19:23:00,74,Short,0,Active,0,Active,Healthy,High
,pack of 60 dinosaur cake cases,9227.74,19169,714,12.924005602240896,2009-12-01 13:43:00,2010-12-09 20:01:00,373,Medium,0,Active,0,Active,Healthy,High
,piccadilly tea set,9224.92,683,108,85.41592592592593,2009-12-01 10:52:00,2010-05-16 12:07:00,166,Medium,207,Inactive,1,Churned,Churned,High
,home sweet home mug,9151.19,8743,421,21.736793349168646,2009-12-01 14:40:00,2010-12-09 20:01:00,373,Medium,0,Active,0,Active,Healthy,High
,feltcraft doll rosie,9148.95,3244,501,18.261377245508985,2009-12-01 09:08:00,2010-12-09 20:01:00,373,Medium,0,Active,0,Active,Healthy,High
,wooden union jack bunting,9106.49,1516,374,24.348903743315507,2010-02-02 12:03:00,2010-12-07 11:59:00,307,Medium,2,Active,0,Active,Healthy,High
,christmas toilet roll,9095.45,5288,385,23.624545454545455,2009-12-01 12:55:00,2010-12-09 14:09:00,373,Medium,0,Active,0,Active,Healthy,High
,recipe box with metal heart,9075.51,1126,367,24.72891008174387,2009-12-01 12:14:00,2010-12-06 10:08:00,369,Medium,3,Active,0,Active,Healthy,High
,childs breakfast set spaceboy,9062.199999999999,954,292,31.03493150684931,2010-05-20 09:27:00,2010-12-06 12:55:00,200,Medium,3,Active,0,Active,Healthy,High
,plasters in tin strongman,9041.19,5644,465,19.44341935483871,2010-03-25 12:12:00,2010-12-09 20:01:00,259,Medium,0,Active,0,Active,Healthy,High
,two door curio cabinet,8925.699999999999,675,185,48.24702702702702,2009-12-01 14:14:00,2010-12-09 14:08:00,372,Medium,0,Active,0,Active,Healthy,High
,brocade ring purse,8922.8,48384,231,38.62683982683983,2009-12-01 16:17:00,2010-12-09 14:09:00,372,Medium,0,Active,0,Active,Healthy,High
,enamel bread bin cream,8909.38,686,300,29.69793333333333,2010-05-16 11:35:00,2010-12-09 16:31:00,207,Medium,0,Active,0,Active,Healthy,High
,retrospot tea set ceramic 11 pc,8901.460000000001,1690,366,24.320928961748635,2010-09-23 13:38:00,2010-12-09 10:45:00,76,Short,0,Active,0,Active,Healthy,High
,3 stripey mice feltcraft,8892.61,4927,499,17.820861723446896,2009-12-01 12:13:00,2010-12-09 16:53:00,373,Medium,0,Active,0,Active,Healthy,High
,metal sign take it or leave it,8841.85,3263,485,18.23061855670103,2010-01-29 13:52:00,2010-12-09 16:52:00,314,Medium,0,Active,0,Active,Healthy,High
,antique silver tea glass engraved,8825.77,7413,349,25.288739255014328,2009-12-02 09:57:00,2010-12-09 19:23:00,372,Medium,0,Active,0,Active,Healthy,High
,christmas lights 10 reindeer,8823.9,1037,208,42.42259615384615,2010-10-21 10:47:00,2010-12-09 14:09:00,49,Short,0,Active,0,Active,Healthy,High
,picture frame wood triple portrait,8823.06,1338,318,27.745471698113207,2009-12-02 13:33:00,2010-12-09 14:25:00,372,Medium,0,Active,0,Active,Healthy,High
,set/6 red spotty paper plates,8789.859999999999,11402,473,18.58321353065539,2009-12-01 11:45:00,2010-12-09 14:09:00,373,Medium,0,Active,0,Active,Healthy,High
,wooden box of dominoes,8765.28,6822,573,15.29717277486911,2009-12-01 11:45:00,2010-12-09 16:35:00,373,Medium,0,Active,0,Active,Healthy,High
,red spotty shopper bag,8763.09,7058,517,16.949883945841393,2009-12-01 11:50:00,2010-10-11 09:44:00,313,Medium,59,At Risk,0,Active,At Risk,High
,childs breakfast set circus parade,8752.17,1062,304,28.790032894736843,2010-05-20 11:19:00,2010-12-09 13:59:00,203,Medium,0,Active,0,Active,Healthy,High
,sweetheart key cabinet,8747.05,1523,393,22.257124681933842,2009-12-01 13:19:00,2010-10-26 13:39:00,329,Medium,44,At Risk,0,Active,At Risk,High
,filigris heart with butterfly,8742.34,7064,378,23.1278835978836,2009-12-02 13:57:00,2010-12-06 14:36:00,369,Medium,3,Active,0,Active,Healthy,High
,traditional modelling clay,8698.23,7048,375,23.19528,2010-03-25 12:41:00,2010-12-09 15:20:00,259,Medium,0,Active,0,Active,Healthy,High
,pharmacie first aid tin,8672.74,1232,264,32.85128787878788,2009-12-06 16:07:00,2010-12-09 14:09:00,367,Medium,0,Active,0,Active,Healthy,High
,white wood garden plant ladder,8640.119999999999,861,478,18.075564853556482,2010-03-05 16:02:00,2010-12-09 14:09:00,278,Medium,0,Active,0,Active,Healthy,High
,travel sewing kit,8625.16,5056,391,22.05923273657289,2010-07-18 12:20:00,2010-12-09 19:32:00,144,Medium,0,Active,0,Active,Healthy,High
,feltcraft cushion owl,8608.86,2310,446,19.30237668161435,2010-03-10 09:30:00,2010-12-09 15:29:00,274,Medium,0,Active,0,Active,Healthy,High
,party cone christmas decoration,8579.49,7641,336,25.534196428571427,2009-12-01 09:08:00,2010-12-09 14:09:00,373,Medium,0,Active,0,Active,Healthy,High
,doormat red retrospot,8544.27,1135,241,35.453402489626555,2010-09-23 13:38:00,2010-12-09 14:19:00,77,Short,0,Active,0,Active,Healthy,High
,white dove honeycomb paper garland,8525.449999999999,5270,368,23.16698369565217,2009-12-01 12:13:00,2010-11-26 11:00:00,359,Medium,13,Active,0,Active,Healthy,High
79323LP,light pink cherry lights,8481.19,1433,170,49.889352941176476,2009-12-01 11:45:00,2010-10-25 16:08:00,328,Medium,45,At Risk,0,Active,At Risk,High
,hand warmer red retrospot,8475.44,4106,427,19.8488056206089,2010-10-07 09:44:00,2010-12-09 16:31:00,63,Short,0,Active,0,Active,Healthy,High
,doormat spotty home sweet home,8451.76,1140,285,29.655298245614034,2010-06-28 13:53:00,2010-12-09 14:09:00,164,Medium,0,Active,0,Active,Healthy,High
47567B,tea time kitchen apron,8439.210000000001,1588,229,36.85244541484717,2009-12-10 16:21:00,2010-12-08 15:03:00,362,Medium,1,Active,0,Active,Healthy,High
,door mat welcome puppies,8429.7,1459,271,31.105904059040594,2009-12-01 12:14:00,2010-07-05 12:09:00,215,Medium,157,Inactive,1,Churned,Churned,High
,wooden advent calendar cream,8421.1,537,147,57.28639455782313,2010-09-16 12:27:00,2010-12-07 15:34:00,82,Short,2,Active,0,Active,Healthy,High
,retro spot large milk jug,8420.28,1701,519,16.224046242774566,2009-12-01 11:50:00,2010-11-16 18:11:00,350,Medium,23,Active,0,Active,Healthy,High
,beware of the cat metal sign,8415.65,5291,539,15.613450834879405,2009-12-01 14:28:00,2010-12-09 17:27:00,373,Medium,0,Active,0,Active,Healthy,High
,jumbo bag pink polkadot,8405.710000000001,4159,259,32.454478764478765,2010-09-23 11:58:00,2010-12-09 16:35:00,77,Short,0,Active,0,Active,Healthy,High
,red gingham rose jewellery box,8352.38,4828,741,11.271767881241564,2009-12-01 11:51:00,2010-12-09 16:26:00,373,Medium,0,Active,0,Active,Healthy,High
15056P,edwardian parasol pink,8340.79,1767,218,38.260504587155964,2009-12-01 16:17:00,2010-12-09 16:27:00,373,Medium,0,Active,0,Active,Healthy,High
,wooden happy birthday garland,8335.970000000001,2882,368,22.65209239130435,2009-12-03 11:51:00,2010-12-08 15:59:00,370,Medium,1,Active,0,Active,Healthy,High
,feltcraft doll molly,8299.93,2889,494,16.801477732793522,2009-12-01 10:46:00,2010-12-09 16:53:00,373,Medium,0,Active,0,Active,Healthy,High
,pack of 12 suki tissues,8280.28,25198,383,21.61953002610966,2009-12-07 18:02:00,2010-12-09 14:09:00,366,Medium,0,Active,0,Active,Healthy,High
,white wire egg holder,8262.52,1490,305,27.09022950819672,2009-12-03 18:13:00,2010-12-07 13:01:00,368,Medium,2,Active,0,Active,Healthy,High
,doormat 3 smiley cats,8243.24,1301,225,36.63662222222222,2010-06-28 13:53:00,2010-12-09 16:31:00,164,Medium,0,Active,0,Active,Healthy,High
,deluxe sewing kit,8242.92,1271,294,28.037142857142857,2010-07-19 11:59:00,2010-12-09 19:32:00,143,Medium,0,Active,0,Active,Healthy,High
,door mat fancy font home sweet home,8238.8,1194,248,33.22096774193548,2010-02-02 18:01:00,2010-07-02 08:26:00,149,Medium,160,Inactive,1,Churned,Churned,High
,doormat welcome puppies,8238.49,1367,147,56.04414965986395,2010-06-28 13:53:00,2010-12-09 12:17:00,163,Medium,0,Active,0,Active,Healthy,High
,babushka lights string of 10,8213.460000000001,1260,278,29.544820143884895,2010-03-08 12:44:00,2010-12-09 17:27:00,276,Medium,0,Active,0,Active,Healthy,High
,green regency teacup and saucer,8203.67,2628,366,22.414398907103827,2010-08-11 15:46:00,2010-12-09 16:31:00,120,Medium,0,Active,0,Active,Healthy,High
,recipe box pantry yellow design,8201.25,2660,594,13.806818181818182,2010-07-09 17:17:00,2010-12-09 20:01:00,153,Medium,0,Active,0,Active,Healthy,High
,pink doughnut trinket pot,8190.8099999999995,4950,465,17.614645161290323,2009-12-01 07:45:00,2010-12-09 14:09:00,373,Medium,0,Active,0,Active,Healthy,High
,cream sweetheart wall cabinet,8183.039999999999,495,174,47.028965517241375,2009-12-01 13:16:00,2010-12-08 13:28:00,372,Medium,1,Active,0,Active,Healthy,High
,potting shed tea mug,8123.97,6758,599,13.56255425709516,2009-12-01 11:45:00,2010-12-09 16:31:00,373,Medium,0,Active,0,Active,Healthy,High
,feltcraft christmas fairy,8119.04,1738,303,26.795511551155116,2010-09-06 12:04:00,2010-12-09 16:53:00,94,Short,0,Active,0,Active,Healthy,High
,classic metal birdcage plant holder,8098.09,797,138,58.6818115942029,2009-12-02 09:57:00,2010-12-08 16:11:00,371,Medium,1,Active,0,Active,Healthy,High
,strawberry charlotte bag,8092.07,8648,678,11.935206489675515,2009-12-01 16:18:00,2010-12-09 14:09:00,372,Medium,0,Active,0,Active,Healthy,High
47570B,tea time table cloth,8086.25,799,203,39.833743842364534,2009-12-01 15:26:00,2010-12-07 15:34:00,371,Medium,2,Active,0,Active,Healthy,High
,first aid tin,8053.45,2416,381,21.13766404199475,2009-12-01 13:31:00,2010-12-09 20:01:00,373,Medium,0,Active,0,Active,Healthy,High
,doormat airmail,8021.5599999999995,1308,220,36.46163636363636,2010-01-04 16:11:00,2010-12-09 14:25:00,338,Medium,0,Active,0,Active,Healthy,High
,"record frame 7"" single size",8016.9,3487,211,37.99478672985782,2009-12-01 07:45:00,2010-12-09 14:09:00,373,Medium,0,Active,0,Active,Healthy,High
,metal 4 hook hanger french chateau,8001.150000000001,2693,530,15.096509433962265,2009-12-01 14:28:00,2010-12-09 17:27:00,373,Medium,0,Active,0,Active,Healthy,High
,set/10 red spotty party candles,7990.77,6561,388,20.594768041237113,2009-12-01 14:35:00,2010-11-15 13:43:00,348,Medium,24,Active,0,Active,Healthy,High
,red retrospot picnic bag,7988.31,2713,414,19.295434782608698,2010-03-31 17:31:00,2010-12-09 16:26:00,252,Medium,0,Active,0,Active,Healthy,High
,glitter butterfly clips,7987.98,3340,378,21.13222222222222,2009-12-01 11:41:00,2010-12-09 14:55:00,373,Medium,0,Active,0,Active,Healthy,High
,set/2 red spotty tea towels,7960.57,2659,426,18.686784037558684,2009-12-01 09:50:00,2010-11-11 14:57:00,345,Medium,28,Active,0,Active,Healthy,High
,vintage post office cabinet,7954.87,123,48,165.72645833333334,2009-12-03 10:51:00,2010-12-07 16:43:00,369,Medium,2,Active,0,Active,At Risk,High
,retro spot traditional teapot,7937.910000000001,1008,261,30.413448275862073,2009-12-01 11:50:00,2010-06-14 14:06:00,195,Medium,178,Inactive,1,Churned,Churned,High
,vintage snakes & ladders,7887.04,2006,452,17.44920353982301,2009-12-01 09:08:00,2010-12-09 14:09:00,373,Medium,0,Active,0,Active,Healthy,High
,frying pan union flag,7882.32,1852,287,27.464529616724736,2009-12-01 12:14:00,2010-12-09 16:31:00,373,Medium,0,Active,0,Active,Healthy,High
,weekend bag vintage rose paisley,7875.33,946,313,25.160798722044728,2009-12-01 11:17:00,2010-12-02 16:51:00,366,Medium,7,Active,0,Active,Healthy,High
,blue harmonica in box,7854.54,5432,390,20.139846153846154,2009-12-01 14:50:00,2010-12-09 18:58:00,373,Medium,0,Active,0,Active,Healthy,High
,ribbon reel stripes design,7842.89,4747,578,13.56901384083045,2009-12-01 11:41:00,2010-12-09 19:23:00,373,Medium,0,Active,0,Active,Healthy,High
,fairy cake flannel assorted colour,7802.7699999999995,2846,370,21.088567567567566,2009-12-01 14:28:00,2010-12-09 14:09:00,372,Medium,0,Active,0,Active,Healthy,High
,60 cake cases vintage christmas,7793.7699999999995,12645,472,16.512224576271187,2010-09-20 14:52:00,2010-12-09 19:23:00,80,Short,0,Active,0,Active,Healthy,High
,doormat red spot,7765.42,1087,206,37.69621359223301,2010-06-28 13:52:00,2010-11-10 14:34:00,135,Medium,29,Active,0,Active,Healthy,High
,set 10 lights night owl,7727.55,1127,295,26.195084745762713,2009-12-01 10:46:00,2010-12-09 16:27:00,373,Medium,0,Active,0,Active,Healthy,High
,set of 20 vintage christmas napkins,7719.65,8708,531,14.537947269303201,2010-09-16 16:15:00,2010-12-09 16:57:00,84,Short,0,Active,0,Active,Healthy,High
,retro coffee mugs assorted,7710.05,4911,376,20.505452127659574,2009-12-01 09:08:00,2010-12-09 17:34:00,373,Medium,0,Active,0,Active,Healthy,High
,white spot red ceramic drawer knob,7703.91,6180,413,18.653535108958838,2009-12-01 10:49:00,2010-12-09 14:09:00,373,Medium,0,Active,0,Active,Healthy,High
47556B,tea time tea towels,7669.660000000001,2605,451,17.00589800443459,2009-12-01 16:30:00,2010-11-18 11:08:00,351,Medium,21,Active,0,Active,Healthy,High
,pack of 72 retrospot cake cases,7647.92,13348,443,17.26392776523702,2010-09-23 16:23:00,2010-12-09 19:23:00,77,Short,0,Active,0,Active,Healthy,High
,hanging metal heart lantern,7643.95,4522,446,17.13890134529148,2010-03-04 14:50:00,2010-12-09 14:09:00,279,Medium,0,Active,0,Active,Healthy,High
,gardeners kneeling pad,7623.41,5824,554,13.760667870036102,2010-03-26 13:03:00,2010-12-07 15:31:00,256,Medium,2,Active,0,Active,Healthy,High
,set of 2 wooden market crates,7589.49,583,214,35.46490654205607,2010-03-05 11:31:00,2010-12-08 15:16:00,278,Medium,1,Active,0,Active,Healthy,High
,red spotty coir doormat,7563.34,1174,208,36.36221153846154,2009-12-01 11:45:00,2010-03-01 12:35:00,90,Short,283,Inactive,1,Churned,Churned,High
,pack 3 boxes christmas pannetone,7557.38,3324,310,24.378645161290322,2010-09-15 13:36:00,2010-12-09 14:09:00,85,Short,0,Active,0,Active,Healthy,High
,ma campagne cutlery box,7553.62,493,267,28.29071161048689,2009-12-01 12:30:00,2010-12-09 16:08:00,373,Medium,0,Active,0,Active,Healthy,High
,victorian sewing box medium,7532.76,899,289,26.06491349480969,2009-12-01 14:19:00,2010-12-09 16:31:00,373,Medium,0,Active,0,Active,Healthy,High
,cream sweetheart trays,7524.44,620,256,29.39234375,2009-12-02 10:52:00,2010-10-29 09:57:00,330,Medium,41,At Risk,0,Active,At Risk,High
,bingo set,7493.3,1895,474,15.808649789029536,2009-12-01 09:46:00,2010-12-09 20:01:00,373,Medium,0,Active,0,Active,Healthy,High
,afghan slipper sock pair,7488.7,2346,62,120.78548387096774,2009-12-02 08:58:00,2010-12-08 15:56:00,371,Medium,1,Active,0,Active,At Risk,High
,strawberry fairy cake teapot,7486.04,1517,294,25.462721088435373,2010-05-14 15:41:00,2010-12-09 19:28:00,209,Medium,0,Active,0,Active,Healthy,High
,pack of 6 pannetone gift boxes,7480.83,2941,404,18.51690594059406,2010-03-10 12:51:00,2010-12-08 14:25:00,273,Medium,1,Active,0,Active,Healthy,High
,ceramic strawberry cake money bank,7467.04,5096,519,14.387360308285164,2010-05-14 15:41:00,2010-12-09 14:55:00,208,Medium,0,Active,0,Active,Healthy,High
,toy tidy spaceboy,7458.96,3674,415,17.973397590361447,2010-01-22 16:28:00,2010-12-09 11:28:00,320,Medium,0,Active,0,Active,Healthy,High
,white spot blue ceramic drawer knob,7456.31,5849,411,18.141873479318736,2009-12-01 10:49:00,2010-12-09 10:04:00,372,Medium,0,Active,0,Active,Healthy,High
,paper bunting coloured lace,7442.39,2514,387,19.230981912144703,2009-12-01 13:31:00,2010-12-08 13:23:00,371,Medium,1,Active,0,Active,Healthy,High
,doormat english rose,7434.84,1257,132,56.32454545454546,2010-06-28 13:52:00,2010-12-09 14:19:00,164,Medium,0,Active,0,Active,Healthy,High
,box of vintage jigsaw blocks,7429.27,1416,322,23.072267080745345,2010-05-06 20:01:00,2010-12-09 13:59:00,216,Medium,0,Active,0,Active,Healthy,High
,strawberry lunch box with cutlery,7423.05,2934,491,15.118228105906313,2010-03-31 17:29:00,2010-12-09 16:27:00,252,Medium,0,Active,0,Active,Healthy,High
,set of 36 teatime paper doilies,7419.73,5099,487,15.235585215605749,2009-12-01 16:34:00,2010-12-08 14:36:00,371,Medium,1,Active,0,Active,Healthy,High
,coffee mug cat + bird design,7418.83,2899,412,18.006868932038834,2009-12-01 10:59:00,2010-12-09 16:35:00,373,Medium,0,Active,0,Active,Healthy,High
,"set 3 red spot tin tea,coffee,sugar",7404.09,1500,304,24.355559210526316,2009-12-01 13:41:00,2010-11-10 10:00:00,343,Medium,29,Active,0,Active,Healthy,High
,victorian sewing box small,7379.780000000001,1216,394,18.73040609137056,2009-12-01 14:28:00,2010-12-09 17:27:00,373,Medium,0,Active,0,Active,Healthy,High
,set 3 wicker log baskets,7362.66,398,164,44.89426829268292,2009-12-01 12:14:00,2010-10-18 12:58:00,321,Medium,52,At Risk,0,Active,At Risk,High
,cream sweetheart letter rack,7328.96,1571,265,27.65645283018868,2009-12-01 13:19:00,2010-12-07 18:36:00,371,Medium,2,Active,0,Active,Healthy,High
,noel wooden block letters,7323.030000000001,1178,327,22.394587155963304,2009-12-01 11:41:00,2010-12-09 16:31:00,373,Medium,0,Active,0,Active,Healthy,High
48173C,door mat black flock,7318.79,1250,193,37.92119170984456,2009-12-01 09:06:00,2010-07-07 11:17:00,218,Medium,155,Inactive,1,Churned,Churned,High
84997A,green 3 piece mini dots cutlery set,7306.06,1961,249,29.341606425702814,2009-12-01 11:21:00,2010-11-10 12:21:00,344,Medium,29,Active,0,Active,Healthy,High
,wicker star,7280.28,3273,496,14.677983870967742,2010-07-29 11:23:00,2010-12-09 19:28:00,133,Medium,0,Active,0,Active,Healthy,High
,full english breakfast plate,7276.53,1792,368,19.773179347826087,2009-12-01 09:06:00,2010-12-09 16:26:00,373,Medium,0,Active,0,Active,Healthy,High
,kings choice biscuit tin,7270.78,1626,292,24.899931506849313,2010-01-07 11:31:00,2010-12-09 12:32:00,336,Medium,0,Active,0,Active,Healthy,High
72351B,set/6 pink  butterfly t-lights,7252.6900000000005,3720,321,22.59404984423676,2009-12-03 10:17:00,2010-12-09 14:08:00,371,Medium,0,Active,0,Active,Healthy,High
,save the planet mug,7220.95,6201,451,16.0109756097561,2009-12-01 07:45:00,2010-12-09 20:01:00,373,Medium,0,Active,0,Active,Healthy,High
,alarm clock bakelike red,7212.74,1765,357,20.20375350140056,2010-09-24 10:29:00,2010-12-09 14:27:00,76,Short,0,Active,0,Active,Healthy,High
,strawberry   picnic bag,7193.110000000001,2407,414,17.374661835748793,2009-12-02 13:20:00,2010-12-09 11:28:00,371,Medium,0,Active,0,Active,Healthy,High
,glitter hanging butterfly string,7152.490000000001,3528,296,24.16381756756757,2009-12-01 12:14:00,2010-12-09 14:55:00,373,Medium,0,Active,0,Active,Healthy,High
,set of 3 notebooks in parcel,7148.599999999999,4088,398,17.961306532663315,2010-08-08 12:43:00,2010-12-09 14:09:00,123,Medium,0,Active,0,Active,Healthy,High
,set of 36 paisley flower doilies,7110.7,4840,454,15.662334801762114,2009-12-02 14:36:00,2010-12-06 10:08:00,368,Medium,3,Active,0,Active,Healthy,High
,you're confusing me metal sign,7095.92,4511,344,20.627674418604652,2009-12-08 15:49:00,2010-12-09 16:52:00,366,Medium,0,Active,0,Active,Healthy,High
,set of 20 kids cookie cutters,7080.07,3578,311,22.765498392282957,2009-12-01 12:13:00,2010-12-09 15:33:00,373,Medium,0,Active,0,Active,Healthy,High
,door mat multicolour stripe,7078.28,1102,239,29.61623430962343,2009-12-01 14:14:00,2010-07-02 08:26:00,212,Medium,160,Inactive,1,Churned,Churned,High
,doormat topiary,7061.75,1201,139,50.80395683453237,2010-06-30 12:17:00,2010-12-08 10:36:00,160,Medium,1,Active,0,Active,Healthy,High
,suki  shoulder bag,7055.2,3816,417,16.9189448441247,2009-12-01 14:28:00,2010-12-09 16:35:00,373,Medium,0,Active,0,Active,Healthy,High
,set of 3 heart cookie cutters,7048.98,5429,591,11.92720812182741,2009-12-01 14:28:00,2010-12-09 14:44:00,373,Medium,0,Active,0,Active,Healthy,High
,"assorted flower colour ""leis""",7027.2699999999995,14480,167,42.07946107784431,2009-12-06 11:58:00,2010-12-03 12:24:00,362,Medium,6,Active,0,Active,Healthy,High
,folkart zinc heart christmas dec,7002.82,8535,409,17.121809290953543,2009-12-01 14:28:00,2010-12-09 14:55:00,373,Medium,0,Active,0,Active,Healthy,High
,doormat respectable house,6984.21,1187,153,45.64843137254902,2010-01-04 16:11:00,2010-12-09 17:27:00,339,Medium,0,Active,0,Active,Healthy,High
48173C,doormat black flock,6982.81,1114,161,43.371490683229815,2010-06-28 13:52:00,2010-12-09 14:19:00,164,Medium,0,Active,0,Active,Healthy,High
,feltcraft doll emily,6973.02,2478,408,17.09073529411765,2009-12-01 09:08:00,2010-12-09 16:53:00,373,Medium,0,Active,0,Active,Healthy,High
,s/6 wooden skittles in cotton bag,6951.64,2392,340,20.446,2009-12-01 12:13:00,2010-12-09 16:27:00,373,Medium,0,Active,0,Active,Healthy,High
,open closed metal sign,6883.37,1353,263,26.17250950570342,2009-12-01 12:33:00,2010-11-28 11:45:00,361,Medium,11,Active,0,Active,Healthy,High
,set/10 pink spotty party candles,6882.16,5666,387,17.783359173126616,2009-12-01 11:51:00,2010-11-04 17:18:00,338,Medium,35,At Risk,0,Active,At Risk,High
,blue stripe ceramic drawer knob,6879.92,5417,391,17.595703324808184,2009-12-01 10:49:00,2010-12-09 09:14:00,372,Medium,0,Active,0,Active,Healthy,High
,small fairy cake fridge magnets,6875.0,12236,5,1375.0,2009-12-02 09:49:00,2010-02-17 10:51:00,77,Short,295,Inactive,1,Churned,Churned,High
,doormat union jack guns and roses,6871.03,1143,209,32.87574162679426,2010-01-05 16:50:00,2010-12-09 11:48:00,337,Medium,0,Active,0,Active,Healthy,High
,polkadot cutlery 24 pcs in tray,6855.75,640,79,86.78164556962025,2009-12-09 09:42:00,2010-09-13 12:26:00,278,Medium,87,Inactive,1,Churned,Churned,High
,mint kitchen scales,6834.79,784,313,21.836389776357827,2010-05-04 10:02:00,2010-12-09 15:50:00,219,Medium,0,Active,0,Active,Healthy,High
,enamel flower jug cream,6816.3,1137,311,21.91736334405145,2010-05-14 15:14:00,2010-12-09 14:09:00,208,Medium,0,Active,0,Active,Healthy,High
,set3 book box green gingham flower,6812.3,1728,214,31.833177570093458,2009-12-01 09:46:00,2010-12-08 13:01:00,372,Medium,1,Active,0,Active,Healthy,High
,clothes pegs retrospot pack 24,6810.78,5587,463,14.71010799136069,2010-04-14 13:39:00,2010-12-09 20:01:00,239,Medium,0,Active,0,Active,Healthy,High
,wall mounted vintage organiser,6756.09,497,163,41.44840490797546,2009-12-01 13:47:00,2010-11-15 09:32:00,348,Medium,24,Active,0,Active,Healthy,High
,sombrero,6739.85,5155,69,97.67898550724638,2009-12-02 15:51:00,2010-12-08 15:17:00,370,Medium,1,Active,0,Active,At Risk,High
,lunch box with cutlery retrospot,6724.56,2673,427,15.748384074941454,2010-03-31 17:29:00,2010-12-09 14:09:00,252,Medium,0,Active,0,Active,Healthy,High
,retrospot childrens apron,6718.03,3715,299,22.468327759197322,2010-07-13 10:25:00,2010-12-09 20:01:00,149,Medium,0,Active,0,Active,Healthy,High
47599A,pink party bags,6692.78,3587,209,32.02287081339713,2009-12-04 10:57:00,2010-12-09 12:17:00,370,Medium,0,Active,0,Active,Healthy,High
,pack of 60 spaceboy cake cases,6686.849999999999,13205,596,11.21954697986577,2010-01-31 15:47:00,2010-12-09 20:01:00,312,Medium,0,Active,0,Active,Healthy,High
,coffee mug dog + ball design,6685.990000000001,2663,345,19.379681159420294,2009-12-01 10:59:00,2010-12-09 14:08:00,373,Medium,0,Active,0,Active,Healthy,High
,door mat topiary,6681.38,1043,207,32.27719806763285,2009-12-01 11:51:00,2010-07-02 08:26:00,212,Medium,160,Inactive,1,Churned,Churned,High
85014D,pink/brown dots ruffled umbrella,6664.45,1918,90,74.04944444444445,2009-12-01 11:37:00,2010-03-29 14:19:00,118,Medium,255,Inactive,1,Churned,Churned,High
,cream sweetheart shelf + hooks,6647.24,960,197,33.74233502538071,2009-12-01 14:19:00,2010-11-15 09:32:00,348,Medium,24,Active,0,Active,Healthy,High
,white beaded garland string 20light,6645.28,1048,234,28.39863247863248,2009-12-01 13:07:00,2010-11-07 10:59:00,340,Medium,32,At Risk,0,Active,At Risk,High
C2,carriage,6625.0,131,131,50.57251908396947,2009-12-03 18:13:00,2010-12-09 11:48:00,370,Medium,0,Active,0,Active,Healthy,High
,camouflage led torch,6613.92,3831,291,22.72824742268041,2009-12-01 11:45:00,2010-12-09 14:09:00,373,Medium,0,Active,0,Active,Healthy,High
,set/3 red gingham rose storage box,6608.25,1707,353,18.72025495750708,2009-12-01 09:46:00,2010-12-09 15:46:00,373,Medium,0,Active,0,Active,Healthy,High
,area patrolled metal sign,6567.280000000001,3255,381,17.23695538057743,2009-12-01 09:06:00,2010-12-09 19:32:00,373,Medium,0,Active,0,Active,Healthy,High
ADJUST,adjustment by john on 26/01/2010 17,6563.5,16,16,410.21875,2010-01-26 17:03:00,2010-01-26 17:28:00,0,Short,317,Inactive,1,Churned,Churned,High
,moroccan tea glass,6552.18,8012,317,20.669337539432178,2009-12-01 12:32:00,2010-12-09 13:24:00,373,Medium,0,Active,0,Active,Healthy,High
,pink regency teacup and saucer,6548.01,2262,260,25.184653846153847,2010-08-11 15:46:00,2010-12-09 11:28:00,119,Medium,0,Active,0,Active,Healthy,High
,cooking set retrospot,6531.719999999999,671,226,28.901415929203537,2010-03-14 16:18:00,2010-12-08 15:59:00,268,Medium,1,Active,0,Active,Healthy,High
,feltcraft princess charlotte doll,6513.67,1493,260,25.052576923076924,2010-09-08 10:54:00,2010-12-09 18:58:00,92,Short,0,Active,0,Active,Healthy,High
,alarm clock bakelike green,6511.06,1516,347,18.76386167146974,2010-09-24 10:29:00,2010-12-09 19:32:00,76,Short,0,Active,0,Active,Healthy,High
,red stripe ceramic drawer knob,6476.88,4897,394,16.438781725888326,2009-12-01 10:49:00,2010-12-08 14:25:00,372,Medium,1,Active,0,Active,Healthy,High
,red retrospot small milk jug,6475.48,2573,473,13.690232558139535,2010-03-31 12:52:00,2010-12-09 14:25:00,253,Medium,0,Active,0,Active,Healthy,High
,advent calendar gingham sack,6429.530000000001,1027,260,24.72896153846154,2010-07-20 14:22:00,2010-12-09 13:24:00,141,Medium,0,Active,0,Active,Healthy,High
,cake stand white two tier lace,6398.04,749,262,24.419999999999998,2009-12-01 13:31:00,2010-12-06 12:23:00,369,Medium,3,Active,0,Active,Healthy,High
,set of 72 pink heart paper doilies,6387.95,4082,522,12.237452107279694,2009-12-01 09:57:00,2010-12-09 14:09:00,373,Medium,0,Active,0,Active,Healthy,High
,red spot ceramic drawer knob,6372.09,5150,367,17.36264305177112,2009-12-01 10:06:00,2010-12-09 20:01:00,373,Medium,0,Active,0,Active,Healthy,High
,lunch bag red retrospot,6365.72,3435,321,19.830903426791277,2010-09-23 18:00:00,2010-12-09 16:31:00,76,Short,0,Active,0,Active,Healthy,High
,coffee mug apples design,6363.38,2623,279,22.807813620071684,2009-12-01 11:45:00,2010-11-19 11:54:00,353,Medium,20,Active,0,Active,Healthy,High
75049L,large circular mirror mobile,6343.33,6867,140,45.3095,2009-12-02 11:24:00,2010-12-03 11:36:00,366,Medium,6,Active,0,Active,Healthy,High
47591D,pink fairy cake child's apron,6339.17,3438,389,16.296066838046272,2009-12-01 11:21:00,2010-07-27 09:38:00,237,Medium,135,Inactive,1,Churned,Churned,High
,inflatable political globe,6333.76,7971,310,20.431483870967742,2009-12-01 09:08:00,2010-12-09 18:58:00,373,Medium,0,Active,0,Active,Healthy,High
,set of 6 soldier skittles,6317.28,1675,290,21.783724137931035,2010-05-07 08:49:00,2010-12-09 16:26:00,216,Medium,0,Active,0,Active,Healthy,High
,candleholder pink hanging heart,6311.13,2246,217,29.083548387096776,2010-09-23 11:21:00,2010-12-09 14:09:00,77,Short,0,Active,0,Active,Healthy,High
,natural slate rectangle chalkboard,6300.54,3756,404,15.59539603960396,2010-03-05 11:31:00,2010-12-09 14:27:00,279,Medium,0,Active,0,Active,Healthy,High
,pack of 12 hearts design tissues,6286.05,16873,511,12.30146771037182,2009-12-01 11:58:00,2010-12-09 16:26:00,373,Medium,0,Active,0,Active,Healthy,High
,enchanted bird coathanger 5 hook,6284.7300000000005,1492,289,21.746470588235297,2009-12-01 16:34:00,2010-12-09 16:31:00,372,Medium,0,Active,0,Active,Healthy,High
,plasters in tin skulls,6273.389999999999,3767,569,11.025289982425306,2010-03-25 13:16:00,2010-12-09 20:01:00,259,Medium,0,Active,0,Active,Healthy,High
,retro red spotty washing up gloves,6257.39,3139,420,14.89854761904762,2009-12-01 09:50:00,2010-11-15 13:43:00,349,Medium,24,Active,0,Active,Healthy,High
,set/5 red retrospot lid glass bowls,6243.79,2173,300,20.812633333333334,2010-09-16 13:06:00,2010-12-09 14:25:00,84,Short,0,Active,0,Active,Healthy,High
,set of 3 butterfly cookie cutters,6175.47,4734,449,13.753830734966593,2009-12-01 14:28:00,2010-12-09 14:09:00,372,Medium,0,Active,0,Active,Healthy,High
,love large wood letters,6154.86,474,224,27.47705357142857,2010-02-11 12:31:00,2010-12-09 12:32:00,301,Medium,0,Active,0,Active,Healthy,High
,i can only please one person mug,6147.82,4970,494,12.44497975708502,2009-12-01 11:45:00,2010-12-09 16:31:00,373,Medium,0,Active,0,Active,Healthy,High
84520B,pack 20 english rose paper napkins,6127.4,7008,663,9.241930618401206,2009-12-01 11:51:00,2010-12-09 14:28:00,373,Medium,0,Active,0,Active,Healthy,High
,party metal sign,6123.139999999999,4253,511,11.982661448140899,2009-12-01 11:41:00,2010-12-09 14:19:00,373,Medium,0,Active,0,Active,Healthy,High
,food container set 3 love heart,6108.55,3273,415,14.719397590361446,2009-12-01 12:32:00,2010-12-08 14:36:00,372,Medium,1,Active,0,Active,Healthy,High
,blue spot ceramic drawer knob,6099.8,4590,403,15.135980148883375,2009-12-01 10:49:00,2010-12-09 14:09:00,373,Medium,0,Active,0,Active,Healthy,High
,glass cake cover and plate,6096.349999999999,352,162,37.63179012345679,2009-12-03 16:12:00,2010-11-09 13:59:00,340,Medium,30,Active,0,Active,Healthy,High
,mini cake stand  hanging strawbery,6096.0,3550,504,12.095238095238095,2009-12-01 14:19:00,2010-11-25 14:51:00,359,Medium,14,Active,0,Active,Healthy,High
,set/6 red spotty paper cups,6088.25,9766,430,14.158720930232558,2009-12-01 11:45:00,2010-12-09 14:09:00,373,Medium,0,Active,0,Active,Healthy,High
47591D,pink fairy cake childrens apron,6082.96,3024,351,17.33037037037037,2010-07-13 10:25:00,2010-12-09 20:01:00,149,Medium,0,Active,0,Active,Healthy,High
,bathroom metal sign,6057.84,8915,856,7.076915887850467,2009-12-01 09:50:00,2010-12-09 16:52:00,373,Medium,0,Active,0,Active,Healthy,High
,paper chain kit retrospot,6052.9800000000005,1766,236,25.64822033898305,2010-09-23 14:47:00,2010-12-09 14:27:00,76,Short,0,Active,0,Active,Healthy,High
,traditional wooden catch cup game,6029.41,4761,432,13.956967592592592,2009-12-01 12:13:00,2010-12-09 16:27:00,373,Medium,0,Active,0,Active,Healthy,High
,christmas lights 10 vintage baubles,6028.35,1246,178,33.867134831460675,2010-10-21 10:47:00,2010-12-09 19:32:00,49,Short,0,Active,0,Active,Healthy,High
84032A,charlie+lola pink hot water bottle,6021.99,2417,373,16.14474530831099,2009-12-01 09:24:00,2010-12-09 18:58:00,373,Medium,0,Active,0,Active,Healthy,High
,red retrospot mug,6007.62,2102,194,30.967113402061855,2010-04-07 12:45:00,2010-12-09 13:57:00,246,Medium,0,Active,0,Active,Healthy,High
,ivory hanging decoration  heart,5998.5,7035,383,15.661879895561357,2009-12-01 13:38:00,2010-12-09 14:09:00,373,Medium,0,Active,0,Active,Healthy,High
,i'm on holiday metal sign,5995.05,2871,416,14.411177884615386,2010-01-29 11:59:00,2010-12-09 16:52:00,314,Medium,0,Active,0,Active,Healthy,High
,kings choice tea caddy,5990.03,1989,366,16.36620218579235,2010-01-06 13:56:00,2010-12-09 16:35:00,337,Medium,0,Active,0,Active,Healthy,High
72807C,set/3 vanilla scented candle in box,5988.72,1352,239,25.057405857740587,2009-12-01 14:28:00,2010-12-09 14:09:00,372,Medium,0,Active,0,Active,Healthy,High
,pack of 12 red spotty tissues,5981.81,22721,271,22.07309963099631,2009-12-01 11:58:00,2010-10-31 14:11:00,334,Medium,39,At Risk,0,Active,At Risk,High
,doormat home sweet home blue,5978.63,927,159,37.6014465408805,2010-06-28 13:53:00,2010-12-09 14:19:00,164,Medium,0,Active,0,Active,Healthy,High
,set/10 blue spotty party candles,5966.95,4901,321,18.588629283489094,2009-12-01 11:51:00,2010-11-04 17:18:00,338,Medium,35,At Risk,0,Active,At Risk,High
,pack of 12 pink paisley tissues,5958.070000000001,22029,233,25.57111587982833,2009-12-02 14:36:00,2010-12-09 14:09:00,371,Medium,0,Active,0,Active,Healthy,High
,tea bag plate red spotty,5934.19,7126,465,12.761698924731181,2009-12-01 12:30:00,2010-10-27 13:29:00,330,Medium,43,At Risk,0,Active,At Risk,High
,6 egg house painted wood,5902.52,743,232,25.441896551724138,2009-12-01 14:14:00,2010-12-09 12:17:00,372,Medium,0,Active,0,Active,Healthy,High
,paper bunting vintage paisley,5872.4800000000005,2091,283,20.750812720848057,2009-12-01 11:41:00,2010-12-09 14:09:00,373,Medium,0,Active,0,Active,Healthy,High
,corona mexican tray,5870.39,1490,374,15.696229946524065,2009-12-01 12:02:00,2010-12-09 16:31:00,373,Medium,0,Active,0,Active,Healthy,High
,gaolers keys decorative garden,5845.59,1797,277,21.103212996389892,2009-12-01 13:31:00,2010-12-09 12:49:00,372,Medium,0,Active,0,Active,Healthy,High
84032B,charlie + lola red hot water bottle,5788.8,2488,366,15.816393442622951,2009-12-01 09:24:00,2010-12-09 14:09:00,373,Medium,0,Active,0,Active,Healthy,High
,round snack boxes set of 4 skulls,5750.24,1936,378,15.212275132275131,2010-01-10 12:13:00,2010-12-09 14:09:00,333,Medium,0,Active,0,Active,Healthy,High
,round container set of 5 retrospot,5727.61,3526,374,15.314465240641711,2010-01-10 11:08:00,2010-12-08 14:25:00,332,Medium,1,Active,0,Active,Healthy,High
,glass  beurre dish,5724.67,1379,319,17.945673981191224,2009-12-01 14:49:00,2010-12-09 19:23:00,373,Medium,0,Active,0,Active,Healthy,High
,card holder gingham heart,5667.36,2132,321,17.65532710280374,2010-07-20 10:54:00,2010-12-09 14:09:00,142,Medium,0,Active,0,Active,Healthy,High
,zinc folkart sleigh bells,5665.1,3350,238,23.80294117647059,2010-03-19 13:41:00,2010-12-07 15:31:00,263,Medium,2,Active,0,Active,Healthy,High
,red spotty bowl,5660.1900000000005,4630,423,13.381063829787236,2009-12-01 11:45:00,2010-10-11 09:44:00,313,Medium,59,At Risk,0,Active,At Risk,High
,ceramic heart fairy cake money bank,5656.15,3352,410,13.795487804878048,2010-05-14 15:41:00,2010-12-09 14:09:00,208,Medium,0,Active,0,Active,Healthy,High
84968B,s/16 vintage ivory cutlery,5643.15,424,131,43.07748091603053,2009-12-01 12:33:00,2010-08-04 12:22:00,245,Medium,127,Inactive,1,Churned,Churned,High
,lavender scented fabric heart,5621.58,4392,365,15.40158904109589,2009-12-01 12:47:00,2010-12-09 14:55:00,373,Medium,0,Active,0,Active,Healthy,High
,cake stand lovebird 2 tier pink,5618.17,775,106,53.001603773584904,2009-12-17 13:15:00,2010-12-06 09:58:00,353,Medium,3,Active,0,Active,At Risk,High
,boys vintage tin seaside bucket,5618.0199999999995,2309,258,21.775271317829457,2009-12-13 13:31:00,2010-12-07 18:36:00,359,Medium,2,Active,0,Active,Healthy,High
,vintage blue kitchen cabinet,5605.0,19,17,329.70588235294116,2010-07-12 10:43:00,2010-11-17 10:31:00,127,Medium,22,Active,0,Active,At Risk,High
,metal merry christmas wreath,5599.78,2532,251,22.30988047808765,2010-07-18 15:45:00,2010-12-09 14:09:00,143,Medium,0,Active,0,Active,Healthy,High
,ribbon reel lace design,5596.05,2646,296,18.905574324324323,2009-12-02 16:52:00,2010-12-09 19:23:00,372,Medium,0,Active,0,Active,Healthy,High
,large heart measuring spoons,5580.84,3209,457,12.211903719912472,2009-12-01 10:06:00,2010-12-09 19:32:00,373,Medium,0,Active,0,Active,Healthy,High
85049E,scandinavian reds ribbons,5580.13,3840,474,11.772426160337552,2009-12-01 11:45:00,2010-12-09 19:23:00,373,Medium,0,Active,0,Active,Healthy,High
,hand warmer babushka design,5559.62,2592,281,19.78512455516014,2010-09-12 14:34:00,2010-12-09 19:32:00,88,Short,0,Active,0,Active,Healthy,High
,large red spot windmill,5554.92,2945,52,106.82538461538462,2009-12-09 09:42:00,2010-06-28 13:30:00,201,Medium,164,Inactive,1,Churned,Churned,High
,pack of 12 woodland tissues,5548.93,20957,298,18.620570469798658,2009-12-02 11:45:00,2010-12-09 14:09:00,372,Medium,0,Active,0,Active,Healthy,High
,gingham heart  doorstop red,5531.21,1333,395,14.00306329113924,2009-12-01 09:24:00,2010-12-09 16:27:00,373,Medium,0,Active,0,Active,Healthy,High
,red spotty plate,5523.2,3350,289,19.111418685121105,2009-12-01 11:50:00,2010-10-06 12:36:00,309,Medium,64,Inactive,1,Churned,Churned,High
,set 2 tea towels i love london,5521.08,1442,231,23.90077922077922,2010-09-24 16:06:00,2010-12-09 16:27:00,76,Short,0,Active,0,Active,Healthy,High
,kings choice mug,5516.69,4799,277,19.91584837545126,2009-12-01 11:45:00,2010-12-09 20:01:00,373,Medium,0,Active,0,Active,Healthy,High
,poppy's playhouse kitchen,5515.86,2128,342,16.128245614035087,2010-09-24 14:42:00,2010-12-09 20:01:00,76,Short,0,Active,0,Active,Healthy,High
,girls vintage tin seaside bucket,5510.63,2234,259,21.276563706563707,2009-12-13 13:31:00,2010-12-06 16:57:00,358,Medium,3,Active,0,Active,Healthy,High
,door mat union jack guns and roses,5510.39,809,230,23.95821739130435,2010-02-14 12:22:00,2010-07-29 13:43:00,165,Medium,133,Inactive,1,Churned,Churned,High
,small chinese style scissor,5503.64,17042,43,127.99162790697675,2009-12-03 16:49:00,2010-12-09 14:10:00,370,Medium,0,Active,0,Active,At Risk,High
,mini wooden happy birthday garland,5503.46,3329,314,17.526942675159237,2009-12-03 17:57:00,2010-12-08 15:59:00,369,Medium,1,Active,0,Active,Healthy,High
,calendar paper cut design,5488.58,1682,208,26.387403846153845,2010-09-19 14:51:00,2010-12-09 14:19:00,80,Short,0,Active,0,Active,Healthy,High
,glass honeypot wasp catcher,5473.82,2944,343,15.958658892128279,2009-12-01 11:57:00,2010-08-09 14:39:00,251,Medium,122,Inactive,1,Churned,Churned,High
,fairy cake candles,5459.48,4012,129,42.32155038759689,2009-12-01 10:49:00,2010-06-15 12:11:00,196,Medium,177,Inactive,1,Churned,Churned,High
,victorian  metal postcard spring,5450.81,3169,234,23.29405982905983,2009-12-02 12:13:00,2010-12-09 16:08:00,372,Medium,0,Active,0,Active,Healthy,High
,christmas lights 10 santas,5439.14,663,114,47.711754385964916,2010-10-21 10:04:00,2010-12-09 17:27:00,49,Short,0,Active,0,Active,Healthy,High
,set of 3 cases woodland design,5435.91,942,237,22.93632911392405,2009-12-01 12:52:00,2010-11-19 13:07:00,353,Medium,20,Active,0,Active,Healthy,High
,cream sweetheart magazine rack,5426.74,308,180,30.148555555555554,2009-12-01 11:51:00,2010-11-18 14:52:00,352,Medium,21,Active,0,Active,Healthy,High
,kashmir folkart tumblers,5394.54,2542,124,43.50435483870968,2009-12-01 14:28:00,2010-05-07 17:49:00,157,Medium,216,Inactive,1,Churned,Churned,High
,jumbo bag charlie and lola toys,5388.31,2691,283,19.039964664310954,2009-12-01 09:24:00,2010-12-09 16:31:00,373,Medium,0,Active,0,Active,Healthy,High
,pink floral feltcraft shoulder bag,5384.87,1427,334,16.122365269461078,2009-12-01 10:59:00,2010-12-09 20:01:00,373,Medium,0,Active,0,Active,Healthy,High
,place setting white heart,5370.4800000000005,12623,396,13.561818181818182,2009-12-01 13:07:00,2010-12-09 20:01:00,373,Medium,0,Active,0,Active,Healthy,High
,lovebird hanging decoration white,5370.13,5773,625,8.592208,2009-12-01 09:57:00,2010-12-09 14:09:00,373,Medium,0,Active,0,Active,Healthy,High
,retro sport party bag + sticker set,5370.08,3444,254,21.14204724409449,2009-12-01 09:28:00,2010-09-30 17:15:00,303,Medium,70,Inactive,1,Churned,Churned,High
85049A,traditional christmas ribbons,5365.59,3582,395,13.583772151898735,2009-12-01 11:45:00,2010-12-09 18:09:00,373,Medium,0,Active,0,Active,Healthy,High
,set of three vintage gift wraps,5365.0599999999995,2877,247,21.720890688259107,2009-12-01 09:28:00,2010-11-21 16:13:00,355,Medium,18,Active,0,Active,Healthy,High
,cake stand lace white,5361.41,1233,264,20.308371212121212,2009-12-01 11:45:00,2010-11-21 16:15:00,355,Medium,18,Active,0,Active,Healthy,High
,coffee mug pears  design,5358.16,2597,184,29.120434782608694,2009-12-01 11:45:00,2010-10-15 12:45:00,318,Medium,55,At Risk,0,Active,At Risk,High
84997D,pink 3 piece polkadot cutlery set,5356.15,1360,197,27.188578680203044,2010-09-23 13:03:00,2010-12-09 14:15:00,77,Short,0,Active,0,Active,Healthy,High
,woolly hat sock glove advent string,5341.850000000001,1737,188,28.414095744680857,2009-12-01 14:43:00,2010-11-04 14:49:00,338,Medium,35,At Risk,0,Active,At Risk,High
,paper chain kit skulls,5337.53,1997,135,39.53725925925926,2009-12-01 12:30:00,2010-12-08 12:41:00,372,Medium,1,Active,0,Active,Healthy,High
,poppy's playhouse bedroom,5331.87,2052,318,16.76688679245283,2010-09-24 14:42:00,2010-12-09 20:01:00,76,Short,0,Active,0,Active,Healthy,High
,lunch bag dolly girl design,5307.43,3331,329,16.132006079027356,2010-07-19 12:22:00,2010-12-09 14:09:00,143,Medium,0,Active,0,Active,Healthy,High
,red spotty peg bag,5282.89,2662,364,14.513434065934067,2009-12-01 13:41:00,2010-11-19 10:30:00,352,Medium,20,Active,0,Active,Healthy,High
,12 pencils small tube red spotty,5278.03,8267,368,14.342472826086956,2009-12-01 12:13:00,2010-11-02 12:37:00,336,Medium,37,At Risk,0,Active,At Risk,High
84884A,ant white wire heart spiral,5263.17,1439,250,21.05268,2009-12-01 11:37:00,2010-12-09 16:27:00,373,Medium,0,Active,0,Active,Healthy,High
,christmas gingham heart,5243.89,6220,357,14.688767507002803,2010-07-16 15:26:00,2010-12-09 15:23:00,145,Medium,0,Active,0,Active,Healthy,High
,doorstop retrospot heart,5224.41,1329,416,12.558677884615385,2010-03-11 10:26:00,2010-12-09 14:08:00,273,Medium,0,Active,0,Active,Healthy,High
,bath building block word,5215.900000000001,846,327,15.950764525993886,2009-12-01 09:06:00,2010-12-09 12:24:00,373,Medium,0,Active,0,Active,Healthy,High
,traditional wooden skipping rope,5208.15,4124,437,11.917963386727688,2009-12-01 12:55:00,2010-12-09 14:09:00,373,Medium,0,Active,0,Active,Healthy,High
,fairy tale cottage nightlight,5200.73,2807,199,26.1343216080402,2010-03-05 11:31:00,2010-12-08 14:25:00,278,Medium,1,Active,0,Active,Healthy,High
,box of 24 cocktail parasols,5187.56,11547,572,9.06916083916084,2009-12-02 10:52:00,2010-12-09 14:55:00,372,Medium,0,Active,0,Active,Healthy,High
,ribbon reel hearts design,5184.85,3157,369,14.051084010840109,2009-12-01 12:22:00,2010-12-09 19:23:00,373,Medium,0,Active,0,Active,Healthy,High
,10 colour spaceboy pen,5184.469999999999,6142,291,17.816048109965635,2010-05-06 16:21:00,2010-12-09 13:38:00,216,Medium,0,Active,0,Active,Healthy,High
,picture dominoes,5169.679999999999,3492,378,13.676402116402114,2010-03-25 13:41:00,2010-12-09 14:09:00,259,Medium,0,Active,0,Active,Healthy,High
,circus parade lunch box,5166.49,2649,279,18.517885304659497,2010-07-01 17:54:00,2010-12-09 17:27:00,160,Medium,0,Active,0,Active,Healthy,High
,retro spot lamp,5164.42,511,196,26.34908163265306,2009-12-01 09:57:00,2010-10-15 11:07:00,318,Medium,55,At Risk,0,Active,At Risk,High
,welcome  wooden block letters,5157.13,503,183,28.18103825136612,2009-12-01 14:14:00,2010-12-09 16:27:00,373,Medium,0,Active,0,Active,Healthy,High
,girls alphabet iron on patches,5139.58,24692,166,30.96132530120482,2009-12-01 10:46:00,2010-12-07 15:28:00,371,Medium,2,Active,0,Active,Healthy,High
,four hook  white lovebirds,5138.9400000000005,2491,447,11.496510067114095,2009-12-01 11:41:00,2010-12-09 16:53:00,373,Medium,0,Active,0,Active,Healthy,High
,red spots  wrap,5115.5,12700,363,14.09228650137741,2009-12-01 11:50:00,2010-11-23 12:04:00,357,Medium,16,Active,0,Active,Healthy,High
,asstd design racing car pen,5115.46,3267,144,35.524027777777775,2009-12-01 14:28:00,2010-12-09 14:10:00,372,Medium,0,Active,0,Active,Healthy,High
,red floral feltcraft shoulder bag,5070.67,1330,330,15.365666666666668,2009-12-01 12:14:00,2010-12-09 16:31:00,373,Medium,0,Active,0,Active,Healthy,High
,cake stand lovebird 2 tier white,5046.139999999999,515,185,27.27643243243243,2009-12-02 15:51:00,2010-12-01 17:35:00,364,Medium,8,Active,0,Active,Healthy,High
,pack of 60 mushroom cake cases,5035.98,9546,570,8.835052631578947,2009-12-01 11:50:00,2010-12-09 19:23:00,373,Medium,0,Active,0,Active,Healthy,High
,12 egg house painted wood,5028.13,416,120,41.90108333333333,2009-12-01 11:41:00,2010-12-09 14:09:00,373,Medium,0,Active,0,Active,Healthy,High
,aged glass silver t-light holder,5027.41,7689,324,15.516697530864198,2009-12-01 11:37:00,2010-12-09 14:19:00,373,Medium,0,Active,0,Active,Healthy,High
,ceramic bowl with strawberry design,5024.01,1732,237,21.198354430379748,2009-12-01 10:49:00,2010-12-08 13:11:00,372,Medium,1,Active,0,Active,Healthy,High
72351A,set/6 turquoise butterfly t-lights,5015.09,2507,269,18.643457249070632,2009-12-02 15:10:00,2010-12-09 14:08:00,371,Medium,0,Active,0,Active,Healthy,High
,vintage red kitchen cabinet,5015.0,17,16,313.4375,2010-07-12 10:43:00,2010-12-02 18:06:00,143,Medium,7,Active,0,Active,At Risk,High
,cardholder holly wreath metal,5014.71,1341,178,28.172528089887642,2010-07-27 09:05:00,2010-12-09 14:08:00,135,Medium,0,Active,0,Active,Healthy,High
,photo cube,5014.62,2205,264,18.99477272727273,2009-12-01 12:13:00,2010-12-09 17:27:00,373,Medium,0,Active,0,Active,Healthy,High
,cosy hour giant tube matches,5007.3,2006,249,20.10963855421687,2009-12-01 11:45:00,2010-12-09 14:08:00,373,Medium,0,Active,0,Active,Healthy,High
,wheelbarrow for children,4994.9,420,129,38.720155038759685,2010-03-26 13:05:00,2010-12-09 14:09:00,258,Medium,0,Active,0,Active,Healthy,High
,ceramic cake bowl + hanging cakes,4988.25,1753,263,18.966730038022813,2009-12-01 10:49:00,2010-12-09 14:09:00,373,Medium,0,Active,0,Active,Healthy,High
,english rose design peg bag,4983.0199999999995,2384,410,12.15370731707317,2009-12-01 12:30:00,2010-08-22 13:41:00,264,Medium,109,Inactive,1,Churned,Churned,High
,washroom metal sign,4970.84,4024,441,11.271746031746032,2009-12-02 12:06:00,2010-12-09 12:24:00,372,Medium,0,Active,0,Active,Healthy,High
82001S,vinyl record frame silver,4919.52,1377,110,44.72290909090909,2009-12-01 09:50:00,2010-12-09 13:34:00,373,Medium,0,Active,0,Active,Healthy,High
85014B,red retrospot umbrella,4913.83,844,162,30.332283950617285,2010-09-26 14:43:00,2010-12-09 16:27:00,74,Short,0,Active,0,Active,Healthy,High
,"hook, 5 hanger ,magic toadstool red",4908.799999999999,3152,175,28.05028571428571,2009-12-13 12:36:00,2010-11-08 10:07:00,329,Medium,31,At Risk,0,Active,At Risk,High
,love garland painted zinc,4897.78,3028,165,29.68351515151515,2009-12-02 13:51:00,2010-12-09 14:09:00,372,Medium,0,Active,0,Active,Healthy,High
,frying pan red polkadot,4885.89,1210,188,25.98877659574468,2009-12-01 10:06:00,2010-11-23 12:04:00,357,Medium,16,Active,0,Active,Healthy,High
,rose caravan doorstop,4884.14,695,276,17.696159420289856,2009-12-01 12:32:00,2010-12-09 13:03:00,373,Medium,0,Active,0,Active,Healthy,High
,red retrospot butter dish,4882.67,933,314,15.549904458598727,2010-03-31 17:28:00,2010-12-09 16:10:00,252,Medium,0,Active,0,Active,Healthy,High
,hand warmer red polka dot,4876.2,2592,46,106.00434782608696,2010-09-20 15:33:00,2010-12-03 10:26:00,73,Short,6,Active,0,Active,At Risk,High
,skulls party bag + sticker set,4873.9,3145,237,20.564978902953584,2009-12-03 12:28:00,2010-12-09 14:56:00,371,Medium,0,Active,0,Active,Healthy,High
,white lovebird lantern,4870.14,1569,248,19.637661290322583,2009-12-01 14:28:00,2010-12-09 16:08:00,373,Medium,0,Active,0,Active,Healthy,High
,big doughnut fridge magnets,4842.87,4695,342,14.160438596491227,2009-12-01 12:18:00,2010-12-09 16:31:00,373,Medium,0,Active,0,Active,Healthy,High
,asstd design bubble gum ring,4824.3,22936,476,10.135084033613445,2009-12-01 11:58:00,2010-12-06 16:57:00,370,Medium,3,Active,0,Active,Healthy,High
,wooden regatta bunting,4823.650000000001,815,233,20.70236051502146,2010-02-03 13:09:00,2010-12-07 11:59:00,306,Medium,2,Active,0,Active,Healthy,High
,"hook, 5 hanger , magic toadstool",4795.95,2982,258,18.58895348837209,2009-12-10 18:36:00,2010-11-08 10:07:00,332,Medium,31,At Risk,0,Active,At Risk,High
,red spotty childs umbrella,4791.04,1483,247,19.396923076923077,2009-12-01 11:50:00,2010-10-27 13:29:00,330,Medium,43,At Risk,0,Active,At Risk,High
,polkadot pen,4775.469999999999,5490,118,40.470084745762705,2010-10-04 11:44:00,2010-12-09 14:19:00,66,Short,0,Active,0,Active,Healthy,High
,pack of 12 london tissues,4771.25,13987,342,13.951023391812866,2010-05-06 11:50:00,2010-12-09 14:09:00,217,Medium,0,Active,0,Active,Healthy,High
,piggy bank retrospot,4771.15,1851,293,16.283788395904434,2010-05-20 10:42:00,2010-12-09 15:23:00,203,Medium,0,Active,0,Active,Healthy,High
15060B,fairy cake design umbrella,4764.22,988,332,14.350060240963856,2009-12-03 13:32:00,2010-12-09 17:27:00,371,Medium,0,Active,0,Active,Healthy,High
,bottle bag retrospot,4759.95,2291,231,20.605844155844157,2010-01-26 11:33:00,2010-12-07 15:59:00,315,Medium,2,Active,0,Active,Healthy,High
,ceramic cake design spotted mug,4724.88,3168,347,13.616368876080692,2009-12-01 14:19:00,2010-12-08 13:21:00,371,Medium,1,Active,0,Active,Healthy,High
,door mat bird on the wire,4691.77,673,204,22.99887254901961,2009-12-01 13:29:00,2010-07-07 11:17:00,217,Medium,155,Inactive,1,Churned,Churned,High
,christmas metal tags assorted,4687.77,4836,187,25.068288770053478,2010-09-19 11:25:00,2010-12-09 14:09:00,81,Short,0,Active,0,Active,Healthy,High
,red spotty childs apron,4678.23,2506,296,15.80483108108108,2009-12-01 13:16:00,2010-07-25 11:37:00,235,Medium,137,Inactive,1,Churned,Churned,High
,recipe box blue sketchbook design,4651.650000000001,1508,369,12.606097560975611,2010-07-11 12:00:00,2010-12-09 14:09:00,151,Medium,0,Active,0,Active,Healthy,High
84997B,red 3 piece retrospot cutlery set,4646.46,1085,189,24.584444444444443,2010-09-24 12:05:00,2010-12-09 14:09:00,76,Short,0,Active,0,Active,Healthy,High
,pink  spotty plate,4645.09,2872,240,19.354541666666666,2009-12-01 13:41:00,2010-10-04 11:16:00,306,Medium,66,Inactive,1,Churned,Churned,High
,red spotty apron,4638.110000000001,794,204,22.735833333333336,2009-12-01 14:40:00,2010-10-06 12:36:00,308,Medium,64,Inactive,1,Churned,Churned,High
,doormat multicolour stripe,4628.76,867,62,74.65741935483871,2010-07-01 08:57:00,2010-12-09 16:31:00,161,Medium,0,Active,0,Active,At Risk,High
,doormat friendship,4615.91,828,80,57.698875,2010-06-30 12:17:00,2010-12-07 15:31:00,160,Medium,2,Active,0,Active,At Risk,High
,large cake stand hanging hearts,4600.26,504,125,36.802080000000004,2009-12-04 09:43:00,2010-12-02 18:08:00,363,Medium,7,Active,0,Active,Healthy,High
,skull lunch box with cutlery,4598.83,1815,310,14.834935483870968,2010-05-14 11:50:00,2010-12-09 16:35:00,209,Medium,0,Active,0,Active,Healthy,High
84997C,blue 3 piece polkadot cutlery set,4591.29,1168,165,27.826,2010-09-23 13:03:00,2010-12-08 15:56:00,76,Short,1,Active,0,Active,Healthy,High
,sweetheart cakestand 3 tier,4590.4,472,167,27.487425149700595,2010-10-17 11:20:00,2010-12-09 16:31:00,53,Short,0,Active,0,Active,Healthy,High
,brown check cat doorstop,4580.9800000000005,1024,327,14.009113149847096,2009-12-01 12:14:00,2010-12-09 14:09:00,373,Medium,0,Active,0,Active,Healthy,High
,pack of 20 skull paper napkins,4578.73,6162,323,14.1756346749226,2009-12-01 09:08:00,2010-12-09 20:01:00,373,Medium,0,Active,0,Active,Healthy,High
,s/4 cacti candles,4563.96,908,213,21.427042253521126,2009-12-01 13:47:00,2010-12-09 09:23:00,372,Medium,0,Active,0,Active,Healthy,High
85184D,s/4 blue round decoupage boxes,4552.69,8312,67,67.95059701492536,2009-12-01 14:28:00,2010-09-27 16:30:00,300,Medium,73,Inactive,1,Churned,Churned,High
,cream slice flannel pink spot,4550.24,1551,231,19.698008658008657,2009-12-02 09:21:00,2010-12-09 16:31:00,372,Medium,0,Active,0,Active,Healthy,High
,enamel measuring jug cream,4549.21,1071,269,16.911561338289964,2010-03-18 13:00:00,2010-12-09 15:50:00,266,Medium,0,Active,0,Active,Healthy,High
,feltcraft princess lola doll,4543.39,1213,260,17.474576923076924,2010-09-06 12:04:00,2010-12-09 20:01:00,94,Short,0,Active,0,Active,Healthy,High
,4 traditional spinning tops,4542.84,3459,383,11.861201044386423,2010-05-09 16:10:00,2010-12-09 14:49:00,213,Medium,0,Active,0,Active,Healthy,High
,glass jar digestive biscuits,4529.78,1448,186,24.353655913978493,2010-03-15 17:29:00,2010-12-09 16:26:00,268,Medium,0,Active,0,Active,Healthy,High
,ribbon reel snowy village,4518.22,2442,254,17.788267716535433,2010-09-16 12:20:00,2010-12-09 16:57:00,84,Short,0,Active,0,Active,Healthy,High
,"diamante heart shaped wall mirror,",4516.02,576,132,34.21227272727273,2009-12-01 14:44:00,2010-12-09 14:09:00,372,Medium,0,Active,0,Active,Healthy,High
,man flu metal sign,4511.26,2308,243,18.56485596707819,2009-12-03 14:39:00,2010-12-09 16:52:00,371,Medium,0,Active,0,Active,Healthy,High
,tea time teapot in gift box,4509.04,507,154,29.27948051948052,2009-12-01 12:33:00,2010-12-09 16:27:00,373,Medium,0,Active,0,Active,Healthy,High
,cacti t-light candles,4495.88,10521,307,14.644560260586319,2009-12-01 13:47:00,2010-12-08 16:45:00,372,Medium,1,Active,0,Active,Healthy,High
,doormat welcome to our home,4485.78,620,167,26.860958083832333,2010-06-28 13:53:00,2010-12-07 15:31:00,162,Medium,2,Active,0,Active,Healthy,High
,jumbo bag dolly girl design,4476.63,2372,247,18.12400809716599,2010-07-19 12:22:00,2010-12-09 16:26:00,143,Medium,0,Active,0,Active,Healthy,High
,kings choice giant tube matches,4464.0,1914,179,24.93854748603352,2009-12-01 09:46:00,2010-12-08 15:17:00,372,Medium,1,Active,0,Active,Healthy,High
,fanny's rest stopmetal sign,4459.39,2063,389,11.463727506426736,2009-12-02 14:36:00,2010-12-09 19:32:00,372,Medium,0,Active,0,Active,Healthy,High
,glass jar english confectionery,4431.28,1517,222,19.96072072072072,2010-03-15 09:28:00,2010-12-08 12:06:00,268,Medium,1,Active,0,Active,Healthy,High
,willow branch lights.,4423.69,725,79,55.99607594936708,2009-12-01 11:45:00,2010-04-20 10:35:00,139,Medium,233,Inactive,1,Churned,Churned,High
,doormat neighbourhood witch,4419.59,818,78,56.66141025641026,2010-01-10 11:47:00,2010-12-09 16:26:00,333,Medium,0,Active,0,Active,At Risk,High
,ceramic cherry cake money bank,4414.0199999999995,2846,355,12.433859154929577,2010-05-14 15:41:00,2010-12-09 13:03:00,208,Medium,0,Active,0,Active,Healthy,High
,childs apron spaceboy design,4412.87,2325,310,14.235064516129032,2010-01-10 11:08:00,2010-08-04 10:02:00,205,Medium,127,Inactive,1,Churned,Churned,High
,red retrospot storage jar,4397.7,1102,257,17.11167315175097,2010-04-07 12:09:00,2010-12-09 16:10:00,246,Medium,0,Active,0,Active,Healthy,High
,wooden advent calendar red,4397.61,280,84,52.3525,2010-09-16 12:27:00,2010-12-07 15:34:00,82,Short,2,Active,0,Active,At Risk,High
,set of 12 rose botanical t-lights,4384.88,1576,185,23.702054054054056,2009-12-02 12:13:00,2010-11-29 09:38:00,361,Medium,10,Active,0,Active,Healthy,High
,retro spot small milk jug,4380.61,1719,297,14.749528619528618,2009-12-01 11:50:00,2010-06-14 14:06:00,195,Medium,178,Inactive,1,Churned,Churned,High
,fancy font home sweet home doormat,4378.65,663,164,26.699085365853655,2009-12-01 07:45:00,2010-03-10 12:39:00,99,Short,274,Inactive,1,Churned,Churned,High
,hanging metal star lantern,4357.86,2588,279,15.619569892473118,2010-03-04 14:45:00,2010-12-09 14:09:00,279,Medium,0,Active,0,Active,Healthy,High
,flamingo lights,4357.38,928,151,28.85682119205298,2009-12-02 12:06:00,2010-09-22 15:12:00,294,Medium,78,Inactive,1,Churned,Churned,High
,12 pencils small tube skull,4356.11,6565,495,8.80022222222222,2009-12-01 12:47:00,2010-12-09 14:56:00,373,Medium,0,Active,0,Active,Healthy,High
,pink spotty bowl,4348.93,3567,349,12.46111747851003,2009-12-01 11:45:00,2010-10-11 09:44:00,313,Medium,59,At Risk,0,Active,At Risk,High
,organiser wood antique white,4347.13,525,242,17.963347107438018,2010-01-17 14:56:00,2010-12-09 16:08:00,326,Medium,0,Active,0,Active,Healthy,High
,retro spot mug,4343.01,1481,154,28.201363636363638,2009-12-01 11:50:00,2010-06-14 14:06:00,195,Medium,178,Inactive,1,Churned,Churned,High
,union stripe with fringe  hammock,4329.610000000001,552,185,23.4032972972973,2010-04-11 10:16:00,2010-12-06 10:08:00,238,Medium,3,Active,0,Active,Healthy,High
85232B,set of 3 babushka stacking tins,4304.57,849,172,25.02656976744186,2010-08-12 12:25:00,2010-12-09 19:32:00,119,Medium,0,Active,0,Active,Healthy,High
,vintage union jack apron,4295.36,600,177,24.267570621468924,2009-12-01 13:29:00,2010-12-09 16:27:00,373,Medium,0,Active,0,Active,Healthy,High
,bird house hot water bottle,4294.7300000000005,1554,256,16.776289062500002,2009-12-01 12:22:00,2010-12-09 19:32:00,373,Medium,0,Active,0,Active,Healthy,High
,red spotty tablecloth,4294.6900000000005,393,139,30.897050359712235,2009-12-01 14:47:00,2010-09-22 15:17:00,295,Medium,78,Inactive,1,Churned,Churned,High
,gin and tonic mug,4283.16,3493,347,12.343400576368875,2009-12-02 14:34:00,2010-12-09 16:35:00,372,Medium,0,Active,0,Active,Healthy,High
,strawberry shopper bag,4272.75,3482,357,11.968487394957982,2009-12-04 10:57:00,2010-12-09 14:09:00,370,Medium,0,Active,0,Active,Healthy,High
16156S,wrap pink fairy cakes,4269.62,10961,256,16.678203125,2009-12-01 18:35:00,2010-12-08 12:41:00,371,Medium,1,Active,0,Active,Healthy,High
,red baby bunting,4264.62,1306,221,19.296923076923076,2010-07-06 14:46:00,2010-12-09 14:09:00,155,Medium,0,Active,0,Active,Healthy,High
,wash bag vintage rose paisley,4258.67,1660,300,14.195566666666666,2009-12-01 11:37:00,2010-12-09 16:08:00,373,Medium,0,Active,0,Active,Healthy,High
,pink baby bunting,4255.54,1414,240,17.731416666666668,2010-07-07 16:29:00,2010-12-09 16:27:00,154,Medium,0,Active,0,Active,Healthy,High
,red retrospot sugar jam bowl,4254.46,1703,346,12.296127167630058,2010-03-31 13:15:00,2010-12-09 13:57:00,253,Medium,0,Active,0,Active,Healthy,High
,36 pencils tube red spotty,4252.11,3395,275,15.46221818181818,2009-12-01 12:47:00,2010-10-28 14:43:00,331,Medium,42,At Risk,0,Active,At Risk,High
,chocolate calculator,4230.89,2477,277,15.273971119133575,2009-12-01 11:45:00,2010-12-09 16:31:00,373,Medium,0,Active,0,Active,Healthy,High
,red retrospot round cake tins,4225.0,380,149,28.355704697986578,2010-09-24 15:30:00,2010-12-09 16:27:00,76,Short,0,Active,0,Active,Healthy,High
,pink vintage paisley picnic bag,4203.97,1467,223,18.85188340807175,2009-12-02 11:53:00,2010-12-09 16:10:00,372,Medium,0,Active,0,Active,Healthy,High
,novelty biscuits cake stand 3 tier,4203.95,447,106,39.659905660377355,2010-10-14 17:13:00,2010-12-09 16:31:00,55,Short,0,Active,0,Active,At Risk,High
,sweetheart cream steel foldin bench,4189.5,210,94,44.569148936170215,2010-01-21 14:30:00,2010-09-12 11:29:00,233,Medium,88,Inactive,1,Churned,Churned,High
,alarm clock bakelike pink,4186.37,1005,220,19.028954545454546,2010-09-24 13:04:00,2010-12-09 14:27:00,76,Short,0,Active,0,Active,Healthy,High
,fairy cake birthday candle set,4185.36,1140,243,17.223703703703702,2009-12-04 09:43:00,2010-12-09 11:30:00,370,Medium,0,Active,0,Active,Healthy,High
,lunch box with cutlery fairy cakes,4167.21,1529,274,15.208795620437956,2010-03-31 17:28:00,2010-12-07 11:48:00,250,Medium,2,Active,0,Active,Healthy,High
,dairy maid traditional teapot,4163.95,689,150,27.759666666666664,2009-12-01 13:29:00,2010-12-07 13:01:00,370,Medium,2,Active,0,Active,Healthy,High
,save the planet cotton tote bag,4160.72,1872,302,13.777218543046358,2009-12-01 12:13:00,2010-12-09 14:09:00,373,Medium,0,Active,0,Active,Healthy,High
,mirrored disco ball,4158.71,721,172,24.178546511627907,2009-12-01 13:19:00,2010-12-08 10:51:00,371,Medium,1,Active,0,Active,Healthy,High
,grow your own herbs set of 3,4153.66,534,184,22.574239130434783,2010-03-23 12:18:00,2010-12-09 14:09:00,261,Medium,0,Active,0,Active,Healthy,High
,retro spots butter dish,4142.87,868,174,23.809597701149425,2009-12-01 11:50:00,2010-09-20 12:01:00,293,Medium,80,Inactive,1,Churned,Churned,High
,kings choice cigar box matches,4141.28,3448,286,14.479999999999999,2009-12-01 09:46:00,2010-11-10 15:16:00,344,Medium,29,Active,0,Active,Healthy,High
,childrens apron spaceboy design,4139.46,2081,321,12.895514018691589,2010-07-16 14:23:00,2010-12-09 20:01:00,146,Medium,0,Active,0,Active,Healthy,High
,cosy hour cigar box matches,4139.4400000000005,2710,232,17.84241379310345,2009-12-01 11:57:00,2010-12-09 20:01:00,373,Medium,0,Active,0,Active,Healthy,High
,red heart shape love bucket,4122.76,1405,209,19.726124401913875,2009-12-02 14:43:00,2010-12-08 14:25:00,370,Medium,1,Active,0,Active,Healthy,High
,airline bag vintage tokyo 78,4106.19,789,318,12.912547169811319,2010-02-12 15:38:00,2010-12-09 17:27:00,300,Medium,0,Active,0,Active,Healthy,High
18098C,porcelain butterfly oil burner,4100.5,1320,328,12.501524390243903,2009-12-01 14:45:00,2010-12-09 16:31:00,373,Medium,0,Active,0,Active,Healthy,High
,rose cottage keepsake box,4100.28,400,142,28.875211267605632,2010-10-29 10:28:00,2010-12-09 14:44:00,41,Short,0,Active,0,Active,Healthy,High
47559B,tea time oven glove,4096.57,3212,450,9.103488888888888,2009-12-08 11:22:00,2010-12-08 16:45:00,365,Medium,1,Active,0,Active,Healthy,High
,blue diner wall clock,4085.4700000000003,490,190,21.50247368421053,2009-12-01 17:31:00,2010-12-09 18:09:00,373,Medium,0,Active,0,Active,Healthy,High
,set of 6 t-lights santa,4081.2000000000003,1392,193,21.146113989637307,2010-09-20 12:21:00,2010-12-09 14:55:00,80,Short,0,Active,0,Active,Healthy,High
,alarm clock bakelike ivory,4080.64,983,209,19.524593301435406,2010-09-24 12:05:00,2010-12-09 14:27:00,76,Short,0,Active,0,Active,Healthy,High
,pearl crystal pumpkin t-light hldr,4080.0499999999997,2509,189,21.587566137566135,2009-12-10 14:46:00,2010-12-07 18:36:00,362,Medium,2,Active,0,Active,Healthy,High
,funky washing up gloves assorted,4061.56,1904,287,14.15177700348432,2009-12-01 10:52:00,2010-12-09 12:17:00,373,Medium,0,Active,0,Active,Healthy,High
84971S,small heart flowers hook,4055.0299999999997,4832,299,13.561973244147156,2009-12-02 14:36:00,2010-12-09 14:09:00,371,Medium,0,Active,0,Active,Healthy,High
,home small wood letters,4051.59,767,289,14.019342560553634,2010-01-05 14:32:00,2010-12-09 16:27:00,338,Medium,0,Active,0,Active,Healthy,High
,milk pan red retrospot,4050.61,1013,254,15.94728346456693,2009-12-01 12:02:00,2010-12-09 16:26:00,373,Medium,0,Active,0,Active,Healthy,High
,owl doorstop,4042.48,706,307,13.167687296416938,2009-12-01 14:28:00,2010-12-09 16:31:00,373,Medium,0,Active,0,Active,Healthy,High
,frying pan pink polkadot,4039.16,914,222,18.194414414414414,2009-12-01 14:56:00,2010-12-08 15:56:00,372,Medium,1,Active,0,Active,Healthy,High
,heart decoration painted zinc,4038.4700000000003,6360,296,13.64347972972973,2009-12-01 11:34:00,2010-12-09 14:55:00,373,Medium,0,Active,0,Active,Healthy,High
,slate tile natural hanging,4033.39,2450,306,13.181013071895425,2009-12-01 12:13:00,2010-12-07 13:20:00,371,Medium,2,Active,0,Active,Healthy,High
,20 dolly pegs retrospot,4025.52,3336,301,13.373820598006644,2010-03-26 13:13:00,2010-12-09 18:09:00,258,Medium,0,Active,0,Active,Healthy,High
,set of 6 t-lights snowmen,4019.8500000000004,1351,190,21.157105263157895,2010-09-20 12:21:00,2010-12-09 14:08:00,80,Short,0,Active,0,Active,Healthy,High
,colouring pencils brown tube,4019.71,3682,269,14.943159851301115,2009-12-01 11:45:00,2010-12-09 14:09:00,373,Medium,0,Active,0,Active,Healthy,High
,large cake towel pink spots,4008.38,546,202,19.843465346534654,2009-12-01 14:28:00,2010-12-09 14:09:00,372,Medium,0,Active,0,Active,Healthy,High
,peace wooden block letters,4003.6,579,245,16.341224489795916,2009-12-01 09:06:00,2010-12-09 13:59:00,373,Medium,0,Active,0,Active,Healthy,High
,red spotty cup,3999.45,4746,434,9.21532258064516,2009-12-01 11:45:00,2010-11-04 17:18:00,338,Medium,35,At Risk,0,Active,At Risk,High
47599B,blue party bags,3997.7200000000003,2087,173,23.10820809248555,2010-01-11 09:53:00,2010-12-09 12:17:00,332,Medium,0,Active,0,Active,Healthy,High
35004B,set of 3 black flying ducks,3997.34,923,168,23.793690476190477,2009-12-01 09:06:00,2010-12-08 10:51:00,372,Medium,1,Active,0,Active,Healthy,High
,union jack guns & roses  doormat,3987.11,765,102,39.0893137254902,2009-12-01 09:46:00,2010-01-17 12:26:00,47,Short,326,Inactive,1,Churned,Churned,High
,pack of 6 skull paper plates,3985.08,5533,226,17.633097345132743,2009-12-06 13:07:00,2010-12-05 12:13:00,363,Medium,4,Active,0,Active,Healthy,High
,tea cosy vintage union jack,3984.99,1001,109,36.559541284403664,2010-03-28 11:30:00,2010-09-28 12:44:00,184,Medium,72,Inactive,1,Churned,Churned,High
,retrospot padded seat cushion,3983.4,1032,144,27.6625,2010-04-08 11:36:00,2010-12-08 14:22:00,244,Medium,1,Active,0,Active,Healthy,High
,red diner wall clock,3980.4100000000003,471,169,23.552721893491125,2009-12-01 14:56:00,2010-12-09 18:09:00,373,Medium,0,Active,0,Active,Healthy,High
,"hook, 3 hanger ,magic garden",3979.2,2028,208,19.13076923076923,2009-12-09 11:58:00,2010-11-08 10:07:00,333,Medium,31,At Risk,0,Active,At Risk,High
,spotty  home sweet home doormat,3978.34,666,120,33.152833333333334,2009-12-01 13:29:00,2010-02-08 09:38:00,68,Short,304,Inactive,1,Churned,Churned,High
,ivy heart wreath,3970.23,547,166,23.917048192771084,2009-12-01 14:50:00,2010-12-06 11:37:00,369,Medium,3,Active,0,Active,Healthy,High
,hall cabinet with 3 drawers,3963.64,117,10,396.364,2010-11-04 18:40:00,2010-12-07 16:43:00,32,Short,2,Active,0,Active,At Risk,High
,charlotte bag pink with white spots,3959.52,4345,321,12.334953271028038,2010-05-14 16:33:00,2010-10-29 15:04:00,167,Medium,41,At Risk,0,Active,At Risk,High
,union jack hot water bottle,3949.23,640,180,21.940166666666666,2009-12-01 10:06:00,2010-03-11 14:15:00,100,Short,273,Inactive,1,Churned,Churned,High
,skull and crossbones  garland,3942.39,2550,153,25.767254901960783,2009-12-03 14:39:00,2010-12-05 12:13:00,366,Medium,4,Active,0,Active,Healthy,High
,garden metal sign,3917.48,2452,322,12.16608695652174,2009-12-01 13:29:00,2010-12-08 14:25:00,372,Medium,1,Active,0,Active,Healthy,High
,skull shoulder bag,3914.44,2222,326,12.007484662576687,2009-12-01 12:13:00,2010-12-09 14:15:00,373,Medium,0,Active,0,Active,Healthy,High
,"mirror, arched georgian",3884.0,200,1,3884.0,2010-10-14 09:46:00,2010-10-14 09:46:00,0,Short,56,At Risk,0,Active,At Risk,High
,6 chocolate love heart t-lights,3869.58,1836,254,15.234566929133859,2009-12-01 12:57:00,2010-12-09 14:09:00,373,Medium,0,Active,0,Active,Healthy,High
,please one person  metal sign,3868.07,1867,178,21.730730337078654,2009-12-01 09:06:00,2010-04-20 10:19:00,140,Medium,233,Inactive,1,Churned,Churned,High
,green christmas tree card holder,3867.82,892,193,20.040518134715025,2009-12-01 14:14:00,2010-12-09 16:35:00,373,Medium,0,Active,0,Active,Healthy,High
,blue  spotty plate,3859.6299999999997,2404,204,18.919754901960783,2009-12-01 11:34:00,2010-10-04 11:16:00,306,Medium,66,Inactive,1,Churned,Churned,High
,vintage billboard drink me mug,3841.17,3459,325,11.818984615384615,2009-12-01 12:13:00,2010-12-09 15:50:00,373,Medium,0,Active,0,Active,Healthy,High
,bread bin diner style ivory,3818.0,241,107,35.6822429906542,2010-10-14 13:35:00,2010-12-09 12:05:00,55,Short,0,Active,0,Active,At Risk,High
,boys alphabet iron on patches,3814.42,18824,122,31.265737704918035,2009-12-01 10:46:00,2010-12-08 14:25:00,372,Medium,1,Active,0,Active,Healthy,High
,"charlotte bag , suki design",3796.59,4417,341,11.133695014662758,2009-12-01 12:13:00,2010-06-16 11:52:00,196,Medium,176,Inactive,1,Churned,Churned,High
,traditional knitting nancy,3793.41,2616,276,13.744239130434782,2010-05-06 18:01:00,2010-12-09 15:20:00,216,Medium,0,Active,0,Active,Healthy,High
,picnic boxes set of 3 retrospot,3787.57,783,163,23.236625766871168,2010-07-01 11:59:00,2010-12-08 14:25:00,160,Medium,1,Active,0,Active,Healthy,High
,flag of st george car flag,3779.51,18973,60,62.99183333333334,2009-12-07 18:02:00,2010-07-26 13:41:00,230,Medium,136,Inactive,1,Churned,Churned,High
,red spotty oven glove,3778.37,2816,339,11.145634218289086,2009-12-01 14:28:00,2010-10-17 13:30:00,319,Medium,53,At Risk,0,Active,At Risk,High
,antique glass heart decoration,3776.6499999999996,1918,161,23.457453416149065,2009-12-01 11:45:00,2010-12-09 12:49:00,373,Medium,0,Active,0,Active,Healthy,High
85132A,charlie + lola biscuits tins,3773.3,818,151,24.988741721854307,2009-12-01 09:24:00,2010-12-09 16:27:00,373,Medium,0,Active,0,Active,Healthy,High
,red retrospot tea cup and saucer,3771.0,915,222,16.986486486486488,2010-04-07 12:09:00,2010-12-09 19:28:00,246,Medium,0,Active,0,Active,Healthy,High
,36 doilies vintage christmas,3763.69,2680,165,22.810242424242425,2010-09-19 13:02:00,2010-11-16 18:18:00,58,Short,23,Active,0,Active,Healthy,High
,metal sign empire tea,3756.86,1361,280,13.417357142857144,2009-12-01 11:45:00,2010-12-09 14:09:00,373,Medium,0,Active,0,Active,Healthy,High
,paint your own canvas set,3752.25,2349,206,18.214805825242717,2010-05-07 09:04:00,2010-12-08 15:56:00,215,Medium,1,Active,0,Active,Healthy,High
,glamorous  mug,3749.76,3826,194,19.328659793814435,2009-12-02 14:34:00,2010-12-09 14:15:00,371,Medium,0,Active,0,Active,Healthy,High
,"charlotte bag , pink/white spots",3740.38,4454,360,10.389944444444446,2009-12-01 10:06:00,2010-06-07 09:37:00,187,Medium,185,Inactive,1,Churned,Churned,High
,set of 3 blue stripe basket,3734.9399999999996,441,80,46.686749999999996,2009-12-01 15:36:00,2010-08-11 11:58:00,252,Medium,120,Inactive,1,Churned,Churned,High
,pack of 6 sweetie gift boxes,3731.36,1479,202,18.472079207920792,2010-03-10 12:51:00,2010-12-08 12:46:00,272,Medium,1,Active,0,Active,Healthy,High
,red spotty oven glove double,3715.23,1284,173,21.475317919075145,2009-12-01 09:50:00,2010-10-19 12:14:00,322,Medium,51,At Risk,0,Active,At Risk,High
,glass star frosted t-light holder,3714.46,752,191,19.44743455497382,2009-12-01 12:13:00,2010-12-09 12:49:00,373,Medium,0,Active,0,Active,Healthy,High
,utilty cabinet with hooks,3713.76,178,16,232.11,2010-10-22 12:26:00,2010-12-09 13:44:00,48,Short,0,Active,0,Active,At Risk,High
15044B,blue paper parasol,3709.11,1352,132,28.099318181818184,2009-12-01 17:45:00,2010-12-06 16:57:00,369,Medium,3,Active,0,Active,Healthy,High
,12 pencil small tube woodland,3707.85,5550,325,11.40876923076923,2010-03-17 12:19:00,2010-12-09 14:09:00,267,Medium,0,Active,0,Active,Healthy,High
,tv dinner tray dolly girl,3699.43,795,151,24.499536423841057,2010-03-08 16:53:00,2010-12-09 10:04:00,275,Medium,0,Active,0,Active,Healthy,High
,floral elephant soft toy,3682.76,908,139,26.494676258992808,2009-12-01 12:18:00,2010-09-08 15:30:00,281,Medium,92,Inactive,1,Churned,Churned,High
,party cones carnival assorted,3678.23,3088,135,27.246148148148148,2009-12-01 11:45:00,2010-12-06 11:03:00,369,Medium,3,Active,0,Active,Healthy,High
,homemade jam scented candles,3670.7,2555,107,34.305607476635515,2010-11-21 11:28:00,2010-12-09 15:33:00,18,Short,0,Active,0,Active,At Risk,High
,set/20 strawberry paper napkins,3669.6,4458,434,8.455299539170507,2009-12-02 11:34:00,2010-12-08 14:25:00,371,Medium,1,Active,0,Active,Healthy,High
,ribbon reel spots design,3668.58,2211,277,13.243971119133574,2009-12-01 11:41:00,2010-11-22 14:36:00,356,Medium,17,Active,0,Active,Healthy,High
,retro spot  cigar box matches,3652.0,3104,190,19.221052631578946,2009-12-01 10:06:00,2010-11-08 11:49:00,342,Medium,31,At Risk,0,Active,At Risk,High
,charlie and lola charlotte bag,3650.37,2481,247,14.778825910931173,2009-12-01 09:24:00,2010-12-09 16:31:00,373,Medium,0,Active,0,Active,Healthy,High
,pink heart dots hot water bottle,3638.67,1116,294,12.376428571428571,2009-12-01 12:14:00,2010-12-07 18:36:00,371,Medium,2,Active,0,Active,Healthy,High
,ladybird + bee raffia food cover,3635.16,942,252,14.425238095238095,2009-12-01 11:17:00,2010-12-09 11:28:00,373,Medium,0,Active,0,Active,Healthy,High
85040B,set/4 blue flower candles in bowl,3634.35,2335,222,16.370945945945945,2009-12-01 12:18:00,2010-12-09 14:19:00,373,Medium,0,Active,0,Active,Healthy,High
85061W,white jewelled heart decoration,3633.8599999999997,4234,310,11.722129032258064,2009-12-01 12:30:00,2010-12-06 10:08:00,369,Medium,3,Active,0,Active,Healthy,High
,magic drawing slate spaceboy,3631.82,8435,337,10.776913946587538,2010-03-28 13:10:00,2010-12-09 14:09:00,256,Medium,0,Active,0,Active,Healthy,High
,happy stencil craft,3630.6800000000003,3162,264,13.752575757575759,2010-03-24 13:15:00,2010-12-09 14:19:00,260,Medium,0,Active,0,Active,Healthy,High
,spaceboy birthday card,3628.96,8815,522,6.952030651340996,2010-01-14 16:24:00,2010-12-09 10:04:00,328,Medium,0,Active,0,Active,Healthy,High
,laundry 15c metal sign,3619.5099999999998,2771,415,8.721710843373494,2009-12-01 11:21:00,2010-12-09 16:31:00,373,Medium,0,Active,0,Active,Healthy,High
,holiday fun ludo,3618.57,924,223,16.22677130044843,2010-03-25 13:41:00,2010-12-09 20:01:00,259,Medium,0,Active,0,Active,Healthy,High
,fancy fonts birthday wrap,3600.5,9025,258,13.955426356589147,2009-12-01 14:40:00,2010-12-06 11:26:00,369,Medium,3,Active,0,Active,Healthy,High
,grow your own basil in enamel mug,3598.4,1671,271,13.278228782287822,2010-03-23 11:13:00,2010-12-09 16:26:00,261,Medium,0,Active,0,Active,Healthy,High
,lunchbox with cutlery fairy cakes,3597.68,1451,196,18.355510204081632,2009-12-01 07:46:00,2010-06-14 14:06:00,195,Medium,178,Inactive,1,Churned,Churned,High
,grow your own flowers set of 3,3595.57,579,100,35.9557,2010-03-23 12:41:00,2010-12-08 13:53:00,260,Medium,1,Active,0,Active,At Risk,High
,poppy's playhouse livingroom,3595.08,1519,261,13.774252873563219,2010-09-24 16:50:00,2010-12-09 13:59:00,75,Short,0,Active,0,Active,Healthy,High
,rain poncho with red spots,3592.97,4727,161,22.316583850931675,2010-03-25 14:22:00,2010-11-01 13:33:00,220,Medium,38,At Risk,0,Active,At Risk,High
,enamel watering can cream,3590.15,793,172,20.87296511627907,2010-05-14 15:37:00,2010-12-09 14:09:00,208,Medium,0,Active,0,Active,Healthy,High
,overnight bag vintage rose paisley,3572.81,658,221,16.16656108597285,2009-12-02 11:31:00,2010-12-09 16:26:00,372,Medium,0,Active,0,Active,Healthy,High
,red star card holder,3572.6800000000003,1192,211,16.932132701421803,2009-12-01 12:13:00,2010-12-09 16:35:00,373,Medium,0,Active,0,Active,Healthy,High
,red retro bar stool,3570.87,107,39,91.56076923076922,2009-12-01 14:56:00,2010-10-21 12:09:00,323,Medium,49,At Risk,0,Active,At Risk,High
,tropical  honeycomb paper garland,3567.55,1515,137,26.040510948905112,2009-12-01 14:55:00,2010-12-08 12:46:00,371,Medium,1,Active,0,Active,Healthy,High
,five heart hanging decoration,3560.39,1158,256,13.9077734375,2009-12-01 14:58:00,2010-12-07 09:13:00,370,Medium,2,Active,0,Active,Healthy,High
84797A,pink hawaiian picnic hamper for 4,3560.09,499,61,58.362131147540985,2009-12-01 14:45:00,2010-06-04 16:13:00,185,Medium,188,Inactive,1,Churned,Churned,High
72802C,vanilla scent candle jewelled box,3554.75,831,177,20.083333333333332,2009-12-01 14:28:00,2010-12-09 14:09:00,372,Medium,0,Active,0,Active,Healthy,High
,red retrospot charlotte bag,3553.4,3150,253,14.04505928853755,2010-09-23 19:48:00,2010-12-09 18:58:00,76,Short,0,Active,0,Active,Healthy,High
,cabin bag vintage retrospot,3550.0099999999998,127,50,71.00019999999999,2010-05-04 15:45:00,2010-12-09 14:55:00,218,Medium,0,Active,0,Active,At Risk,High
,scandinavian paisley picnic bag,3544.54,1164,209,16.959521531100478,2009-12-02 11:53:00,2010-12-08 12:57:00,371,Medium,1,Active,0,Active,Healthy,High
,pack of 12 traditional crayons,3534.9700000000003,8341,355,9.957661971830987,2010-03-02 16:36:00,2010-12-09 14:09:00,281,Medium,0,Active,0,Active,Healthy,High
,black retro bar stool,3533.9,100,32,110.434375,2010-01-22 11:28:00,2010-10-22 14:23:00,273,Medium,48,At Risk,0,Active,At Risk,High
,minature coloured gardening set,3527.42,737,178,19.816966292134833,2009-12-01 11:45:00,2010-06-07 12:43:00,188,Medium,185,Inactive,1,Churned,Churned,High
,zinc willie winkie  candle stick,3516.2799999999997,3961,381,9.229081364829396,2009-12-01 11:50:00,2010-12-09 14:09:00,373,Medium,0,Active,0,Active,Healthy,High
,newspaper stand,3508.3,311,53,66.19433962264151,2010-10-10 14:17:00,2010-12-09 14:09:00,59,Short,0,Active,0,Active,At Risk,High
,mini cake stand with hanging cakes,3507.14,2446,237,14.798059071729957,2009-12-01 11:21:00,2010-12-09 11:30:00,373,Medium,0,Active,0,Active,Healthy,High
,small heart measuring spoons,3505.8399999999997,3854,534,6.565243445692883,2009-12-01 12:30:00,2010-12-09 19:32:00,373,Medium,0,Active,0,Active,Healthy,High
,vintage paisley stationery set,3504.25,1522,238,14.72373949579832,2009-12-02 11:53:00,2010-12-09 16:31:00,372,Medium,0,Active,0,Active,Healthy,High
,christmas retrospot heart wood,3499.11,4281,277,12.63216606498195,2010-07-16 15:26:00,2010-12-09 14:09:00,145,Medium,0,Active,0,Active,Healthy,High
,heart decoration with pearls,3498.15,4041,336,10.411160714285714,2009-12-01 13:07:00,2010-12-09 19:28:00,373,Medium,0,Active,0,Active,Healthy,High
,office mug warmer black+silver,3493.59,1013,172,20.31156976744186,2009-12-01 14:28:00,2010-12-09 14:09:00,372,Medium,0,Active,0,Active,Healthy,High
,glass jar daisy fresh cotton wool,3482.34,1132,237,14.693417721518989,2010-03-15 17:29:00,2010-12-07 15:28:00,266,Medium,2,Active,0,Active,Healthy,High
,lunchbox with cutlery retrospot,3481.89,1413,232,15.008146551724137,2009-12-01 09:28:00,2010-04-25 12:36:00,145,Medium,228,Inactive,1,Churned,Churned,High
,sandwich bath sponge,3477.88,2432,350,9.9368,2009-12-01 12:13:00,2010-12-09 17:27:00,373,Medium,0,Active,0,Active,Healthy,High
,chinese dragon paper lanterns,3462.7599999999998,10126,153,22.632418300653594,2009-12-01 17:45:00,2010-12-08 12:24:00,371,Medium,1,Active,0,Active,Healthy,High
,blue spotty bowl,3455.94,2849,308,11.220584415584415,2009-12-01 11:34:00,2010-10-04 11:16:00,306,Medium,66,Inactive,1,Churned,Churned,High
,strawberry lunchbox with cutlery,3454.09,1448,183,18.8748087431694,2009-12-01 12:32:00,2010-06-08 13:23:00,189,Medium,184,Inactive,1,Churned,Churned,High
,watering can pink bunny,3453.19,1850,250,13.81276,2010-02-18 15:19:00,2010-12-09 14:27:00,293,Medium,0,Active,0,Active,Healthy,High
,metal shelf with rail,3451.82,378,185,18.65848648648649,2009-12-01 13:16:00,2010-09-29 13:17:00,302,Medium,71,Inactive,1,Churned,Churned,High
,coffee mug blue paisley design,3448.8,1661,115,29.989565217391306,2009-12-01 11:45:00,2010-12-08 12:46:00,372,Medium,1,Active,0,Active,Healthy,High
,magnets pack of 4 childhood memory,3447.52,2938,184,18.736521739130435,2010-03-26 13:46:00,2010-12-09 10:04:00,257,Medium,0,Active,0,Active,Healthy,High
,pack of 6 handbag gift boxes,3433.6,1314,247,13.901214574898786,2010-03-10 12:51:00,2010-12-09 14:09:00,274,Medium,0,Active,0,Active,Healthy,High
,woodland design  cotton tote bag,3430.41,1469,259,13.244826254826254,2009-12-01 12:13:00,2010-12-08 14:38:00,372,Medium,1,Active,0,Active,Healthy,High
,skulls  water transfer tattoos,3429.46,4156,342,10.02766081871345,2009-12-01 11:51:00,2010-12-09 14:10:00,373,Medium,0,Active,0,Active,Healthy,High
,chalkboard kitchen organiser,3428.95,168,39,87.92179487179487,2010-10-10 11:58:00,2010-12-09 12:17:00,60,Short,0,Active,0,Active,At Risk,High
,"key fob , shed",3425.7799999999997,5231,478,7.1669037656903765,2009-12-01 12:36:00,2010-12-09 14:09:00,373,Medium,0,Active,0,Active,Healthy,High
,door mat friendship,3420.2400000000002,470,181,18.89635359116022,2009-12-01 14:14:00,2010-07-02 08:26:00,212,Medium,160,Inactive,1,Churned,Churned,High
,12 message cards with envelopes,3414.77,1710,213,16.031784037558687,2010-09-19 13:05:00,2010-12-09 14:19:00,81,Short,0,Active,0,Active,Healthy,High
,toadstool money box,3411.65,1127,238,14.334663865546219,2010-03-18 13:10:00,2010-12-09 14:49:00,266,Medium,0,Active,0,Active,Healthy,High
,pink and lilac quilted throw,3402.32,87,30,113.41066666666667,2009-12-01 13:07:00,2010-05-11 13:30:00,161,Medium,212,Inactive,1,Churned,Churned,High
,ceramic strwberry design mug,3393.1,2347,215,15.781860465116278,2009-12-03 07:25:00,2010-11-23 13:35:00,355,Medium,16,Active,0,Active,Healthy,High
,victorian sewing kit,3389.4900000000002,3105,185,18.32156756756757,2009-12-01 09:46:00,2010-12-08 10:21:00,372,Medium,1,Active,0,Active,Healthy,High
,ribbon reel christmas present,3383.12,1991,260,13.012,2010-09-16 12:20:00,2010-12-09 14:09:00,84,Short,0,Active,0,Active,Healthy,High
,square mirror curtain,3381.62,347,53,63.80415094339622,2009-12-01 11:21:00,2010-10-10 13:31:00,313,Medium,60,At Risk,0,Active,At Risk,High
84968D,s/16 vintage red cutlery,3375.25,288,39,86.5448717948718,2009-12-08 13:46:00,2010-08-04 12:03:00,238,Medium,127,Inactive,1,Churned,Churned,High
,key cabinet ma campagne,3374.1499999999996,467,34,99.23970588235294,2010-10-10 14:17:00,2010-12-09 16:08:00,60,Short,0,Active,0,Active,At Risk,High
,3 tier cake tin red and cream,3370.85,219,105,32.10333333333333,2010-10-14 12:49:00,2010-12-09 16:35:00,56,Short,0,Active,0,Active,At Risk,High
,glass jar kings choice,3369.7499999999995,1067,121,27.849173553719005,2010-03-16 08:23:00,2010-12-08 12:46:00,267,Medium,1,Active,0,Active,Healthy,High
,vintage red teatime mug,3369.07,4475,194,17.36634020618557,2009-12-01 12:32:00,2010-12-09 14:09:00,373,Medium,0,Active,0,Active,Healthy,High
84508A,camoflage design teddy,3368.92,1586,44,76.56636363636363,2009-12-01 14:19:00,2010-06-29 10:30:00,209,Medium,163,Inactive,1,Churned,Churned,High
,ceramic plate strawberry design,3367.65,2492,201,16.7544776119403,2009-12-03 14:39:00,2010-12-08 13:11:00,369,Medium,1,Active,0,Active,Healthy,High
,door mat airmail,3366.71,461,142,23.709225352112675,2010-02-01 17:13:00,2010-07-02 08:26:00,150,Medium,160,Inactive,1,Churned,Churned,High
,feltcraft doll maria,3363.09,1200,264,12.738977272727274,2009-12-01 09:08:00,2010-12-09 18:09:00,373,Medium,0,Active,0,Active,Healthy,High
,citronella candle flowerpot,3361.32,1961,237,14.182784810126583,2009-12-08 15:49:00,2010-12-08 15:12:00,364,Medium,1,Active,0,Active,Healthy,High
,photo frame cornice,3339.3500000000004,1169,154,21.684090909090912,2010-10-10 12:45:00,2010-12-09 16:57:00,60,Short,0,Active,0,Active,Healthy,High
,christmas craft little friends,3332.41,1295,209,15.944545454545453,2009-12-01 14:28:00,2010-12-09 19:23:00,373,Medium,0,Active,0,Active,Healthy,High
,"wall mirror , diamante oval shape",3331.91,425,129,25.828759689922478,2009-12-01 17:19:00,2010-11-01 13:56:00,334,Medium,38,At Risk,0,Active,At Risk,High
84030E,english rose hot water bottle,3320.72,761,185,17.949837837837837,2009-12-03 18:08:00,2010-12-09 19:23:00,371,Medium,0,Active,0,Active,Healthy,High
,toast its - i love you,3315.5,2732,231,14.352813852813853,2009-12-01 15:26:00,2010-12-08 13:53:00,371,Medium,1,Active,0,Active,Healthy,High
,doctor's bag soft toy,3312.2799999999997,374,126,26.287936507936507,2009-12-03 12:27:00,2010-12-05 15:12:00,367,Medium,4,Active,0,Active,Healthy,High
,star portable table light,3310.1200000000003,1144,147,22.517823129251703,2009-12-01 13:37:00,2010-12-09 14:09:00,373,Medium,0,Active,0,Active,Healthy,High
,ceramic cake design spotted plate,3306.25,2110,256,12.9150390625,2009-12-01 14:19:00,2010-12-08 14:25:00,372,Medium,1,Active,0,Active,Healthy,High
,pink spotty childs umbrella,3292.86,1000,206,15.9847572815534,2009-12-01 13:07:00,2010-10-27 13:29:00,330,Medium,43,At Risk,0,Active,At Risk,High
,grey floral feltcraft shoulder bag,3292.14,874,236,13.949745762711864,2009-12-01 10:59:00,2010-12-09 15:29:00,373,Medium,0,Active,0,Active,Healthy,High
,set of 2 fancy font tea towels,3290.0800000000004,1095,191,17.225549738219897,2009-12-01 11:34:00,2010-08-20 15:32:00,262,Medium,111,Inactive,1,Churned,Churned,High
,black and white paisley flower mug,3288.65,25707,33,99.6560606060606,2009-12-01 12:19:00,2010-04-07 14:10:00,127,Medium,246,Inactive,1,Churned,Churned,High
,"rustic wooden cabinet, glass doors",3287.72,178,22,149.44181818181818,2010-10-12 13:19:00,2010-11-17 11:40:00,35,Short,22,Active,0,Active,At Risk,High
,tea time des tea cosy,3278.54,1305,246,13.32739837398374,2009-12-02 12:06:00,2010-12-09 10:42:00,371,Medium,0,Active,0,Active,Healthy,High
,boom box speaker boys,3276.64,608,77,42.55376623376623,2009-12-01 14:28:00,2010-12-07 15:28:00,371,Medium,2,Active,0,Active,At Risk,High
,recipe box retrospot,3274.35,1149,237,13.815822784810127,2010-09-23 16:23:00,2010-12-09 15:23:00,76,Short,0,Active,0,Active,Healthy,High
,vintage union jack shopping bag,3271.77,683,150,21.8118,2010-03-28 11:30:00,2010-12-07 18:36:00,254,Medium,2,Active,0,Active,Healthy,High
,wall tidy retrospot,3271.25,1493,263,12.438212927756654,2010-01-25 15:07:00,2010-12-09 14:09:00,317,Medium,0,Active,0,Active,Healthy,High
,heart shaped mirror,3266.4,1990,212,15.407547169811322,2009-12-01 13:29:00,2010-12-08 15:12:00,372,Medium,1,Active,0,Active,Healthy,High
,rocking horse red christmas,3250.6,3646,281,11.56797153024911,2010-07-23 15:09:00,2010-12-09 15:23:00,139,Medium,0,Active,0,Active,Healthy,High
,string of 20 rose lights,3248.94,273,45,72.19866666666667,2009-12-01 13:07:00,2010-03-31 14:12:00,120,Medium,253,Inactive,1,Churned,Churned,High
,cinammon & orange wreath,3238.22,1028,148,21.879864864864864,2009-12-01 09:08:00,2010-12-06 14:08:00,370,Medium,3,Active,0,Active,Healthy,High
,metal sign neighbourhood witch,3232.11,1497,260,12.431192307692308,2010-01-29 14:37:00,2010-12-09 16:26:00,314,Medium,0,Active,0,Active,Healthy,High
,balloon pump with 10 balloons,3225.48,1786,162,19.91037037037037,2010-04-07 13:34:00,2010-12-09 13:08:00,245,Medium,0,Active,0,Active,Healthy,High
,pack 3 boxes bird pannetone,3224.65,1659,176,18.321875000000002,2010-09-16 18:09:00,2010-12-09 16:27:00,83,Short,0,Active,0,Active,Healthy,High
,vintage billboard tea mug,3223.91,3199,203,15.881330049261082,2009-12-01 13:29:00,2010-12-09 14:09:00,373,Medium,0,Active,0,Active,Healthy,High
,doormat i love london,3222.58,524,98,32.8834693877551,2010-06-28 13:53:00,2010-12-06 16:57:00,161,Medium,3,Active,0,Active,At Risk,High
,peace small wood letters,3218.51,443,146,22.044589041095893,2009-12-01 09:08:00,2010-12-02 17:48:00,366,Medium,7,Active,0,Active,Healthy,High
,red hanging metal star tlight hldr,3214.57,925,58,55.42362068965517,2009-12-01 12:18:00,2010-09-28 09:34:00,300,Medium,72,Inactive,1,Churned,Churned,High
,white sweethearts cabinet 4 drawers,3210.04,251,143,22.447832167832168,2009-12-01 12:47:00,2010-08-02 11:07:00,243,Medium,129,Inactive,1,Churned,Churned,High
79323GR,green cherry lights,3209.36,532,83,38.66698795180723,2009-12-01 18:03:00,2010-04-20 13:43:00,139,Medium,233,Inactive,1,Churned,Churned,High
,red gingham teddy bear,3208.43,1131,190,16.886473684210525,2010-03-04 11:11:00,2010-12-09 16:26:00,280,Medium,0,Active,0,Active,Healthy,High
,doormat merry christmas red,3206.37,421,119,26.944285714285712,2010-06-28 13:53:00,2010-12-09 12:32:00,163,Medium,0,Active,0,Active,Healthy,High
,family photo frame cornice,3205.5699999999997,328,111,28.879009009009007,2010-10-10 12:45:00,2010-12-09 14:09:00,60,Short,0,Active,0,Active,Healthy,High
,set of 2 tins vintage bathroom,3204.18,722,189,16.953333333333333,2010-01-31 12:27:00,2010-12-09 14:55:00,312,Medium,0,Active,0,Active,Healthy,High
,pack of 12 pink spot tissues,3194.19,8317,197,16.214162436548225,2009-12-01 13:29:00,2010-10-25 16:08:00,328,Medium,45,At Risk,0,Active,At Risk,High
,alarm clock bakelike orange,3184.93,770,195,16.332974358974358,2010-09-24 10:29:00,2010-12-09 19:32:00,76,Short,0,Active,0,Active,Healthy,High
,retro spot small tube matches,3183.45,2005,131,24.301145038167938,2009-12-01 11:34:00,2010-11-16 18:11:00,350,Medium,23,Active,0,Active,Healthy,High
,citronella candle garden pot,3178.0099999999998,2635,299,10.628795986622073,2009-12-07 12:08:00,2010-12-07 18:36:00,365,Medium,2,Active,0,Active,Healthy,High
84968C,s/16 vintage pistachio cutlery,3177.2999999999997,262,58,54.78103448275861,2009-12-01 12:33:00,2010-08-04 12:03:00,245,Medium,127,Inactive,1,Churned,Churned,High
,wooden heart christmas scandinavian,3173.93,3516,312,10.172852564102564,2010-07-18 11:31:00,2010-12-09 14:55:00,144,Medium,0,Active,0,Active,Healthy,High
,coffee mug pink paisley design,3168.15,1598,96,33.0015625,2009-12-01 11:45:00,2010-12-08 11:16:00,371,Medium,1,Active,0,Active,At Risk,High
,red/white spot picnic bag,3164.59,1125,111,28.50981981981982,2009-12-02 14:36:00,2010-04-22 11:33:00,140,Medium,231,Inactive,1,Churned,Churned,High
,spaceboy tv dinner tray,3164.24,676,132,23.97151515151515,2010-03-08 08:45:00,2010-12-09 19:32:00,276,Medium,0,Active,0,Active,Healthy,High
,woodland party bag + sticker set,3160.3599999999997,1893,265,11.925886792452829,2009-12-02 12:32:00,2010-12-09 12:17:00,371,Medium,0,Active,0,Active,Healthy,High
,red metal beach spade,3156.93,2551,241,13.099294605809128,2009-12-14 18:03:00,2010-12-08 14:25:00,358,Medium,1,Active,0,Active,Healthy,High
72807B,set/3 ocean scent candle jewel box,3155.85,717,139,22.703956834532374,2009-12-01 14:28:00,2010-12-09 14:09:00,372,Medium,0,Active,0,Active,Healthy,High
,fuschia retro bar stool,3149.05,89,32,98.4078125,2010-01-22 11:28:00,2010-10-21 12:05:00,272,Medium,49,At Risk,0,Active,At Risk,High
,pink  spotty cup,3145.4900000000002,3684,369,8.524363143631437,2009-12-01 11:45:00,2010-10-11 09:44:00,313,Medium,59,At Risk,0,Active,At Risk,High
,pink spots  wrap,3144.5,7825,232,13.553879310344827,2009-12-01 11:51:00,2010-09-30 17:15:00,303,Medium,70,Inactive,1,Churned,Churned,High
,strawberry bath sponge,3141.14,2440,306,10.26516339869281,2009-12-01 12:13:00,2010-12-09 17:27:00,373,Medium,0,Active,0,Active,Healthy,High
,red retrospot mini cases,3139.98,403,146,21.506712328767122,2010-09-26 11:10:00,2010-12-09 16:27:00,74,Short,0,Active,0,Active,Healthy,High
,set 12 kids colour  chalk sticks,3126.85,7531,439,7.122665148063781,2009-12-01 12:13:00,2010-12-09 16:31:00,373,Medium,0,Active,0,Active,Healthy,High
,sweetheart recipe book stand,3126.06,450,156,20.038846153846155,2010-10-17 10:42:00,2010-12-09 19:23:00,53,Short,0,Active,0,Active,Healthy,High
,garland wooden happy easter,3121.6,2294,225,13.873777777777777,2010-01-11 09:35:00,2010-12-01 12:43:00,324,Medium,8,Active,0,Active,Healthy,High
,pig keyring with light & sound,3118.91,2587,128,24.366484375,2009-12-03 19:23:00,2010-12-07 15:28:00,368,Medium,2,Active,0,Active,Healthy,High
,silver christmas tree bauble stand,3106.7799999999997,182,110,28.243454545454544,2009-12-01 12:02:00,2010-12-07 15:28:00,371,Medium,2,Active,0,Active,Healthy,High
,5 hook blackboard organiser,3101.46,325,125,24.81168,2009-12-01 14:28:00,2010-08-25 12:39:00,266,Medium,106,Inactive,1,Churned,Churned,High
,easter tin bucket,3097.7599999999998,1147,136,22.77764705882353,2009-12-02 14:43:00,2010-12-08 14:25:00,370,Medium,1,Active,0,Active,Healthy,High
85014A,black/blue polkadot umbrella,3096.29,539,129,24.002248062015504,2010-09-23 12:01:00,2010-12-09 16:27:00,77,Short,0,Active,0,Active,Healthy,High
,classic white frame,3094.7400000000002,1024,212,14.597830188679247,2009-12-01 09:06:00,2010-12-08 16:34:00,372,Medium,1,Active,0,Active,Healthy,High
,rotating leaves t-light holder,3091.75,1998,209,14.793062200956937,2009-12-01 14:28:00,2010-12-09 16:31:00,373,Medium,0,Active,0,Active,Healthy,High
,36 pencils tube skulls,3084.7799999999997,2354,303,10.18079207920792,2009-12-01 12:57:00,2010-12-09 15:21:00,373,Medium,0,Active,0,Active,Healthy,High
,set of 9 black skull balloons,3084.77,3736,227,13.589295154185022,2010-04-07 16:22:00,2010-12-09 12:17:00,245,Medium,0,Active,0,Active,Healthy,High
,teatime cake tin with handle,3083.2,284,107,28.814953271028035,2009-12-01 14:43:00,2010-03-29 15:02:00,118,Medium,255,Inactive,1,Churned,Churned,High
,embossed glass tealight holder,3082.95,2275,171,18.02894736842105,2010-03-08 12:40:00,2010-12-09 14:09:00,276,Medium,0,Active,0,Active,Healthy,High
,sewing box retrospot design,3082.5699999999997,183,103,29.9278640776699,2010-03-10 14:50:00,2010-12-08 12:51:00,272,Medium,1,Active,0,Active,At Risk,High
,"folding umbrella , black/blue  spot",3077.01,775,69,44.59434782608696,2009-12-01 10:52:00,2010-09-28 11:44:00,301,Medium,72,Inactive,1,Churned,Churned,High
,hanging metal bird bath,3076.39,372,144,21.363819444444445,2009-12-06 12:53:00,2010-11-15 14:11:00,344,Medium,24,Active,0,Active,Healthy,High
,pizza slice dish,3074.18,2680,113,27.20513274336283,2009-12-01 14:19:00,2010-08-20 14:07:00,261,Medium,111,Inactive,1,Churned,Churned,High
,french wc sign blue metal,3071.36,2608,134,22.920597014925374,2010-08-17 11:21:00,2010-12-09 14:09:00,114,Medium,0,Active,0,Active,Healthy,High
,assorted tutti frutti small purse,3061.42,2258,173,17.69606936416185,2009-12-01 14:28:00,2010-12-09 14:09:00,372,Medium,0,Active,0,Active,Healthy,High
,skulls  stickers,3060.17,3791,238,12.857857142857144,2009-12-01 14:28:00,2010-12-08 15:38:00,372,Medium,1,Active,0,Active,Healthy,High
,joy wooden block letters,3058.64,586,192,15.930416666666666,2009-12-01 12:02:00,2010-12-09 14:19:00,373,Medium,0,Active,0,Active,Healthy,High
84997A,green 3 piece polkadot cutlery set,3056.42,800,113,27.047964601769912,2010-09-24 11:34:00,2010-12-08 15:56:00,75,Short,1,Active,0,Active,Healthy,High
,christmas gingham star,3036.77,3494,236,12.867669491525424,2010-07-16 15:26:00,2010-12-09 14:09:00,145,Medium,0,Active,0,Active,Healthy,High
,retro spot giant  tube matches,3034.95,1295,102,29.754411764705882,2009-12-01 11:45:00,2010-10-03 15:41:00,306,Medium,67,Inactive,1,Churned,Churned,High
,heart garland rustic padded,3027.37,994,180,16.81872222222222,2009-12-01 13:29:00,2010-12-08 14:25:00,372,Medium,1,Active,0,Active,Healthy,High
,spaceboy gift wrap,3024.8,7340,242,12.49917355371901,2010-01-14 16:24:00,2010-12-06 12:59:00,325,Medium,3,Active,0,Active,Healthy,High
,bread bin diner style red,3022.8999999999996,188,77,39.258441558441554,2010-10-14 13:38:00,2010-12-09 12:17:00,55,Short,0,Active,0,Active,At Risk,High
,apple bath sponge,3021.45,2306,303,9.971782178217822,2009-12-01 12:32:00,2010-12-09 17:27:00,373,Medium,0,Active,0,Active,Healthy,High
,swallows greeting card,3015.39,7340,418,7.213851674641148,2009-12-01 11:51:00,2010-12-09 14:19:00,373,Medium,0,Active,0,Active,Healthy,High
,"dog bowl , chasing ball design",3014.3,754,136,22.163970588235294,2009-12-01 07:46:00,2010-06-27 11:47:00,208,Medium,165,Inactive,1,Churned,Churned,High
,milk pan pink retrospot,3011.2400000000002,750,188,16.01723404255319,2009-12-02 12:26:00,2010-10-06 12:36:00,308,Medium,64,Inactive,1,Churned,Churned,High
,glass heart t-light holder,3009.83,3541,213,14.130657276995304,2009-12-01 13:29:00,2010-12-08 14:25:00,372,Medium,1,Active,0,Active,Healthy,High
,paper bunting retrospot,3004.6,944,134,22.422388059701493,2010-09-26 11:58:00,2010-12-09 14:09:00,74,Short,0,Active,0,Active,Healthy,High
,toy tidy pink polkadot,2996.7999999999997,1450,130,23.05230769230769,2010-09-23 19:48:00,2010-12-08 15:03:00,75,Short,1,Active,0,Active,Healthy,High
,christmas pudding trinket pot,2995.71,2010,232,12.912543103448275,2009-12-01 09:28:00,2010-12-09 16:31:00,373,Medium,0,Active,0,Active,Healthy,High
,ribbon reel christmas sock bauble,2990.29,1641,272,10.993713235294118,2010-09-16 13:12:00,2010-12-09 19:23:00,84,Short,0,Active,0,Active,Healthy,High
,shoe shine box,2984.81,241,140,21.320071428571428,2009-12-01 11:41:00,2010-12-09 17:27:00,373,Medium,0,Active,0,Active,Healthy,High
,black kitchen scales,2978.1,344,154,19.338311688311688,2010-04-30 15:57:00,2010-12-09 15:50:00,222,Medium,0,Active,0,Active,Healthy,High
,"hook, 1 hanger ,magic garden",2976.49,3435,322,9.243757763975154,2009-12-09 11:58:00,2010-12-08 14:43:00,364,Medium,1,Active,0,Active,Healthy,High
,nurse's bag soft toy,2975.0699999999997,320,156,19.070961538461535,2009-12-03 12:27:00,2010-12-07 15:14:00,369,Medium,2,Active,0,Active,Healthy,High
,tea party birthday card,2973.16,7019,494,6.018542510121457,2009-12-01 13:29:00,2010-12-09 15:16:00,373,Medium,0,Active,0,Active,Healthy,High
,"folding umbrella , red/white spot",2962.82,916,104,28.48865384615385,2009-12-01 10:52:00,2010-09-28 10:52:00,301,Medium,72,Inactive,1,Churned,Churned,High
84279P,cherry blossom  decorative flask,2959.84,776,178,16.628314606741572,2009-12-06 10:38:00,2010-12-09 14:09:00,368,Medium,0,Active,0,Active,Healthy,High
,fine wicker heart,2956.07,2365,206,14.34985436893204,2010-09-15 12:48:00,2010-12-09 14:08:00,85,Short,0,Active,0,Active,Healthy,High
,assorted colour t-light holder,2954.82,4300,160,18.467625,2009-12-01 13:47:00,2010-12-07 18:36:00,371,Medium,2,Active,0,Active,Healthy,High
,monsters stencil craft,2951.4300000000003,2591,191,15.452513089005237,2010-03-24 13:15:00,2010-12-08 15:56:00,259,Medium,1,Active,0,Active,Healthy,High
,set/10 red polkadot party candles,2940.96,2472,120,24.508,2010-09-24 15:06:00,2010-12-09 12:17:00,75,Short,0,Active,0,Active,Healthy,High
,round cake tin vintage red,2938.46,376,134,21.928805970149256,2010-10-13 16:17:00,2010-12-09 16:27:00,57,Short,0,Active,0,Active,Healthy,High
,set of 72 ivory paper doilies,2920.8199999999997,2006,199,14.677487437185928,2009-12-01 13:29:00,2010-10-08 13:23:00,310,Medium,62,Inactive,1,Churned,Churned,High
,dairy maid large milk jug,2914.48,573,190,15.339368421052631,2009-12-01 12:02:00,2010-12-07 13:01:00,371,Medium,2,Active,0,Active,Healthy,High
84558A,3d dog picture playing cards,2907.7000000000003,996,144,20.19236111111111,2009-12-01 14:28:00,2010-12-09 16:31:00,373,Medium,0,Active,0,Active,Healthy,High
,strawberry raffia food cover,2905.04,775,159,18.27069182389937,2009-12-01 13:29:00,2010-12-08 12:35:00,371,Medium,1,Active,0,Active,Healthy,High
85114B,ivory enchanted forest placemat,2896.7999999999997,1609,158,18.33417721518987,2009-12-01 14:28:00,2010-12-08 14:25:00,371,Medium,1,Active,0,Active,Healthy,High
,pack of 12 skull tissues,2896.75,10627,270,10.728703703703705,2009-12-01 12:20:00,2010-12-09 17:27:00,373,Medium,0,Active,0,Active,Healthy,High
,feltcraft princess olivia doll,2888.73,762,193,14.967512953367876,2010-09-05 10:54:00,2010-12-09 20:01:00,95,Short,0,Active,0,Active,Healthy,High
,pizza plate in box,2884.45,684,208,13.867548076923075,2009-12-01 09:06:00,2010-12-09 16:26:00,373,Medium,0,Active,0,Active,Healthy,High
72349B,set/6 purple butterfly t-lights,2879.35,1351,217,13.26889400921659,2009-12-01 14:19:00,2010-12-09 16:31:00,373,Medium,0,Active,0,Active,Healthy,High
,blue  spotty cup,2877.47,3390,370,7.776945945945945,2009-12-01 11:45:00,2010-10-04 11:16:00,306,Medium,66,Inactive,1,Churned,Churned,High
,pack of 12 coloured pencils,2873.19,3594,179,16.051340782122907,2010-05-06 10:28:00,2010-12-07 18:36:00,215,Medium,2,Active,0,Active,Healthy,High
,tea cup and saucer retro spot,2866.34,700,137,20.9221897810219,2009-12-01 11:50:00,2010-04-08 11:11:00,127,Medium,245,Inactive,1,Churned,Churned,High
,"key fob , back door",2864.07,4446,393,7.2877099236641225,2009-12-01 12:36:00,2010-12-09 14:09:00,373,Medium,0,Active,0,Active,Healthy,High
,watering can blue elephant,2860.47,1353,299,9.566789297658863,2010-02-22 10:24:00,2010-12-09 16:27:00,290,Medium,0,Active,0,Active,Healthy,High
,vintage seaside jigsaw puzzles,2857.37,757,160,17.858562499999998,2009-12-01 11:34:00,2010-12-08 14:25:00,372,Medium,1,Active,0,Active,Healthy,High
,retro spot storage jar,2853.29,729,155,18.408322580645162,2009-12-01 11:50:00,2010-04-30 10:44:00,149,Medium,223,Inactive,1,Churned,Churned,High
,set of 9 heart shaped balloons,2850.99,2245,282,10.109893617021276,2010-04-08 11:16:00,2010-12-09 12:17:00,245,Medium,0,Active,0,Active,Healthy,High
84849B,fairy soap soap holder,2831.16,1706,224,12.639107142857142,2009-12-01 11:21:00,2010-12-09 16:52:00,373,Medium,0,Active,0,Active,Healthy,High
,set 12 retro white chalk sticks,2829.68,6525,370,7.647783783783783,2009-12-01 09:46:00,2010-12-09 14:09:00,373,Medium,0,Active,0,Active,Healthy,High
,36 pencils tube woodland,2810.1,2108,306,9.183333333333334,2009-12-01 12:47:00,2010-12-09 15:21:00,373,Medium,0,Active,0,Active,Healthy,High
85049G,chocolate box ribbons,2804.48,2284,265,10.582943396226415,2009-12-01 12:33:00,2010-12-09 14:09:00,373,Medium,0,Active,0,Active,Healthy,High
46000S,polyester filler pad 40x40cm,2798.5,2650,203,13.785714285714286,2009-12-01 11:50:00,2010-12-07 13:53:00,371,Medium,2,Active,0,Active,Healthy,High
84909A,pink paisley quilt,2797.55,209,30,93.25166666666668,2009-12-09 13:25:00,2010-03-24 12:04:00,104,Medium,260,Inactive,1,Churned,Churned,High
35001W,hand open shape deco.white,2794.69,877,189,14.786719576719577,2009-12-01 13:50:00,2010-12-09 15:01:00,373,Medium,0,Active,0,Active,Healthy,High
,flower vine raffia food cover,2788.35,737,186,14.991129032258064,2009-12-01 11:21:00,2010-12-09 14:09:00,373,Medium,0,Active,0,Active,Healthy,High
,set of 3 red stripe baskets,2782.19,324,67,41.52522388059702,2009-12-01 15:36:00,2010-08-11 11:58:00,252,Medium,120,Inactive,1,Churned,Churned,High
,"decoration hen on nest, hanging",2781.28,1849,144,19.314444444444447,2009-12-06 13:10:00,2010-12-06 10:08:00,364,Medium,3,Active,0,Active,Healthy,High
,pink padded mobile,2778.41,661,205,13.55321951219512,2009-12-03 12:27:00,2010-12-09 11:39:00,370,Medium,0,Active,0,Active,Healthy,High
,christmas retrospot star wood,2774.27,3260,250,11.09708,2010-07-16 15:26:00,2010-12-09 14:09:00,145,Medium,0,Active,0,Active,Healthy,High
,metal medina lantern,2773.11,298,40,69.32775000000001,2009-12-03 16:12:00,2010-07-23 08:24:00,231,Medium,139,Inactive,1,Churned,Churned,High
,christmas craft tree top angel,2772.02,994,156,17.769358974358973,2009-12-01 14:28:00,2010-12-09 19:23:00,373,Medium,0,Active,0,Active,Healthy,High
,dinosaur lunch box with cutlery,2769.54,1126,199,13.917286432160804,2010-03-31 17:29:00,2010-12-09 14:09:00,252,Medium,0,Active,0,Active,Healthy,High
,door mat respectable house,2765.69,380,124,22.303951612903226,2010-02-02 11:40:00,2010-07-02 08:26:00,149,Medium,160,Inactive,1,Churned,Churned,High
,airline bag vintage jet set red,2752.95,492,217,12.686405529953916,2010-02-14 11:57:00,2010-12-09 16:26:00,298,Medium,0,Active,0,Active,Healthy,High
,christmas craft heart stocking,2752.66,1306,197,13.972893401015227,2009-12-01 09:08:00,2010-12-08 14:43:00,372,Medium,1,Active,0,Active,Healthy,High
,magic drawing slate dolly girl,2746.06,6450,248,11.07282258064516,2010-03-28 13:10:00,2010-12-09 14:09:00,256,Medium,0,Active,0,Active,Healthy,High
,pink  heart shape love bucket,2746.0,925,176,15.602272727272727,2009-12-03 12:31:00,2010-12-09 16:10:00,371,Medium,0,Active,0,Active,Healthy,High
15044D,red paper parasol,2745.8,953,144,19.068055555555556,2009-12-01 14:28:00,2010-12-06 16:57:00,370,Medium,3,Active,0,Active,Healthy,High
84031A,charlie+lola red hot water bottle,2740.71,721,164,16.711646341463414,2009-12-01 09:24:00,2010-12-09 14:09:00,373,Medium,0,Active,0,Active,Healthy,High
,party cones candy assorted,2737.06,2245,123,22.252520325203253,2009-12-01 09:57:00,2010-12-05 13:42:00,369,Medium,4,Active,0,Active,Healthy,High
84795C,ocean stripe hammock,2736.69,323,130,21.05146153846154,2009-12-02 10:00:00,2010-10-22 11:00:00,324,Medium,48,At Risk,0,Active,At Risk,High
,money box kings choice design,2727.15,2125,134,20.351865671641793,2010-03-26 13:46:00,2010-12-05 16:24:00,254,Medium,4,Active,0,Active,Healthy,High
,heart wooden christmas decoration,2727.02,3049,214,12.743084112149532,2010-07-18 11:31:00,2010-12-09 15:23:00,144,Medium,0,Active,0,Active,Healthy,High
47503J,set/3 floral garden tools in bag,2719.38,344,75,36.2584,2009-12-01 16:19:00,2010-12-07 15:59:00,370,Medium,2,Active,0,Active,At Risk,High
85232D,set/3 decoupage stacking tins,2714.52,518,160,16.96575,2009-12-01 11:41:00,2010-12-09 14:49:00,373,Medium,0,Active,0,Active,Healthy,High
,potting shed twine,2702.8199999999997,1415,185,14.609837837837837,2009-12-01 10:36:00,2010-12-08 12:46:00,372,Medium,1,Active,0,Active,Healthy,High
,pink diamante pen in gift box,2700.43,1201,170,15.884882352941176,2009-12-02 14:43:00,2010-12-09 14:09:00,371,Medium,0,Active,0,Active,Healthy,High
,vintage billboard love/hate mug,2695.08,2758,197,13.680609137055837,2009-12-01 12:13:00,2010-12-08 13:03:00,372,Medium,1,Active,0,Active,Healthy,High
,recipe box retro spot design,2694.65,959,178,15.138483146067417,2010-07-09 17:17:00,2010-10-27 13:29:00,109,Medium,43,At Risk,0,Active,At Risk,High
,christmas gingham tree,2691.65,3002,233,11.552145922746782,2010-07-18 11:31:00,2010-12-09 14:09:00,144,Medium,0,Active,0,Active,Healthy,High
84968E,s/16 vintage black cutlery,2687.41,229,44,61.07749999999999,2009-12-02 12:06:00,2010-08-04 12:03:00,244,Medium,127,Inactive,1,Churned,Churned,High
,love heart napkin box,2673.56,610,165,16.20339393939394,2010-09-16 13:06:00,2010-12-09 14:55:00,84,Short,0,Active,0,Active,Healthy,High
,mouse toy with pink t-shirt,2666.02,693,290,9.193172413793103,2009-12-01 13:07:00,2010-12-09 14:19:00,373,Medium,0,Active,0,Active,Healthy,High
,woodland  height chart stickers,2663.69,949,147,18.120340136054423,2009-12-01 14:28:00,2010-12-08 14:25:00,371,Medium,1,Active,0,Active,Healthy,High
,red/cream stripe fringe hammock,2662.64,337,119,22.375126050420167,2009-12-03 14:39:00,2010-08-03 11:32:00,242,Medium,128,Inactive,1,Churned,Churned,High
,love heart sock hanger,2661.39,1617,187,14.232032085561496,2009-12-01 14:55:00,2010-12-07 18:36:00,371,Medium,2,Active,0,Active,Healthy,High
,pack of 6 skull paper cups,2652.46,4321,216,12.279907407407407,2009-12-01 09:08:00,2010-12-05 12:13:00,369,Medium,4,Active,0,Active,Healthy,High
,"swiss roll towel, pink  spots",2646.3700000000003,875,113,23.419203539823013,2009-12-01 17:08:00,2010-12-08 14:25:00,371,Medium,1,Active,0,Active,Healthy,High
,"key fob , garage design",2640.11,4104,358,7.374608938547486,2009-12-01 14:28:00,2010-12-09 14:09:00,372,Medium,0,Active,0,Active,Healthy,High
,union jack flag passport cover,2639.89,1132,237,11.138776371308015,2009-12-01 11:21:00,2010-12-08 12:46:00,372,Medium,1,Active,0,Active,Healthy,High
72807A,set/3 rose candle in jewelled box,2635.27,579,124,21.25217741935484,2009-12-01 14:28:00,2010-12-09 14:09:00,372,Medium,0,Active,0,Active,Healthy,High
,pottering mug,2634.73,1929,310,8.499129032258065,2009-12-01 11:21:00,2010-12-09 16:31:00,373,Medium,0,Active,0,Active,Healthy,High
,easter craft ivy wreath with chick,2631.18,1412,106,24.822452830188677,2009-12-04 16:12:00,2010-11-24 14:49:00,354,Medium,15,Active,0,Active,At Risk,High
,set of 72 retrospot paper  doilies,2630.77,1764,174,15.119367816091954,2010-09-23 16:23:00,2010-12-09 20:01:00,77,Short,0,Active,0,Active,Healthy,High
84796B,blue savannah picnic hamper for 2,2623.32,346,58,45.22965517241379,2009-12-01 14:50:00,2010-11-29 10:37:00,362,Medium,10,Active,0,Active,At Risk,High
,cardholder gingham star,2622.5,1006,170,15.426470588235293,2010-07-16 15:26:00,2010-12-08 16:34:00,145,Medium,1,Active,0,Active,Healthy,High
,black diner wall clock,2620.41,311,119,22.020252100840334,2009-12-01 09:06:00,2010-12-09 18:09:00,373,Medium,0,Active,0,Active,Healthy,High
,6 ribbons elegant christmas,2616.2999999999997,1582,176,14.865340909090907,2009-12-01 11:45:00,2010-12-09 16:53:00,373,Medium,0,Active,0,Active,Healthy,High
,hanging medina lantern small,2615.55,942,150,17.437,2009-12-03 16:12:00,2010-12-07 18:36:00,369,Medium,2,Active,0,Active,Healthy,High
,tea time mug in gift box,2599.79,868,171,15.20345029239766,2009-12-01 14:19:00,2010-07-30 16:50:00,241,Medium,132,Inactive,1,Churned,Churned,High
85049B,lush greens ribbons,2598.32,2080,328,7.921707317073171,2009-12-01 12:33:00,2010-12-05 12:35:00,369,Medium,4,Active,0,Active,Healthy,High
,12 pencils small tube red retrospot,2594.43,3816,209,12.41354066985646,2010-09-26 11:49:00,2010-12-09 14:56:00,74,Short,0,Active,0,Active,Healthy,High
,small red retrospot windmill,2593.75,2042,189,13.723544973544973,2010-03-31 12:52:00,2010-12-08 14:25:00,252,Medium,1,Active,0,Active,Healthy,High
,sweetheart cream steel table rect,2593.5,130,69,37.58695652173913,2009-12-13 10:48:00,2010-11-25 19:32:00,347,Medium,14,Active,0,Active,At Risk,High
72802A,rose scent candle in jewelled box,2591.68,620,127,20.406929133858267,2009-12-02 09:47:00,2010-12-08 12:17:00,371,Medium,1,Active,0,Active,Healthy,High
,box of 9 pebble candles,2591.5699999999997,1302,212,12.22438679245283,2009-12-01 14:28:00,2010-12-09 16:31:00,373,Medium,0,Active,0,Active,Healthy,High
51014A,"feather pen,hot pink",2585.14,2868,143,18.077902097902097,2009-12-01 14:28:00,2010-12-09 14:09:00,372,Medium,0,Active,0,Active,Healthy,High
,swallow giant tube matches,2583.45,1119,88,29.357386363636362,2009-12-01 17:19:00,2010-06-17 10:30:00,197,Medium,175,Inactive,1,Churned,Churned,High
,white hanging beads candle holder,2582.4500000000003,485,99,26.085353535353537,2009-12-02 14:21:00,2010-12-08 14:59:00,371,Medium,1,Active,0,Active,At Risk,High
,wooden star christmas scandinavian,2581.4,2878,271,9.525461254612546,2010-07-18 11:31:00,2010-12-09 14:44:00,144,Medium,0,Active,0,Active,Healthy,High
,jam making set printed,2580.46,1673,115,22.438782608695654,2010-07-23 12:29:00,2010-12-09 19:32:00,139,Medium,0,Active,0,Active,Healthy,High
,hanging fairy cake decoration,2577.7200000000003,1348,119,21.66151260504202,2009-12-01 13:31:00,2010-12-09 14:09:00,373,Medium,0,Active,0,Active,Healthy,High
,empire union jack tv dinner tray,2577.11,477,158,16.310822784810128,2010-03-07 12:35:00,2010-12-08 14:25:00,276,Medium,1,Active,0,Active,Healthy,High
,"fancy font birthday card,",2576.13,6272,360,7.155916666666667,2009-12-01 14:28:00,2010-12-09 13:34:00,372,Medium,0,Active,0,Active,Healthy,High
,pens assorted funny face,2575.04,3149,74,34.79783783783784,2010-02-25 09:16:00,2010-12-07 15:28:00,285,Medium,2,Active,0,Active,At Risk,High
,joy large wood letters,2574.14,404,86,29.931860465116277,2009-12-01 09:08:00,2010-12-03 17:28:00,367,Medium,6,Active,0,Active,At Risk,High
,grow a flytrap or sunflower in tin,2571.63,1655,46,55.905,2010-08-05 15:01:00,2010-12-06 17:26:00,123,Medium,3,Active,0,Active,At Risk,High
,elephant carnival pouffe,2570.95,137,72,35.70763888888889,2009-12-04 14:13:00,2010-12-09 14:09:00,369,Medium,0,Active,0,Active,At Risk,High
,bombs away metal sign,2569.66,1210,215,11.951906976744185,2009-12-01 17:31:00,2010-11-01 09:14:00,334,Medium,38,At Risk,0,Active,At Risk,High
,office mug warmer polkadot,2566.21,667,152,16.882960526315788,2009-12-01 14:28:00,2010-12-09 14:09:00,372,Medium,0,Active,0,Active,Healthy,High
,glass etched t-light holder large,2565.67,1246,111,23.114144144144145,2010-01-13 17:51:00,2010-11-22 09:22:00,312,Medium,17,Active,0,Active,Healthy,High
,easter craft 4 chicks,2562.84,1304,113,22.68,2009-12-02 11:24:00,2010-11-17 12:03:00,350,Medium,22,Active,0,Active,Healthy,High
,watering can green dinosaur,2562.6099999999997,1403,202,12.686188118811879,2010-02-18 18:33:00,2010-12-09 14:09:00,293,Medium,0,Active,0,Active,Healthy,High
,jam making set with jars,2557.18,594,79,32.369367088607596,2010-11-28 12:38:00,2010-12-09 16:26:00,11,Short,0,Active,0,Active,At Risk,High
,blue spots  wrap,2555.0,6350,196,13.035714285714286,2009-12-01 13:41:00,2010-11-10 09:52:00,343,Medium,29,Active,0,Active,Healthy,High
,tea time tea set in gift box,2550.98,354,131,19.473129770992365,2009-12-02 12:06:00,2010-12-09 16:10:00,372,Medium,0,Active,0,Active,Healthy,High
,black wine glass,2537.99,2011,74,34.29716216216216,2009-12-01 14:28:00,2010-12-08 12:01:00,371,Medium,1,Active,0,Active,At Risk,High
84968A,s/16 vintage rose cutlery,2536.73,191,86,29.496860465116278,2009-12-03 14:39:00,2010-08-04 14:41:00,244,Medium,127,Inactive,1,Churned,Churned,High
,blue retro bar stool,2535.1,74,31,81.77741935483871,2010-01-17 12:40:00,2010-09-22 15:11:00,248,Medium,78,Inactive,1,Churned,Churned,High
,toilet metal sign,2531.96,4580,521,4.859808061420345,2009-12-01 16:34:00,2010-12-09 16:52:00,373,Medium,0,Active,0,Active,Healthy,High
,"popcorn holder , small",2531.64,3189,112,22.603928571428572,2009-12-01 11:45:00,2010-06-16 09:48:00,196,Medium,176,Inactive,1,Churned,Churned,High
,doormat welcome sunrise,2527.78,389,100,25.277800000000003,2010-06-28 13:53:00,2010-12-06 11:26:00,160,Medium,3,Active,0,Active,At Risk,High
,butterflies  honeycomb garland,2527.0,1539,145,17.427586206896553,2009-12-03 10:26:00,2010-08-17 15:49:00,257,Medium,114,Inactive,1,Churned,Churned,High
,cat bowl,2521.2400000000002,946,121,20.836694214876037,2009-12-01 07:46:00,2010-06-23 13:19:00,204,Medium,169,Inactive,1,Churned,Churned,High
,pink owl soft toy,2518.9900000000002,872,202,12.470247524752477,2009-12-02 11:55:00,2010-12-09 13:03:00,372,Medium,0,Active,0,Active,Healthy,High
,cupcake lace paper set 6,2517.67,1379,97,25.955360824742268,2010-09-20 14:38:00,2010-12-09 13:59:00,79,Short,0,Active,0,Active,At Risk,High
,cake stand victorian filigree large,2516.85,345,118,21.32923728813559,2009-12-02 10:00:00,2010-12-09 14:09:00,372,Medium,0,Active,0,Active,Healthy,High
,set/20 red retrospot paper napkins,2515.3199999999997,2911,236,10.658135593220338,2010-09-23 19:32:00,2010-12-09 14:25:00,76,Short,0,Active,0,Active,Healthy,High
,green gingham flower jewellery box,2511.3599999999997,1483,278,9.0336690647482,2009-12-01 11:51:00,2010-11-16 13:04:00,350,Medium,23,Active,0,Active,Healthy,High
,christmas retrospot angel wood,2510.0099999999998,2943,238,10.54626050420168,2010-07-18 11:31:00,2010-12-09 14:09:00,144,Medium,0,Active,0,Active,Healthy,High
,poppy's playhouse bathroom,2507.17,1127,192,13.058177083333334,2010-09-24 16:50:00,2010-12-09 20:01:00,76,Short,0,Active,0,Active,Healthy,High
,hanging medina lantern large,2506.89,740,80,31.336125,2009-12-02 09:50:00,2010-07-23 08:24:00,232,Medium,139,Inactive,1,Churned,Churned,High
,"spring dec , hanging chick cream",2499.58,1900,142,17.602676056338026,2009-12-03 16:21:00,2010-11-12 17:00:00,344,Medium,27,Active,0,Active,Healthy,High
,watermelon bath sponge,2498.43,1879,207,12.069710144927535,2009-12-01 12:13:00,2010-12-07 15:31:00,371,Medium,2,Active,0,Active,Healthy,High
,triple photo frame cornice,2494.21,248,86,29.002441860465115,2010-10-10 12:45:00,2010-12-09 14:09:00,60,Short,0,Active,0,Active,At Risk,High
,set/4 pink orchid candles in bowl,2489.87,1853,92,27.063804347826085,2009-12-01 12:18:00,2010-07-15 15:08:00,226,Medium,147,Inactive,1,Churned,Churned,High
,charlotte bag dolly girl design,2488.4,3093,228,10.914035087719299,2010-07-19 12:22:00,2010-12-09 14:09:00,143,Medium,0,Active,0,Active,Healthy,High
,blue/cream stripe fringe hammock,2486.6600000000003,315,123,20.216747967479677,2009-12-02 13:20:00,2010-10-18 12:43:00,319,Medium,52,At Risk,0,Active,At Risk,High
16161P,wrap english rose,2465.48,6022,193,12.774507772020726,2009-12-01 09:28:00,2010-12-02 18:08:00,366,Medium,7,Active,0,Active,Healthy,High
84912A,pink rose washbag,2462.63,943,161,15.295838509316772,2009-12-03 13:42:00,2010-12-09 17:27:00,371,Medium,0,Active,0,Active,Healthy,High
18097C,white tall porcelain t-light holder,2458.82,1116,149,16.502147651006712,2009-12-01 09:57:00,2010-12-08 15:58:00,372,Medium,1,Active,0,Active,Healthy,High
,set/2 red retrospot tea towels,2454.35,821,132,18.593560606060606,2010-09-26 11:05:00,2010-12-09 16:35:00,74,Short,0,Active,0,Active,Healthy,High
85206B,pink felt easter egg basket,2454.2,1524,179,13.710614525139663,2009-12-14 14:02:00,2010-04-08 16:45:00,115,Medium,245,Inactive,1,Churned,Churned,High
,woodland animal  writing set,2454.0699999999997,1452,201,12.209303482587064,2009-12-01 14:28:00,2010-11-07 15:58:00,341,Medium,32,At Risk,0,Active,At Risk,High
85206A,cream felt easter egg basket,2453.58,1377,205,11.968682926829269,2009-12-01 10:36:00,2010-12-05 12:01:00,369,Medium,4,Active,0,Active,Healthy,High
,set of 2 tea towels apple and pears,2452.92,828,139,17.646906474820145,2010-09-24 16:50:00,2010-12-09 12:17:00,75,Short,0,Active,0,Active,Healthy,High
,lunch bag pink polkadot,2448.69,1469,211,11.605165876777251,2010-09-23 13:38:00,2010-12-09 14:09:00,77,Short,0,Active,0,Active,Healthy,High
,hen house decoration,2443.83,1551,171,14.29140350877193,2009-12-03 10:20:00,2010-12-06 10:08:00,367,Medium,3,Active,0,Active,Healthy,High
,white tissue ream,2440.65,307,197,12.389086294416245,2009-12-01 12:55:00,2010-12-09 16:57:00,373,Medium,0,Active,0,Active,Healthy,High
,alarm clock bakelike chocolate,2440.35,600,139,17.556474820143883,2010-09-24 13:04:00,2010-12-09 13:38:00,76,Short,0,Active,0,Active,Healthy,High
,choc truffle gold trinket pot,2436.92,1479,186,13.101720430107527,2009-12-02 14:43:00,2010-12-08 10:40:00,370,Medium,1,Active,0,Active,Healthy,High
,doormat christmas village,2430.45,305,97,25.056185567010306,2010-06-28 13:53:00,2010-11-24 09:54:00,148,Medium,15,Active,0,Active,At Risk,High
,polka dot raffia food cover,2426.69,883,124,19.57008064516129,2009-12-01 14:35:00,2010-12-09 12:17:00,372,Medium,0,Active,0,Active,Healthy,High
,embossed heart 3 drawer shelf,2420.69,175,105,23.054190476190477,2009-12-04 13:01:00,2010-11-05 11:58:00,335,Medium,34,At Risk,0,Active,At Risk,High
,pack of 6 sandcastle flags assorted,2419.34,3068,182,13.293076923076924,2010-03-25 14:12:00,2010-12-06 10:08:00,255,Medium,3,Active,0,Active,Healthy,High
,tea cosy red  stripe,2418.63,972,153,15.808039215686275,2009-12-02 13:06:00,2010-12-09 16:26:00,372,Medium,0,Active,0,Active,Healthy,High
,dinosaur party bag + sticker set,2418.0499999999997,1541,166,14.566566265060239,2009-12-03 15:15:00,2010-12-05 13:21:00,366,Medium,4,Active,0,Active,Healthy,High
,12 pencils tall tube skulls,2417.5299999999997,2764,331,7.303716012084592,2009-12-01 11:37:00,2010-12-09 13:47:00,373,Medium,0,Active,0,Active,Healthy,High
,birds mobile vintage design,2415.6,412,108,22.366666666666667,2009-12-01 10:46:00,2010-12-02 12:28:00,366,Medium,7,Active,0,Active,At Risk,High
,balloons  writing set,2405.9,1186,320,7.5184375,2009-12-01 14:28:00,2010-12-08 14:25:00,371,Medium,1,Active,0,Active,Healthy,High
,sweetheart carry-all basket,2405.32,279,137,17.557080291970806,2010-05-02 15:48:00,2010-12-08 14:25:00,219,Medium,1,Active,0,Active,Healthy,High
,cast iron hook garden trowel,2401.99,1008,155,15.496709677419354,2010-03-04 11:44:00,2010-12-09 14:09:00,280,Medium,0,Active,0,Active,Healthy,High
,red flower crochet food cover,2400.4,633,167,14.37365269461078,2009-12-01 13:29:00,2010-12-09 11:28:00,372,Medium,0,Active,0,Active,Healthy,High
,christmas retrospot tree wood,2398.48,2836,235,10.206297872340425,2010-07-16 15:26:00,2010-12-09 14:09:00,145,Medium,0,Active,0,Active,Healthy,High
72802B,ocean scent candle in jewelled box,2397.21,561,138,17.37108695652174,2009-12-01 11:51:00,2010-12-09 12:49:00,373,Medium,0,Active,0,Active,Healthy,High
,photo frame 3 classic hanging,2396.19,237,91,26.33175824175824,2010-10-10 11:32:00,2010-12-09 14:55:00,60,Short,0,Active,0,Active,At Risk,High
,cast iron hook garden fork,2394.02,1015,157,15.248535031847133,2010-03-04 11:44:00,2010-12-09 14:09:00,280,Medium,0,Active,0,Active,Healthy,High
,white bamboo ribs lampshade,2390.99,2745,91,26.274615384615384,2009-12-06 13:40:00,2010-12-09 14:55:00,368,Medium,0,Active,0,Active,At Risk,High
,12 ivory rose peg place settings,2390.79,1827,193,12.387512953367876,2009-12-03 16:54:00,2010-12-06 13:59:00,367,Medium,3,Active,0,Active,Healthy,High
,union jack flag luggage tag,2388.7599999999998,1462,271,8.81461254612546,2009-12-01 11:51:00,2010-12-09 13:34:00,373,Medium,0,Active,0,Active,Healthy,High
,retro spot sugar jam bowl,2382.2400000000002,921,196,12.154285714285715,2009-12-01 11:50:00,2010-06-14 14:06:00,195,Medium,178,Inactive,1,Churned,Churned,High
,sandalwood fan,2381.39,3027,164,14.520670731707316,2009-12-03 12:02:00,2010-12-07 15:28:00,369,Medium,2,Active,0,Active,Healthy,High
,12 pencils tall tube woodland,2377.77,2799,276,8.615108695652173,2009-12-01 12:47:00,2010-12-09 15:23:00,373,Medium,0,Active,0,Active,Healthy,High
,salle de bain hook,2376.08,1828,246,9.658861788617886,2009-12-01 16:34:00,2010-12-09 18:58:00,373,Medium,0,Active,0,Active,Healthy,High
,english rose table cloth,2373.01,220,78,30.42320512820513,2009-12-02 14:06:00,2010-04-26 14:22:00,145,Medium,227,Inactive,1,Churned,Churned,High
,love heart pocket warmer,2365.64,1774,182,12.998021978021978,2009-12-01 12:13:00,2010-12-09 16:31:00,373,Medium,0,Active,0,Active,Healthy,High
,red retrospot shopper bag,2362.62,1654,132,17.898636363636363,2010-09-23 20:07:00,2010-12-09 13:57:00,76,Short,0,Active,0,Active,Healthy,High
,christmas star wish list chalkboard,2360.7799999999997,2855,176,13.413522727272726,2010-07-16 15:26:00,2010-11-15 13:39:00,121,Medium,24,Active,0,Active,Healthy,High
,easter tree yellow birds,2356.42,380,86,27.400232558139535,2009-12-01 12:32:00,2010-11-22 12:36:00,356,Medium,17,Active,0,Active,At Risk,High
,cardholder gingham christmas tree,2354.94,938,123,19.145853658536584,2010-07-16 15:26:00,2010-12-08 16:34:00,145,Medium,1,Active,0,Active,Healthy,High
,24 hanging easter eggs floral tub,2350.92,677,109,21.568073394495414,2009-12-08 18:18:00,2010-03-28 15:16:00,109,Medium,256,Inactive,1,Churned,Churned,High
46000M,polyester filler pad 45x45cm,2349.8,2524,227,10.351541850220265,2009-12-01 14:59:00,2010-12-07 15:54:00,371,Medium,2,Active,0,Active,Healthy,High
85132C,charlie and lola figures tins,2340.1,550,99,23.637373737373736,2009-12-01 09:24:00,2010-12-09 14:09:00,373,Medium,0,Active,0,Active,At Risk,High
,enamel wash bowl cream,2340.03,630,175,13.3716,2010-04-08 10:57:00,2010-12-05 16:41:00,241,Medium,4,Active,0,Active,Healthy,High
,t-light glass fluted antique,2337.83,1891,113,20.688761061946902,2010-10-22 11:41:00,2010-12-09 14:28:00,48,Short,0,Active,0,Active,Healthy,High
84509F,set of 4 new england placemats,2336.1,2749,36,64.89166666666667,2010-02-18 12:50:00,2010-11-10 10:50:00,264,Medium,29,Active,0,Active,At Risk,High
,skull design tv dinner tray,2334.81,465,125,18.67848,2010-03-05 14:30:00,2010-12-09 16:27:00,279,Medium,0,Active,0,Active,Healthy,High
ADJUST,adjustment by john on 26/01/2010 16,2334.43,20,20,116.72149999999999,2010-01-26 16:20:00,2010-01-26 16:57:00,0,Short,317,Inactive,1,Churned,Churned,High
,button box,2334.24,1200,143,16.323356643356643,2010-07-19 10:31:00,2010-12-09 14:44:00,143,Medium,0,Active,0,Active,Healthy,High
,garland with hearts and bells,2330.7,440,112,20.80982142857143,2009-12-01 12:14:00,2010-12-09 16:53:00,373,Medium,0,Active,0,Active,Healthy,High
,office mug warmer choc+blue,2326.76,592,132,17.6269696969697,2009-12-02 14:36:00,2010-12-09 14:09:00,371,Medium,0,Active,0,Active,Healthy,High
,cake plate lovebird white,2325.19,441,186,12.501021505376345,2009-12-01 11:45:00,2010-12-05 12:42:00,369,Medium,4,Active,0,Active,Healthy,High
,ribbon reel making snowmen,2321.38,1336,205,11.323804878048781,2010-09-19 13:01:00,2010-12-09 14:49:00,81,Short,0,Active,0,Active,Healthy,High
,make your own monsoon card kit,2307.9,690,142,16.25281690140845,2010-08-10 17:02:00,2010-12-09 14:09:00,120,Medium,0,Active,0,Active,Healthy,High
,pencil case life is beautiful,2303.46,742,148,15.563918918918919,2010-03-17 15:24:00,2010-12-09 16:57:00,267,Medium,0,Active,0,Active,Healthy,High
84279B,cherry blossom decorative flask,2302.2200000000003,616,146,15.768630136986303,2009-12-01 14:28:00,2010-06-30 12:47:00,210,Medium,162,Inactive,1,Churned,Churned,High
,mushroom blue hot water bottle,2296.76,740,184,12.482391304347827,2009-12-01 10:59:00,2010-10-17 16:17:00,320,Medium,53,At Risk,0,Active,At Risk,High
,5 hook hanger red magic toadstool,2288.97,1481,89,25.718764044943818,2010-09-17 11:33:00,2010-12-09 14:27:00,83,Short,0,Active,0,Active,At Risk,High
,emergency first aid tin,2283.71,1771,237,9.63590717299578,2010-01-29 13:53:00,2010-12-09 14:55:00,314,Medium,0,Active,0,Active,Healthy,High
85049D,bright blues ribbons,2280.47,1825,298,7.652583892617449,2009-12-01 11:58:00,2010-12-07 14:58:00,371,Medium,2,Active,0,Active,Healthy,High
,red spotty purse,2278.17,736,156,14.603653846153847,2009-12-01 12:47:00,2010-11-07 15:57:00,341,Medium,32,At Risk,0,Active,At Risk,High
85049C,romantic pinks ribbons,2278.11,1803,284,8.021514084507043,2009-12-01 11:58:00,2010-12-07 14:58:00,371,Medium,2,Active,0,Active,Healthy,High
,cherry crochet food cover,2274.36,765,154,14.768571428571429,2009-12-01 13:29:00,2010-12-08 12:35:00,371,Medium,1,Active,0,Active,Healthy,High
85014C,blue/brown dots ruffled umbrella,2270.73,547,72,31.537916666666668,2009-12-01 11:37:00,2010-06-11 15:03:00,192,Medium,181,Inactive,1,Churned,Churned,High
,savoy art deco clock,2268.95,177,98,23.15255102040816,2010-03-07 10:58:00,2010-12-07 15:28:00,275,Medium,2,Active,0,Active,At Risk,High
,tool box soft toy,2267.67,226,125,18.14136,2009-12-01 14:28:00,2010-12-08 13:11:00,371,Medium,1,Active,0,Active,Healthy,High
,french bathroom sign blue metal,2263.08,1393,157,14.414522292993631,2010-08-17 11:21:00,2010-12-07 18:36:00,112,Medium,2,Active,0,Active,Healthy,High
,make your own flowerpower card kit,2252.07,601,158,14.25360759493671,2010-08-10 12:40:00,2010-12-09 20:01:00,121,Medium,0,Active,0,Active,Healthy,High
,rose des padded floor cushion,2249.41,664,44,51.12295454545454,2009-12-04 12:59:00,2010-03-24 10:30:00,109,Medium,260,Inactive,1,Churned,Churned,High
,no junk mail metal sign,2245.44,2372,245,9.165061224489795,2009-12-01 11:21:00,2010-12-09 16:31:00,373,Medium,0,Active,0,Active,Healthy,High
,multicolour spring flower mug,2231.22,11130,75,29.749599999999997,2009-12-01 14:44:00,2010-12-09 16:31:00,373,Medium,0,Active,0,Active,At Risk,High
,blue tea towel classic design,2231.07,1887,171,13.047192982456142,2010-03-05 11:16:00,2010-12-09 13:34:00,279,Medium,0,Active,0,Active,Healthy,High
,alphabet stencil craft,2230.38,1926,167,13.35556886227545,2010-03-24 13:15:00,2010-12-09 14:19:00,260,Medium,0,Active,0,Active,Healthy,High
,hanging ridge glass t-light holder,2216.66,1360,87,25.47885057471264,2009-12-02 14:09:00,2010-07-05 10:07:00,214,Medium,157,Inactive,1,Churned,Churned,High
,giant medina stamped metal bowl,2214.91,231,77,28.765064935064935,2009-12-02 12:43:00,2010-11-30 13:41:00,363,Medium,9,Active,0,Active,At Risk,High
,assorted creepy crawlies,2213.39,5354,171,12.943801169590643,2009-12-04 16:45:00,2010-12-09 15:20:00,369,Medium,0,Active,0,Active,Healthy,High
,bag 125g swirly marbles,2212.58,5405,275,8.045745454545454,2009-12-02 10:52:00,2010-12-09 13:08:00,372,Medium,0,Active,0,Active,Healthy,High
,dog bowl chasing ball design,2212.22,469,104,21.271346153846153,2010-06-30 13:03:00,2010-12-08 14:25:00,161,Medium,1,Active,0,Active,At Risk,High
,star wooden christmas decoration,2204.08,2438,208,10.596538461538461,2010-07-18 11:31:00,2010-12-09 14:56:00,144,Medium,0,Active,0,Active,Healthy,High
,magnets pack of 4 swallows,2202.14,1745,193,11.410051813471503,2010-03-26 14:32:00,2010-12-09 14:19:00,257,Medium,0,Active,0,Active,Healthy,High
,"key fob , front  door",2199.32,3478,272,8.085735294117647,2009-12-01 12:36:00,2010-12-09 14:09:00,373,Medium,0,Active,0,Active,Healthy,High
,set of 36 mushroom paper doilies,2198.18,1517,181,12.1446408839779,2009-12-02 13:06:00,2010-12-06 11:26:00,368,Medium,3,Active,0,Active,Healthy,High
,tablecloth red apples design,2192.9,263,73,30.03972602739726,2010-09-24 16:50:00,2010-12-09 12:17:00,75,Short,0,Active,0,Active,Weak,High
,eight piece dinosaur set,2188.06,1702,215,10.177023255813953,2009-12-01 11:45:00,2010-12-09 14:09:00,373,Medium,0,Active,0,Active,At Risk,High
85049F,baby boom ribbons,2185.41,1755,231,9.46064935064935,2009-12-02 11:34:00,2010-12-05 14:19:00,368,Medium,4,Active,0,Active,At Risk,High
,set of 12 lily botanical t-lights,2182.19,750,148,14.744527027027027,2009-12-01 12:13:00,2010-10-27 12:55:00,330,Medium,43,At Risk,0,Active,At Risk,High
,72 cake cases vintage christmas,2178.14,4346,101,21.565742574257424,2010-09-17 15:04:00,2010-12-06 10:24:00,79,Short,3,Active,0,Active,Weak,High
,antique glass dressing table pot,2176.1600000000003,688,112,19.430000000000003,2010-10-22 13:27:00,2010-12-09 13:21:00,47,Short,0,Active,0,Active,At Risk,High
,3 tier cake tin green and cream,2170.67,137,70,31.00957142857143,2010-10-14 16:09:00,2010-12-09 16:26:00,56,Short,0,Active,0,Active,Weak,High
,set of 6 strawberry chopsticks,2169.84,1835,136,15.954705882352942,2009-12-01 13:29:00,2010-12-07 18:36:00,371,Medium,2,Active,0,Active,At Risk,High
,red tea towel classic design,2169.62,1786,203,10.687783251231526,2010-03-05 11:16:00,2010-12-09 13:21:00,279,Medium,0,Active,0,Active,At Risk,High
,"spring dec , hanging chick  yellow",2164.88,1640,109,19.861284403669725,2009-12-03 12:28:00,2010-11-17 16:48:00,349,Medium,22,Active,0,Active,At Risk,High
,"decoration, hanging heart+mirror",2161.0,2983,287,7.529616724738676,2009-12-02 12:09:00,2010-10-20 10:10:00,321,Medium,50,At Risk,0,Active,At Risk,High
,large white honeycomb paper bell,2158.7000000000003,982,119,18.140336134453783,2009-12-01 14:28:00,2010-12-09 16:53:00,373,Medium,0,Active,0,Active,At Risk,High
,small red retrospot mug in box,2157.3,576,124,17.39758064516129,2010-04-07 13:54:00,2010-12-08 14:38:00,245,Medium,1,Active,0,Active,At Risk,High
,childs garden brush blue,2156.21,1051,194,11.114484536082474,2010-03-25 14:12:00,2010-12-09 18:58:00,259,Medium,0,Active,0,Active,At Risk,High
,green  spotty plate,2155.17,1308,146,14.761438356164383,2009-12-01 11:21:00,2010-10-04 11:16:00,306,Medium,66,Inactive,1,Churned,Churned,High
,childrens garden gloves pink,2154.69,1483,266,8.100338345864662,2010-03-25 14:12:00,2010-12-09 16:31:00,259,Medium,0,Active,0,Active,At Risk,High
,red spotty big bowl,2150.85,423,101,21.295544554455443,2009-12-01 13:41:00,2010-09-20 12:54:00,292,Medium,80,Inactive,1,Churned,Churned,High
,set of 4 napkin charms hearts,2147.08,868,135,15.904296296296296,2010-07-18 12:49:00,2010-12-09 13:08:00,144,Medium,0,Active,0,Active,At Risk,High
,set 12 lavender  botanical t-lights,2143.86,750,148,14.48554054054054,2009-12-02 12:06:00,2010-12-09 13:34:00,372,Medium,0,Active,0,Active,At Risk,High
84509A,set of 4 english rose placemats,2139.27,528,153,13.982156862745098,2010-02-16 14:32:00,2010-12-09 14:09:00,295,Medium,0,Active,0,Active,At Risk,High
,set/6 fruit salad  paper plates,2130.62,14660,38,56.06894736842105,2009-12-10 13:59:00,2010-10-11 12:52:00,304,Medium,59,At Risk,0,Active,At Risk,High
,japanese crocheted animal,2128.72,5196,182,11.696263736263735,2009-12-01 12:32:00,2010-11-22 11:39:00,355,Medium,17,Active,0,Active,At Risk,High
,heads and tails sporting fun,2126.66,1604,237,8.97324894514768,2010-03-25 14:22:00,2010-12-09 15:16:00,259,Medium,0,Active,0,Active,At Risk,High
,"christmas garland stars,trees",2126.45,834,98,21.6984693877551,2009-12-01 14:28:00,2010-12-05 12:57:00,368,Medium,4,Active,0,Active,Weak,High
,cosmetic bag vintage rose paisley,2126.4,1024,154,13.807792207792208,2009-12-01 13:07:00,2010-12-06 16:57:00,370,Medium,3,Active,0,Active,At Risk,High
,assorted cakes fridge magnets,2126.27,2806,180,11.812611111111112,2009-12-01 09:28:00,2010-12-02 11:41:00,366,Medium,7,Active,0,Active,At Risk,High
,charlotte bag pink polkadot,2125.45,1715,183,11.61448087431694,2010-09-23 14:15:00,2010-12-09 14:09:00,76,Short,0,Active,0,Active,At Risk,High
,dinosaurs  writing set,2121.96,1178,283,7.49809187279152,2009-12-01 09:24:00,2010-12-09 20:01:00,373,Medium,0,Active,0,Active,At Risk,High
,white bell honeycomb paper,2117.2999999999997,1143,145,14.602068965517239,2009-12-01 14:44:00,2010-12-09 16:53:00,373,Medium,0,Active,0,Active,At Risk,High
,set of 72 skull paper  doilies,2115.87,1536,137,15.444306569343064,2009-12-02 13:57:00,2010-12-09 20:01:00,372,Medium,0,Active,0,Active,At Risk,High
,folding umbrella  choc/white  spot,2115.77,533,49,43.178979591836736,2009-12-02 11:31:00,2010-09-27 09:23:00,298,Medium,73,Inactive,1,Churned,Churned,High
,set of 6 kashmir folkart baubles,2114.37,444,118,17.918389830508474,2009-12-01 14:28:00,2010-12-09 13:59:00,372,Medium,0,Active,0,Active,At Risk,High
,childs garden brush pink,2112.48,1036,180,11.736,2010-03-25 14:12:00,2010-12-07 15:34:00,257,Medium,2,Active,0,Active,At Risk,High
,mini jigsaw spaceboy,2110.38,5023,180,11.724333333333334,2010-03-25 16:25:00,2010-12-08 16:49:00,258,Medium,1,Active,0,Active,At Risk,High
85040A,s/4 pink flower candles in bowl,2103.7599999999998,1198,250,8.41504,2009-12-01 14:50:00,2010-12-07 18:36:00,371,Medium,2,Active,0,Active,At Risk,High
,bath duck watering can,2102.46,848,110,19.113272727272726,2009-12-03 14:28:00,2010-08-18 11:16:00,257,Medium,113,Inactive,1,Churned,Churned,High
40018F,cherry design paperlanterns,2100.33,1092,117,17.951538461538462,2009-12-01 13:31:00,2010-09-05 10:54:00,277,Medium,95,Inactive,1,Churned,Churned,High
,magic drawing slate circus parade,2093.89,4728,221,9.474615384615385,2010-03-31 11:58:00,2010-12-09 14:09:00,253,Medium,0,Active,0,Active,At Risk,High
,rex cash+carry jumbo shopper,2091.9,2204,1075,1.945953488372093,2009-12-01 11:57:00,2010-12-09 20:01:00,373,Medium,0,Active,0,Active,At Risk,High
,dairy maid stripe mug,2091.21,633,78,26.810384615384617,2009-12-09 09:42:00,2010-12-07 13:01:00,363,Medium,2,Active,0,Active,Weak,High
79323S,silver cherry lights,2084.32,334,56,37.220000000000006,2009-12-01 10:46:00,2010-09-16 09:07:00,288,Medium,84,Inactive,1,Churned,Churned,High
,s/15 silver glass baubles in bag,2082.93,1653,171,12.180877192982456,2009-12-01 13:29:00,2010-12-09 13:08:00,372,Medium,0,Active,0,Active,At Risk,High
,girly pink tool set,2079.4700000000003,381,110,18.90427272727273,2009-12-01 13:41:00,2010-12-01 09:41:00,364,Medium,8,Active,0,Active,At Risk,High
84797B,blue savannah picnic hamper for 4,2077.82,344,52,39.95807692307692,2009-12-01 14:43:00,2010-06-01 12:00:00,181,Medium,191,Inactive,1,Churned,Churned,High
,12 pencils tall tube red spotty,2074.06,2358,258,8.038992248062016,2009-12-01 12:47:00,2010-11-02 12:37:00,335,Medium,37,At Risk,0,Active,At Risk,High
,green christmas tree string 20light,2072.9900000000002,434,74,28.01337837837838,2009-12-01 11:45:00,2010-12-06 14:51:00,370,Medium,3,Active,0,Active,Weak,High
,carnival bracelet,2071.64,163,86,24.088837209302323,2009-12-01 10:59:00,2010-12-06 16:57:00,370,Medium,3,Active,0,Active,Weak,High
,"elephant, birthday card,",2070.12,4990,326,6.350061349693251,2009-12-02 12:32:00,2010-12-06 16:57:00,369,Medium,3,Active,0,Active,At Risk,High
,red love heart shape cup,2069.08,2319,241,8.58539419087137,2009-12-01 12:32:00,2010-12-08 14:25:00,372,Medium,1,Active,0,Active,At Risk,High
,hanging glass etched tealight,2067.91,1272,118,17.52466101694915,2009-12-03 11:25:00,2010-12-09 14:05:00,371,Medium,0,Active,0,Active,At Risk,High
,eau de nil diner wall clock,2067.2,248,119,17.37142857142857,2009-12-01 17:31:00,2010-06-04 09:52:00,184,Medium,188,Inactive,1,Churned,Churned,High
,rocking horse green christmas,2066.7999999999997,2288,203,10.181280788177338,2010-07-22 15:06:00,2010-12-09 14:55:00,139,Medium,0,Active,0,Active,At Risk,High
84509B,set of 4 fairy cake placemats,2064.9700000000003,540,133,15.526090225563912,2010-02-18 14:43:00,2010-12-08 11:16:00,292,Medium,1,Active,0,Active,At Risk,High
,60 gold and silver fairy cake cases,2061.09,4246,191,10.791047120418849,2009-12-01 11:58:00,2010-11-07 11:55:00,340,Medium,32,At Risk,0,Active,At Risk,High
,gumball magazine rack,2060.76,268,86,23.96232558139535,2010-10-17 10:56:00,2010-12-08 16:48:00,52,Short,1,Active,0,Active,Weak,High
,cowboys and indians birthday card,2059.71,5064,360,5.721416666666666,2009-12-03 13:51:00,2010-12-07 15:28:00,369,Medium,2,Active,0,Active,At Risk,High
,set/20 woodland paper napkins,2058.1,2790,192,10.719270833333333,2009-12-02 13:00:00,2010-09-09 17:46:00,281,Medium,91,Inactive,1,Churned,Churned,High
,triangular pouffe vintage,2053.5299999999997,103,55,37.33690909090909,2009-12-02 12:06:00,2010-12-09 11:48:00,371,Medium,0,Active,0,Active,Weak,High
,pack 20 dolly pegs,2051.0,2505,231,8.878787878787879,2009-12-01 09:28:00,2010-10-15 13:15:00,318,Medium,55,At Risk,0,Active,At Risk,High
,brocante coat rack,2047.45,266,31,66.04677419354839,2010-10-17 09:54:00,2010-12-09 14:09:00,53,Short,0,Active,0,Active,Weak,High
,red retrospot apron,2047.1000000000001,372,76,26.935526315789474,2010-09-27 15:56:00,2010-12-09 14:08:00,72,Short,0,Active,0,Active,Weak,High
,christmas hanging heart with bell,2041.1399999999999,1596,153,13.34078431372549,2009-12-01 18:13:00,2010-12-08 14:43:00,371,Medium,1,Active,0,Active,At Risk,High
,toast its - best mum,2040.61,1733,130,15.697,2009-12-02 09:47:00,2010-12-08 13:53:00,371,Medium,1,Active,0,Active,At Risk,High
,retrospot party bag + sticker set,2039.5499999999997,1291,105,19.424285714285713,2010-09-23 14:47:00,2010-12-09 14:56:00,77,Short,0,Active,0,Active,Weak,High
,set 12 wildflower botanical t-light,2025.77,698,113,17.92716814159292,2009-12-01 12:33:00,2010-09-29 14:43:00,302,Medium,71,Inactive,1,Churned,Churned,High
,mobile vintage hearts,2022.33,453,134,15.092014925373133,2009-12-01 13:29:00,2010-12-08 14:25:00,372,Medium,1,Active,0,Active,At Risk,High
,lads only tissue box,2022.21,1725,160,12.6388125,2009-12-02 09:47:00,2010-12-09 14:09:00,372,Medium,0,Active,0,Active,At Risk,High
47591C,blue fairy cake child's apron,2021.47,1051,158,12.794113924050633,2009-12-01 13:37:00,2010-07-07 11:18:00,217,Medium,155,Inactive,1,Churned,Churned,High
15044C,purple paper parasol,2019.0400000000002,657,145,13.924413793103449,2009-12-01 14:28:00,2010-12-06 14:51:00,370,Medium,3,Active,0,Active,At Risk,High
,ivory diner wall clock,2016.2,242,97,20.78556701030928,2010-09-24 12:39:00,2010-12-09 18:09:00,76,Short,0,Active,0,Active,Weak,High
,porcelain t-light holders assorted,2013.73,1559,148,13.606283783783784,2009-12-01 12:13:00,2010-12-09 14:09:00,373,Medium,0,Active,0,Active,At Risk,High
,t-light holder hanging lace,2008.59,1551,134,14.989477611940298,2009-12-09 14:48:00,2010-12-06 16:57:00,362,Medium,3,Active,0,Active,At Risk,High
84912B,green rose washbag,2008.55,822,107,18.7714953271028,2009-12-01 11:37:00,2010-12-09 14:09:00,373,Medium,0,Active,0,Active,Weak,High
79323G,gold  cherry lights,2007.88,314,61,32.916065573770496,2009-12-01 18:03:00,2010-04-19 12:39:00,138,Medium,234,Inactive,1,Churned,Churned,High
,red retrospot oven glove,2001.34,1546,140,14.295285714285713,2010-09-27 10:56:00,2010-12-09 16:35:00,73,Short,0,Active,0,Active,At Risk,High
,magnets pack of 4 vintage collage,1999.64,1726,102,19.604313725490197,2010-03-26 13:46:00,2010-12-09 14:09:00,258,Medium,0,Active,0,Active,Weak,High
,floral folk stationery set,1994.3500000000001,961,167,11.942215568862276,2009-12-01 12:14:00,2010-12-09 16:31:00,373,Medium,0,Active,0,Active,At Risk,High
,cream sweetheart egg holder,1992.47,406,89,22.387303370786515,2010-09-16 14:08:00,2010-12-09 09:34:00,83,Short,0,Active,0,Active,Weak,High
,blue padded soft mobile,1989.22,470,168,11.840595238095238,2009-12-01 09:08:00,2010-11-29 13:55:00,363,Medium,10,Active,0,Active,At Risk,High
84031B,charlie lola blue hot water bottle,1988.27,564,141,14.101205673758866,2009-12-01 09:24:00,2010-12-08 14:25:00,372,Medium,1,Active,0,Active,At Risk,High
,pink flower crochet food cover,1985.3400000000001,558,110,18.048545454545454,2009-12-01 13:29:00,2010-12-03 12:24:00,366,Medium,6,Active,0,Active,At Risk,High
,skulls writing set,1984.56,1098,258,7.692093023255814,2009-12-02 12:13:00,2010-12-09 20:01:00,372,Medium,0,Active,0,Active,At Risk,High
,assorted ice cream fridge magnets,1981.8500000000001,2869,164,12.084451219512196,2009-12-01 14:28:00,2010-09-09 15:44:00,282,Medium,91,Inactive,1,Churned,Churned,High
,set of 2 round tins camembert,1980.72,672,143,13.85118881118881,2010-01-29 13:46:00,2010-12-09 10:37:00,313,Medium,0,Active,0,Active,At Risk,High
,empire gift wrap,1977.5,4875,155,12.758064516129032,2009-12-02 13:20:00,2010-11-30 15:09:00,363,Medium,9,Active,0,Active,At Risk,High
,silk purse russian doll red,1975.27,605,88,22.44625,2010-03-17 10:34:00,2010-08-19 16:53:00,155,Medium,112,Inactive,1,Churned,Churned,High
,set of 6 cake chopsticks,1971.96,1668,123,16.03219512195122,2009-12-01 11:45:00,2010-12-09 14:09:00,373,Medium,0,Active,0,Active,At Risk,High
,set of 4 diamond napkin rings,1970.71,260,63,31.281111111111112,2009-12-01 13:29:00,2010-12-07 15:59:00,371,Medium,2,Active,0,Active,Weak,High
,opulent velvet set/3 candles,1969.6299999999999,1271,126,15.631984126984126,2009-12-02 16:18:00,2010-11-26 14:41:00,358,Medium,13,Active,0,Active,At Risk,High
85184C,s/4 valentine decoupage heart box,1967.99,640,158,12.455632911392405,2009-12-01 14:28:00,2010-12-02 13:38:00,365,Medium,7,Active,0,Active,At Risk,Medium
,money box biscuits design,1965.76,1436,107,18.37158878504673,2010-03-26 13:46:00,2010-12-06 09:58:00,254,Medium,3,Active,0,Active,Weak,Medium
,3 hook hanger magic garden,1965.41,1083,73,26.923424657534248,2010-09-17 11:33:00,2010-12-09 14:09:00,83,Short,0,Active,0,Active,Weak,Medium
,silk purse babushka red,1964.3700000000001,567,119,16.507310924369747,2010-08-11 12:19:00,2010-12-09 15:16:00,120,Medium,0,Active,0,Active,At Risk,Medium
,green spotty bowl,1963.44,1564,214,9.174953271028038,2009-12-01 14:28:00,2010-10-04 11:16:00,306,Medium,66,Inactive,1,Churned,Churned,Medium
,heart t-light holder,1962.9399999999998,2589,151,12.999602649006622,2009-12-01 15:19:00,2010-12-08 14:59:00,371,Medium,1,Active,0,Active,At Risk,Medium
,wrap christmas village,1962.5,4825,142,13.820422535211268,2010-09-06 17:13:00,2010-12-03 11:41:00,87,Short,6,Active,0,Active,At Risk,Medium
84872A,teatime funky flower backpack for 2,1953.8999999999999,176,100,19.538999999999998,2009-12-01 14:44:00,2010-12-09 16:31:00,373,Medium,0,Active,0,Active,Weak,Medium
,large red babushka notebook,1948.8400000000001,1622,158,12.334430379746836,2010-08-08 15:53:00,2010-12-09 14:09:00,122,Medium,0,Active,0,Active,At Risk,Medium
,kitchen metal sign,1937.0400000000002,3577,410,4.724487804878049,2009-12-01 14:28:00,2010-12-09 16:52:00,373,Medium,0,Active,0,Active,At Risk,Medium
,large medina stamped metal bowl,1935.63,397,100,19.3563,2009-12-03 15:35:00,2010-12-09 14:28:00,370,Medium,0,Active,0,Active,Weak,Medium
,dairy maid  pudding bowl,1924.51,1308,51,37.73549019607843,2009-12-01 12:02:00,2010-12-09 13:34:00,373,Medium,0,Active,0,Active,Weak,Medium
,set of 4 napkin charms cutlery,1917.96,766,124,15.467419354838709,2010-07-23 12:02:00,2010-12-09 14:28:00,139,Medium,0,Active,0,Active,At Risk,Medium
,cosy slipper shoes large green,1913.9,586,155,12.347741935483871,2009-12-01 13:29:00,2010-12-09 14:09:00,373,Medium,0,Active,0,Active,At Risk,Medium
,light garland butterfiles pink,1910.54,502,52,36.74115384615384,2010-10-22 11:07:00,2010-12-09 15:32:00,48,Short,0,Active,0,Active,Weak,Medium
,set/10 pink polkadot party candles,1909.36,1610,87,21.946666666666665,2010-09-24 12:05:00,2010-12-09 12:17:00,76,Short,0,Active,0,Active,Weak,Medium
84519A,tomato charlie+lola coaster set,1906.51,695,117,16.294957264957265,2009-12-01 09:24:00,2010-12-06 16:57:00,370,Medium,3,Active,0,Active,At Risk,Medium
85162B,black retrodisc lampshade,1905.15,977,13,146.55,2009-12-07 16:28:00,2010-06-08 12:55:00,182,Medium,184,Inactive,1,Churned,Churned,Medium
,magic drawing slate purdey,1901.24,4810,210,9.05352380952381,2010-03-28 13:31:00,2010-12-09 11:35:00,255,Medium,0,Active,0,Active,At Risk,Medium
,glitter heart garland with bells,1899.28,499,99,19.184646464646466,2009-12-01 14:58:00,2010-12-08 15:56:00,372,Medium,1,Active,0,Active,Weak,Medium
,glitter star garland with bells,1898.01,472,100,18.9801,2009-12-01 11:34:00,2010-12-08 14:25:00,372,Medium,1,Active,0,Active,Weak,Medium
,red retrospot peg bag,1896.22,909,132,14.36530303030303,2010-09-27 16:15:00,2010-12-09 12:17:00,72,Short,0,Active,0,Active,At Risk,Medium
,glass cake stand,1891.7,120,66,28.662121212121214,2009-12-02 14:43:00,2010-11-07 12:31:00,339,Medium,32,At Risk,0,Active,At Risk,Medium
,medium medina stamped metal bowl,1888.43,652,98,19.26969387755102,2009-12-02 14:36:00,2010-12-09 14:28:00,371,Medium,0,Active,0,Active,Weak,Medium
,dairy maid butter dish,1885.33,1209,39,48.34179487179487,2010-04-07 11:04:00,2010-09-09 15:44:00,155,Medium,91,Inactive,1,Churned,Churned,Medium
,funky diva pen,1884.83,2174,65,28.997384615384615,2010-09-30 14:46:00,2010-12-09 13:03:00,69,Short,0,Active,0,Active,Weak,Medium
,silver plate candle bowl small,1874.18,607,92,20.371521739130436,2009-12-01 14:28:00,2010-12-08 15:59:00,372,Medium,1,Active,0,Active,Weak,Medium
,party cones candy tree decoration,1873.8,2064,75,24.983999999999998,2009-12-02 13:33:00,2010-12-05 13:42:00,368,Medium,4,Active,0,Active,Weak,Medium
,silver lattice vanilla candle pot,1872.87,493,107,17.503457943925234,2009-12-01 14:59:00,2010-12-09 12:49:00,372,Medium,0,Active,0,Active,Weak,Medium
,set/6 woodland paper cups,1872.68,13731,66,28.373939393939395,2009-12-01 09:57:00,2010-07-12 12:44:00,223,Medium,150,Inactive,1,Churned,Churned,Medium
,silver plate candle bowl large,1871.23,477,101,18.527029702970296,2009-12-01 14:28:00,2010-09-14 13:45:00,286,Medium,86,Inactive,1,Churned,Churned,Medium
,set/6 woodland paper plates,1868.7,13700,47,39.759574468085106,2009-12-01 09:57:00,2010-03-18 12:47:00,107,Medium,266,Inactive,1,Churned,Churned,Medium
,6 ribbons empire,1867.95,1129,161,11.602173913043478,2009-12-01 11:45:00,2010-12-07 15:28:00,371,Medium,2,Active,0,Active,At Risk,Medium
,5 hook hanger magic toadstool,1867.11,1190,83,22.495301204819278,2010-09-17 13:08:00,2010-12-09 14:09:00,83,Short,0,Active,0,Active,Weak,Medium
,red retrospot pudding bowl,1865.37,424,127,14.687952755905512,2010-04-01 12:56:00,2010-12-08 14:22:00,251,Medium,1,Active,0,Active,At Risk,Medium
,airline bag vintage world champion,1860.26,342,155,12.001677419354838,2010-02-11 11:24:00,2010-12-09 14:09:00,301,Medium,0,Active,0,Active,At Risk,Medium
,small purple babushka notebook,1860.23,2138,264,7.046325757575758,2010-08-06 17:36:00,2010-12-09 17:27:00,124,Medium,0,Active,0,Active,At Risk,Medium
,wooden owls light garland,1859.79,483,52,35.76519230769231,2010-10-24 11:14:00,2010-12-09 15:32:00,46,Short,0,Active,0,Active,Weak,Medium
,blue felt easter egg basket,1859.4599999999998,1072,163,11.407730061349692,2009-12-14 14:02:00,2010-12-05 12:01:00,355,Medium,4,Active,0,Active,At Risk,Medium
,set 20 napkins fairy cakes design,1859.37,2454,185,10.050648648648648,2010-08-19 19:03:00,2010-12-09 19:23:00,112,Medium,0,Active,0,Active,At Risk,Medium
,ivory paper cup cake cases,1859.1,3410,171,10.871929824561404,2009-12-04 11:32:00,2010-12-08 14:46:00,369,Medium,1,Active,0,Active,At Risk,Medium
84856S,small tahiti beach bag,1858.61,463,32,58.0815625,2009-12-14 17:57:00,2010-07-19 15:58:00,216,Medium,143,Inactive,1,Churned,Churned,Medium
,childrens garden gloves blue,1853.0,1322,220,8.422727272727272,2010-03-25 14:12:00,2010-12-07 13:01:00,256,Medium,2,Active,0,Active,At Risk,Medium
,spotty pink duck doorstop,1851.48,430,129,14.352558139534883,2009-12-02 14:36:00,2010-12-09 14:09:00,371,Medium,0,Active,0,Active,At Risk,Medium
,wooden tree christmas scandinavian,1851.28,2023,230,8.04904347826087,2010-07-18 11:31:00,2010-12-09 14:55:00,144,Medium,0,Active,0,Active,At Risk,Medium
85164B,black baroque cuckoo clock,1851.22,141,66,28.04878787878788,2009-12-01 14:50:00,2010-09-29 13:17:00,301,Medium,71,Inactive,1,Churned,Churned,Medium
,milk bottle with glass stopper,1841.75,240,106,17.375,2009-12-03 12:28:00,2010-12-08 14:25:00,370,Medium,1,Active,0,Active,Weak,Medium
85162C,white retrodisc lampshade,1841.7,904,46,40.03695652173913,2009-12-02 12:46:00,2010-06-08 12:53:00,188,Medium,184,Inactive,1,Churned,Churned,Medium
,antique all glass candlestick,1836.6499999999999,1193,111,16.546396396396396,2009-12-01 14:28:00,2010-12-09 14:09:00,372,Medium,0,Active,0,Active,At Risk,Medium
,eucalyptus & pinecone  wreath,1829.45,539,93,19.671505376344086,2009-12-01 09:08:00,2010-12-07 18:36:00,371,Medium,2,Active,0,Active,Weak,Medium
84327A,pink jumper larry the lamb,1820.27,959,123,14.798943089430894,2009-12-01 10:59:00,2010-08-05 14:35:00,247,Medium,126,Inactive,1,Churned,Churned,Medium
,daisies  honeycomb garland,1817.91,1110,121,15.02404958677686,2009-12-06 15:24:00,2010-12-06 16:57:00,365,Medium,3,Active,0,Active,At Risk,Medium
,set/20 fruit salad paper napkins,1817.01,7095,138,13.166739130434783,2009-12-01 12:30:00,2010-11-24 09:54:00,357,Medium,15,Active,0,Active,At Risk,Medium
,porcelain rose large,1814.8,1508,93,19.513978494623654,2009-12-06 11:58:00,2010-12-05 12:43:00,364,Medium,4,Active,0,Active,Weak,Medium
,round cake tin vintage green,1813.91,228,99,18.32232323232323,2010-10-13 16:17:00,2010-12-08 13:01:00,55,Short,1,Active,0,Active,Weak,Medium
,blue owl soft toy,1811.22,591,151,11.994834437086093,2009-12-02 11:55:00,2010-12-09 16:31:00,372,Medium,0,Active,0,Active,At Risk,Medium
,jungle popsicles ice lolly holders,1810.19,1417,178,10.169606741573034,2009-12-02 12:43:00,2010-12-09 14:09:00,372,Medium,0,Active,0,Active,At Risk,Medium
,ivory hanging decoration  butterfly,1810.1899999999998,1917,150,12.067933333333333,2009-12-02 14:36:00,2010-05-19 15:10:00,168,Medium,204,Inactive,1,Churned,Churned,Medium
,dinosaur keyrings assorted,1809.4599999999998,8372,240,7.539416666666666,2009-12-01 11:45:00,2010-12-09 14:09:00,373,Medium,0,Active,0,Active,At Risk,Medium
,toast its - dinosaur,1809.01,1373,203,8.911379310344827,2009-12-01 12:13:00,2010-12-06 13:53:00,370,Medium,3,Active,0,Active,At Risk,Medium
,small skull windmill,1806.74,1564,99,18.24989898989899,2009-12-01 12:13:00,2010-11-28 12:14:00,362,Medium,11,Active,0,Active,Weak,Medium
,gin & tonic diet greeting card,1806.13,4159,314,5.752006369426752,2009-12-01 14:28:00,2010-12-08 14:43:00,372,Medium,1,Active,0,Active,At Risk,Medium
,beaded love heart jewellery set,1801.17,2197,111,16.226756756756757,2009-12-01 14:35:00,2010-12-05 11:10:00,368,Medium,4,Active,0,Active,At Risk,Medium
,wood stocking christmas scandispot,1800.24,2073,221,8.145882352941177,2010-07-18 11:31:00,2010-12-09 15:23:00,144,Medium,0,Active,0,Active,At Risk,Medium
,red spotty shopping bag,1798.04,686,116,15.500344827586206,2009-12-01 12:52:00,2010-09-23 18:32:00,296,Medium,77,Inactive,1,Churned,Churned,Medium
,butterfly crochet food cover,1796.66,523,78,23.034102564102565,2009-12-02 14:06:00,2010-12-08 14:38:00,371,Medium,1,Active,0,Active,Weak,Medium
,measuring tape russian doll red,1796.4199999999998,654,64,28.069062499999998,2010-03-19 16:43:00,2010-08-24 13:01:00,157,Medium,107,Inactive,1,Churned,Churned,Medium
,set of 6 t-lights toadstools,1795.74,594,110,16.32490909090909,2010-09-20 14:49:00,2010-12-09 16:31:00,80,Short,0,Active,0,Active,At Risk,Medium
,vintage kid dolly card,1792.14,4300,334,5.365688622754491,2009-12-01 13:29:00,2010-12-06 16:57:00,370,Medium,3,Active,0,Active,At Risk,Medium
,ceramic strawberry money box,1789.93,649,185,9.675297297297298,2009-12-01 14:40:00,2010-12-09 14:09:00,372,Medium,0,Active,0,Active,At Risk,Medium
,christmas metal postcard with bells,1787.98,1526,50,35.7596,2010-09-19 12:39:00,2010-12-09 14:08:00,81,Short,0,Active,0,Active,Weak,Medium
,"large cake towel, chocolate spots",1787.75,245,117,15.27991452991453,2009-12-04 16:26:00,2010-12-07 11:45:00,367,Medium,2,Active,0,Active,At Risk,Medium
,3d hearts  honeycomb paper garland,1784.9000000000003,592,81,22.035802469135806,2009-12-03 10:26:00,2010-12-09 14:09:00,371,Medium,0,Active,0,Active,Weak,Medium
84849D,hot baths soap holder,1782.93,1078,149,11.965973154362416,2010-01-14 16:16:00,2010-12-09 16:52:00,329,Medium,0,Active,0,Active,At Risk,Medium
,hyacinth bulb t-light candles,1778.8,3133,111,16.025225225225224,2009-12-01 14:35:00,2010-12-09 14:08:00,372,Medium,0,Active,0,Active,At Risk,Medium
,red spotty candy bag,1778.12,5262,121,14.695206611570248,2009-12-01 14:28:00,2010-06-16 11:17:00,196,Medium,176,Inactive,1,Churned,Churned,Medium
,ceramic birdhouse finch blue roof,1776.1200000000001,682,107,16.5992523364486,2009-12-01 13:29:00,2010-11-01 15:14:00,335,Medium,38,At Risk,0,Active,At Risk,Medium
,green spotty cup,1774.72,2102,250,7.09888,2009-12-01 11:21:00,2010-10-04 11:16:00,306,Medium,66,Inactive,1,Churned,Churned,Medium
,set of 4 napkin charms stars,1769.96,727,92,19.238695652173913,2010-07-18 12:49:00,2010-12-09 18:58:00,144,Medium,0,Active,0,Active,Weak,Medium
,abstract circle journal,1768.56,871,136,13.004117647058823,2009-12-01 17:28:00,2010-12-09 20:01:00,373,Medium,0,Active,0,Active,At Risk,Medium
,modern floral stationery set,1765.78,821,144,12.262361111111112,2009-12-01 12:13:00,2010-12-09 14:09:00,373,Medium,0,Active,0,Active,At Risk,Medium
,cut glass t-light holder octagon,1764.0,966,44,40.09090909090909,2009-12-02 11:34:00,2010-12-09 12:49:00,372,Medium,0,Active,0,Active,Weak,Medium
72799E,ivory pillar candle silver flock,1761.5800000000002,807,109,16.161284403669725,2009-12-01 13:41:00,2010-12-08 15:17:00,372,Medium,1,Active,0,Active,At Risk,Medium
,small red babushka notebook,1760.62,2029,244,7.2156557377049175,2010-08-08 10:55:00,2010-12-09 17:27:00,123,Medium,0,Active,0,Active,At Risk,Medium
,angel decoration 3 buttons,1759.96,4136,173,10.173179190751446,2009-12-01 11:45:00,2010-12-09 20:01:00,373,Medium,0,Active,0,Active,At Risk,Medium
,woodland  stickers,1757.6399999999999,2061,173,10.159768786127167,2009-12-01 12:13:00,2010-12-09 10:16:00,372,Medium,0,Active,0,Active,At Risk,Medium
,assorted tutti frutti pen,1753.6399999999999,1949,154,11.387272727272727,2009-12-01 14:28:00,2010-12-07 18:36:00,371,Medium,2,Active,0,Active,At Risk,Medium
,cream slice flannel chocolate spot,1752.5800000000002,564,120,14.604833333333335,2009-12-02 12:13:00,2010-12-09 14:09:00,372,Medium,0,Active,0,Active,At Risk,Medium
,white bell honeycomb paper garland,1750.97,1071,105,16.67590476190476,2009-12-01 12:32:00,2010-12-09 16:53:00,373,Medium,0,Active,0,Active,Weak,Medium
,bag 500g swirly marbles,1748.4899999999998,1104,91,19.214175824175822,2009-12-01 11:34:00,2010-12-09 14:09:00,373,Medium,0,Active,0,Active,Weak,Medium
,glass etched t-light holder medium,1747.9399999999998,896,78,22.409487179487176,2009-12-06 15:12:00,2010-08-05 11:30:00,241,Medium,126,Inactive,1,Churned,Churned,Medium
,"wall mirror , rect diamante, pink/",1746.78,219,61,28.635737704918032,2009-12-01 14:44:00,2010-11-01 10:51:00,334,Medium,38,At Risk,0,Active,At Risk,Medium
,ma campagne 4 drawer wall shelf,1745.85,203,32,54.5578125,2009-12-08 12:34:00,2010-01-13 17:08:00,36,Short,330,Inactive,1,Churned,Churned,Medium
,wood fan with flower design,1745.62,1448,87,20.064597701149424,2009-12-04 09:43:00,2010-07-26 12:34:00,234,Medium,136,Inactive,1,Churned,Churned,Medium
,retrospot large milk jug,1742.37,347,110,15.839727272727272,2010-09-23 13:38:00,2010-12-09 15:29:00,77,Short,0,Active,0,Active,At Risk,Medium
,french style wall dresser,1740.0,15,12,145.0,2010-03-01 12:34:00,2010-09-09 13:20:00,192,Medium,91,Inactive,1,Churned,Churned,Medium
,vintage cream dog food container,1733.76,198,83,20.88867469879518,2010-10-17 13:40:00,2010-12-08 15:03:00,52,Short,1,Active,0,Active,Weak,Medium
35001G,hand open shape gold,1728.76,560,75,23.050133333333335,2009-12-01 13:41:00,2010-12-03 11:35:00,366,Medium,6,Active,0,Active,Weak,Medium
,assorted tutti frutti notebook,1727.8500000000001,792,107,16.148130841121496,2009-12-01 11:45:00,2010-12-07 18:36:00,371,Medium,2,Active,0,Active,Weak,Medium
84510A,set of 4 english rose coasters,1726.62,1258,260,6.640846153846153,2009-12-01 13:29:00,2010-12-09 16:27:00,373,Medium,0,Active,0,Active,At Risk,Medium
,jigsaw tree with birdhouse,1725.36,1165,158,10.92,2009-12-01 17:19:00,2010-12-09 15:23:00,372,Medium,0,Active,0,Active,At Risk,Medium
,set of 2 tins jardin de provence,1719.8600000000001,340,106,16.225094339622643,2010-01-31 12:27:00,2010-12-09 14:55:00,312,Medium,0,Active,0,Active,Weak,Medium
,retro spot padded seat cushion,1718.93,475,56,30.695178571428574,2009-12-02 12:06:00,2010-04-21 10:58:00,139,Medium,232,Inactive,1,Churned,Churned,Medium
,potting shed sow 'n' grow set,1718.63,555,85,20.219176470588238,2009-12-01 10:36:00,2010-12-09 16:31:00,373,Medium,0,Active,0,Active,Weak,Medium
,retrospot lamp,1717.25,163,69,24.88768115942029,2010-09-27 12:45:00,2010-12-09 10:04:00,72,Short,0,Active,0,Active,Weak,Medium
,kids rain mac blue,1716.25,2106,122,14.067622950819672,2009-12-01 11:50:00,2010-12-02 16:38:00,366,Medium,7,Active,0,Active,At Risk,Medium
,spring flower chopsticks set/5,1706.1399999999999,895,103,16.564466019417473,2009-12-02 13:06:00,2010-06-13 11:36:00,192,Medium,179,Inactive,1,Churned,Churned,Medium
47585A,pink fairy cake cushion cover,1705.42,1001,80,21.31775,2009-12-07 17:56:00,2010-12-06 14:08:00,363,Medium,3,Active,0,Active,Weak,Medium
,lipstick pen red,1697.67,3720,253,6.7101581027667985,2010-05-07 09:04:00,2010-12-09 14:55:00,216,Medium,0,Active,0,Active,At Risk,Medium
,"set 3 retrospot tea,coffee,sugar",1697.13,312,83,20.44734939759036,2010-10-08 14:21:00,2010-12-09 16:26:00,62,Short,0,Active,0,Active,Weak,Medium
,happy easter hanging decoration,1696.47,442,100,16.9647,2009-12-03 10:20:00,2010-11-12 09:10:00,343,Medium,27,Active,0,Active,Weak,Medium
,"popcorn holder , large",1696.21,1008,92,18.437065217391304,2009-12-01 14:28:00,2010-06-16 09:48:00,196,Medium,176,Inactive,1,Churned,Churned,Medium
84795A,pastel stripe hammock,1696.02,208,70,24.22885714285714,2009-12-06 13:53:00,2010-08-04 16:38:00,241,Medium,127,Inactive,1,Churned,Churned,Medium
,office mug warmer pink,1690.39,457,76,22.241973684210528,2009-12-02 12:06:00,2010-12-08 12:49:00,371,Medium,1,Active,0,Active,Weak,Medium
72799F,ivory pillar candle gold flock,1688.98,990,77,21.934805194805197,2009-12-01 13:41:00,2010-12-08 15:17:00,372,Medium,1,Active,0,Active,Weak,Medium
,rain hat with red spots,1688.2,4457,157,10.752866242038216,2009-12-01 12:13:00,2010-11-01 13:33:00,335,Medium,38,At Risk,0,Active,At Risk,Medium
85036A,gardenia 1 wick morris boxed candle,1687.61,411,106,15.920849056603773,2009-12-03 18:08:00,2010-12-06 12:41:00,367,Medium,3,Active,0,Active,Weak,Medium
,assorted colour silk coin purse,1685.46,3558,47,35.86085106382979,2009-12-02 11:53:00,2010-05-10 13:28:00,159,Medium,213,Inactive,1,Churned,Churned,Medium
,tea party  wrapping paper,1684.5,4125,133,12.665413533834586,2009-12-02 12:32:00,2010-11-29 15:07:00,362,Medium,10,Active,0,Active,At Risk,Medium
,love heart trinket pot,1684.35,1197,139,12.117625899280576,2009-12-04 14:35:00,2010-11-28 11:59:00,358,Medium,11,Active,0,Active,At Risk,Medium
,measuring tape babushka red,1683.65,595,84,20.04345238095238,2010-08-18 10:03:00,2010-12-09 14:19:00,113,Medium,0,Active,0,Active,Weak,Medium
,3d vintage christmas stickers,1682.01,1149,127,13.244173228346456,2010-09-15 15:08:00,2010-12-09 14:44:00,84,Short,0,Active,0,Active,At Risk,Medium
85199L,large hanging ivory & red wood bird,1680.72,2568,183,9.184262295081968,2009-12-01 14:40:00,2010-12-08 12:40:00,371,Medium,1,Active,0,Active,At Risk,Medium
,enamel fire bucket cream,1678.8700000000001,249,92,18.24858695652174,2010-04-08 10:57:00,2010-12-08 14:25:00,244,Medium,1,Active,0,Active,Weak,Medium
,assorted tutti frutti large purse,1678.78,743,121,13.874214876033058,2009-12-01 14:28:00,2010-12-07 11:59:00,370,Medium,2,Active,0,Active,At Risk,Medium
,garland with stars and bells,1677.23,293,85,19.732117647058825,2009-12-01 12:14:00,2010-12-09 16:53:00,373,Medium,0,Active,0,Active,Weak,Medium
,star decoration rustic,1677.09,3774,213,7.873661971830986,2009-12-01 11:45:00,2010-12-09 14:09:00,373,Medium,0,Active,0,Active,At Risk,Medium
,red retrospot oven glove double,1675.38,526,120,13.961500000000001,2010-09-27 15:56:00,2010-12-09 16:31:00,73,Short,0,Active,0,Active,At Risk,Medium
,christmas craft white fairy,1672.0,1171,150,11.146666666666667,2009-12-01 09:06:00,2010-12-09 15:33:00,373,Medium,0,Active,0,Active,At Risk,Medium
,pink spots chocolate nesting boxes,1669.28,702,127,13.143937007874015,2009-12-01 14:28:00,2010-11-29 12:06:00,362,Medium,10,Active,0,Active,At Risk,Medium
,condiment tray 4 bowls and 4 spoons,1667.6200000000001,175,54,30.881851851851852,2009-12-02 12:06:00,2010-12-09 16:31:00,372,Medium,0,Active,0,Active,Weak,Medium
,strawberry dream childs umbrella,1663.06,504,145,11.469379310344827,2009-12-01 14:40:00,2010-12-06 16:57:00,370,Medium,3,Active,0,Active,At Risk,Medium
85132B,charlie and lola table tins,1660.96,394,52,31.941538461538464,2009-12-06 12:07:00,2010-12-08 12:06:00,366,Medium,1,Active,0,Active,Weak,Medium
,set/4 skull badges,1659.45,1291,155,10.706129032258065,2009-12-03 17:46:00,2010-12-09 13:47:00,370,Medium,0,Active,0,Active,At Risk,Medium
,kids rain mac pink,1657.99,2022,129,12.852635658914728,2009-12-01 11:50:00,2010-12-07 12:28:00,371,Medium,2,Active,0,Active,At Risk,Medium
,retro blue spotty washing up gloves,1655.74,965,156,10.613717948717948,2009-12-01 10:52:00,2010-09-28 09:34:00,300,Medium,72,Inactive,1,Churned,Churned,Medium
,pompom curtain,1653.8400000000001,327,52,31.80461538461539,2009-12-04 08:36:00,2010-12-09 16:53:00,370,Medium,0,Active,0,Active,Weak,Medium
,small hammered silver candlepot,1649.89,544,76,21.709078947368422,2009-12-03 11:19:00,2010-12-09 14:05:00,371,Medium,0,Active,0,Active,Weak,Medium
,birdhouse garden marker,1649.07,1241,181,9.110883977900553,2010-03-05 10:37:00,2010-12-09 14:09:00,279,Medium,0,Active,0,Active,At Risk,Medium
,"swiss roll towel, chocolate  spots",1648.3300000000002,508,129,12.777751937984497,2009-12-01 17:08:00,2010-12-09 14:09:00,372,Medium,0,Active,0,Active,At Risk,Medium
85035A,gardenia 3 wick morris boxed candle,1647.45,385,107,15.396728971962617,2009-12-02 11:52:00,2010-12-09 16:27:00,372,Medium,0,Active,0,Active,Weak,Medium
84507B,stripes design monkey doll,1645.3,1310,93,17.691397849462366,2009-12-01 09:08:00,2010-11-29 15:39:00,363,Medium,10,Active,0,Active,Weak,Medium
,pack of 20 napkins pantry design,1644.6899999999998,2154,168,9.789821428571427,2010-09-16 13:06:00,2010-12-09 14:09:00,84,Short,0,Active,0,Active,At Risk,Medium
,set 12 kids  white chalk sticks,1643.8,3901,251,6.549003984063745,2009-12-01 13:31:00,2010-12-09 14:09:00,373,Medium,0,Active,0,Active,At Risk,Medium
,assorted tutti frutti round box,1642.6499999999999,969,133,12.350751879699247,2009-12-02 11:45:00,2010-11-16 16:08:00,349,Medium,23,Active,0,Active,At Risk,Medium
,ceramic birdhouse butterfly small,1640.1200000000001,697,82,20.00146341463415,2009-12-01 13:29:00,2010-07-23 08:24:00,233,Medium,139,Inactive,1,Churned,Churned,Medium
,assorted white embossed china mugs,1639.8,700,54,30.366666666666667,2009-12-03 15:15:00,2010-08-02 11:09:00,241,Medium,129,Inactive,1,Churned,Churned,Medium
,12 pink rose peg place settings,1639.73,1321,127,12.911259842519685,2009-12-01 14:28:00,2010-12-06 13:59:00,369,Medium,3,Active,0,Active,At Risk,Medium
,small silver trellis candlepot,1637.7500000000002,544,78,20.996794871794876,2009-12-03 11:19:00,2010-12-09 15:16:00,371,Medium,0,Active,0,Active,Weak,Medium
,dinosaurs water transfer tattoos,1636.24,1907,201,8.140497512437811,2009-12-01 14:28:00,2010-11-15 14:49:00,349,Medium,24,Active,0,Active,At Risk,Medium
,vintage kitchen print vegetables,1634.69,3268,58,28.184310344827587,2009-12-04 13:23:00,2010-11-26 13:22:00,356,Medium,13,Active,0,Active,Weak,Medium
,place setting white star,1634.44,3924,141,11.59177304964539,2009-12-01 12:22:00,2010-12-09 14:09:00,373,Medium,0,Active,0,Active,At Risk,Medium
,swallow cigar box matches,1629.31,1391,94,17.333085106382978,2009-12-01 12:30:00,2010-05-23 13:03:00,173,Medium,200,Inactive,1,Churned,Churned,Medium
,natural bark candle small,1629.2,512,81,20.113580246913582,2009-12-01 14:28:00,2010-11-24 10:03:00,357,Medium,15,Active,0,Active,Weak,Medium
,ribbon reel flora + fauna,1629.01,929,174,9.36212643678161,2009-12-01 12:22:00,2010-12-09 14:09:00,373,Medium,0,Active,0,Active,At Risk,Medium
,swallow wooden christmas decoration,1627.3799999999999,1822,172,9.461511627906976,2010-07-18 11:31:00,2010-12-09 14:09:00,144,Medium,0,Active,0,Active,At Risk,Medium
,ceramic birdhouse crested tit small,1624.45,649,100,16.244500000000002,2009-12-01 13:29:00,2010-12-09 14:50:00,373,Medium,0,Active,0,Active,Weak,Medium
,blue gingham rose quilt,1622.96,72,29,55.964137931034486,2009-12-02 12:06:00,2010-03-03 09:10:00,90,Short,281,Inactive,1,Churned,Churned,Medium
,cross stitch alphabet cushion cover,1622.64,244,91,17.83120879120879,2009-12-01 11:34:00,2010-05-18 16:28:00,168,Medium,205,Inactive,1,Churned,Churned,Medium
,painted metal heart with holly bell,1619.79,1110,122,13.276967213114753,2009-12-02 14:43:00,2010-12-09 14:09:00,371,Medium,0,Active,0,Active,At Risk,Medium
,set of 6 girls celebration candles,1619.03,1747,162,9.994012345679012,2009-12-01 12:22:00,2010-12-08 14:25:00,372,Medium,1,Active,0,Active,At Risk,Medium
,vintage kitchen print seafood,1617.65,3646,57,28.37982456140351,2009-12-02 15:08:00,2010-12-08 16:34:00,371,Medium,1,Active,0,Active,Weak,Medium
,door mat green paisley,1613.56,268,86,18.76232558139535,2009-12-01 11:41:00,2010-06-03 16:45:00,184,Medium,189,Inactive,1,Churned,Churned,Medium
,keep out boys door hanger,1613.3,2240,168,9.60297619047619,2009-12-01 10:49:00,2010-12-07 15:28:00,371,Medium,2,Active,0,Active,At Risk,Medium
,small white retrospot mug in box,1609.32,434,96,16.763749999999998,2010-03-31 13:40:00,2010-12-09 14:08:00,253,Medium,0,Active,0,Active,Weak,Medium
,illustrated cat bowl,1608.65,505,101,15.927227722772278,2010-06-21 13:52:00,2010-12-09 16:27:00,171,Medium,0,Active,0,Active,Weak,Medium
,assorted sanskrit mini notebook,1605.47,1249,87,18.45367816091954,2009-12-01 12:33:00,2010-11-24 15:03:00,358,Medium,15,Active,0,Active,Weak,Medium
,pink marshmallow scarf knitting kit,1603.97,582,90,17.82188888888889,2009-12-02 09:47:00,2010-12-01 16:11:00,364,Medium,8,Active,0,Active,Weak,Medium
,local cafe mug,1602.6000000000001,752,140,11.447142857142858,2009-12-01 11:45:00,2010-12-09 14:09:00,373,Medium,0,Active,0,Active,At Risk,Medium
,200 red + white bendy straws,1601.84,1277,226,7.087787610619468,2009-12-01 11:45:00,2010-12-09 14:09:00,373,Medium,0,Active,0,Active,At Risk,Medium
,woodland water transfer tattoos,1600.75,1877,190,8.425,2009-12-01 14:28:00,2010-10-10 13:23:00,312,Medium,60,At Risk,0,Active,At Risk,Medium
85160A,white bird garden design mug,1599.16,8817,33,48.45939393939394,2009-12-10 09:49:00,2010-11-24 10:03:00,349,Medium,15,Active,0,Active,Weak,Medium
84796A,pink hawaiian picnic hamper for 2,1597.99,234,76,21.026184210526317,2009-12-07 17:56:00,2010-11-15 14:26:00,342,Medium,24,Active,0,Active,Weak,Medium
,buddha incense holder assorted,1590.64,2180,56,28.404285714285717,2009-12-01 12:56:00,2010-10-12 16:53:00,315,Medium,58,At Risk,0,Active,At Risk,Medium
,money box pocket money design,1588.04,1276,152,10.447631578947368,2010-03-26 13:46:00,2010-12-09 18:09:00,258,Medium,0,Active,0,Active,At Risk,Medium
,airline bag vintage jet set white,1588.02,293,135,11.763111111111112,2010-02-14 12:22:00,2010-12-09 14:09:00,298,Medium,0,Active,0,Active,At Risk,Medium
,tv dinner tray vintage paisley,1587.1299999999999,331,107,14.832990654205606,2010-03-11 10:05:00,2010-12-08 14:38:00,272,Medium,1,Active,0,Active,Weak,Medium
85170A,set/6 ivory bird t-light candles,1585.06,848,84,18.869761904761905,2009-12-01 12:13:00,2010-12-07 15:54:00,371,Medium,2,Active,0,Active,Weak,Medium
,hanging photo clip rope ladder,1580.6599999999999,989,66,23.949393939393936,2009-12-07 15:55:00,2010-12-09 13:34:00,366,Medium,0,Active,0,Active,Weak,Medium
,assorted colour silk cosmetic purse,1579.68,1406,50,31.593600000000002,2009-12-02 10:09:00,2010-06-21 16:07:00,201,Medium,171,Inactive,1,Churned,Churned,Medium
,set/10 ivory spotty party candles,1578.47,1261,80,19.730875,2009-12-03 10:26:00,2010-10-24 11:57:00,325,Medium,46,At Risk,0,Active,At Risk,Medium
,vintage kitchen print puddings,1575.4,2727,111,14.192792792792794,2009-12-08 15:49:00,2010-11-29 13:53:00,355,Medium,10,Active,0,Active,At Risk,Medium
,wood and glass medicine cabinet,1575.15,57,16,98.446875,2009-12-01 13:19:00,2010-12-05 13:08:00,368,Medium,4,Active,0,Active,Weak,Medium
85035B,chocolate 3 wick morris box candle,1574.26,382,72,21.864722222222223,2009-12-06 12:14:00,2010-12-09 14:09:00,368,Medium,0,Active,0,Active,Weak,Medium
84596B,small dolly mix design orange bowl,1573.58,1227,213,7.387699530516431,2009-12-01 14:19:00,2010-12-09 14:09:00,372,Medium,0,Active,0,Active,At Risk,Medium
,lantern cream gazebo,1573.58,316,85,18.51270588235294,2010-10-22 10:59:00,2010-12-09 16:31:00,48,Short,0,Active,0,Active,Weak,Medium
,red retrospot wrap,1572.5,3925,112,14.040178571428571,2010-09-27 16:20:00,2010-12-09 10:04:00,72,Short,0,Active,0,Active,At Risk,Medium
,set/6 strawberry paper plates,1571.5,12846,28,56.125,2009-12-07 18:02:00,2010-03-17 13:09:00,99,Short,267,Inactive,1,Churned,Churned,Medium
15059A,english rose edwardian parasol,1567.0,509,4,391.75,2009-12-01 14:28:00,2009-12-03 13:30:00,1,Short,371,Inactive,1,Churned,Churned,Medium
,large red retrospot windmill,1565.81,753,96,16.31052083333333,2010-03-31 12:52:00,2010-12-09 14:09:00,253,Medium,0,Active,0,Active,Weak,Medium
,ceramic birdhouse crested tit large,1565.51,295,64,24.46109375,2009-12-02 16:02:00,2010-05-21 17:19:00,170,Medium,202,Inactive,1,Churned,Churned,Medium
,empire birthday card,1562.46,3822,291,5.369278350515464,2009-12-01 17:28:00,2010-12-09 15:16:00,372,Medium,0,Active,0,Active,At Risk,Medium
,square cherry blossom cabinet,1561.65,327,55,28.393636363636364,2009-12-09 09:34:00,2010-12-07 09:21:00,362,Medium,2,Active,0,Active,Weak,Medium
,christmas musical zinc heart,1561.5,1832,111,14.067567567567568,2010-07-25 12:16:00,2010-12-09 14:56:00,137,Medium,0,Active,0,Active,At Risk,Medium
,two embossed heart mini drawers,1558.94,677,29,53.756551724137935,2009-12-03 12:10:00,2010-04-08 16:21:00,126,Medium,245,Inactive,1,Churned,Churned,Medium
,feltcraft hairband pink and purple,1550.77,1921,151,10.27,2010-03-15 11:39:00,2010-12-09 13:03:00,269,Medium,0,Active,0,Active,At Risk,Medium
,childs garden spade pink,1550.23,790,129,12.017286821705426,2010-03-28 11:30:00,2010-12-09 16:26:00,256,Medium,0,Active,0,Active,At Risk,Medium
,abstract circles sketchbook,1550.2,548,122,12.706557377049181,2009-12-02 14:43:00,2010-12-09 20:01:00,372,Medium,0,Active,0,Active,At Risk,Medium
,folding umbrella  pink/white  spot,1549.34,584,49,31.619183673469387,2009-12-01 10:52:00,2010-09-23 11:21:00,296,Medium,77,Inactive,1,Churned,Churned,Medium
,cake stand victorian filigree med,1549.21,291,91,17.024285714285714,2009-12-02 14:36:00,2010-12-09 14:09:00,371,Medium,0,Active,0,Active,Weak,Medium
,cake plate lovebird pink,1548.22,286,98,15.798163265306123,2009-12-04 09:27:00,2010-12-06 09:58:00,367,Medium,3,Active,0,Active,Weak,Medium
85199S,small hanging ivory/red wood bird,1547.68,3483,236,6.557966101694915,2009-12-01 14:28:00,2010-12-09 14:09:00,372,Medium,0,Active,0,Active,At Risk,Medium
,baby mouse red gingham dress,1547.22,364,111,13.938918918918919,2009-12-01 12:47:00,2010-11-30 12:31:00,363,Medium,9,Active,0,Active,At Risk,Medium
,large purple babushka notebook,1545.68,1264,148,10.443783783783784,2010-08-06 17:36:00,2010-12-09 13:03:00,124,Medium,0,Active,0,Active,At Risk,Medium
,set 12 pear botanical t-lights,1543.67,542,97,15.914123711340206,2009-12-02 09:47:00,2010-11-18 13:18:00,351,Medium,21,Active,0,Active,Weak,Medium
,dove decoration painted zinc,1542.24,2353,145,10.636137931034483,2009-12-01 13:07:00,2010-12-09 14:09:00,373,Medium,0,Active,0,Active,At Risk,Medium
84795D,seaside stripe hammock,1538.79,189,83,18.539638554216868,2009-12-04 11:54:00,2010-08-03 11:32:00,241,Medium,128,Inactive,1,Churned,Churned,Medium
,toy tidy dolly girl design,1533.93,732,111,13.81918918918919,2010-07-22 16:37:00,2010-12-09 16:26:00,139,Medium,0,Active,0,Active,At Risk,Medium
,"nursery a,b,c painted letters",1533.51,221,102,15.034411764705883,2009-12-04 12:33:00,2010-12-08 13:11:00,369,Medium,1,Active,0,Active,Weak,Medium
,pink love heart shape cup,1533.3799999999999,1692,204,7.5165686274509795,2009-12-01 14:28:00,2010-12-09 16:27:00,373,Medium,0,Active,0,Active,At Risk,Medium
,magic drawing slate dinosaur,1532.8400000000001,3872,186,8.241075268817205,2010-03-29 13:55:00,2010-12-09 14:09:00,255,Medium,0,Active,0,Active,At Risk,Medium
,wood stamp set thank you,1532.06,887,163,9.399141104294479,2009-12-01 14:28:00,2010-12-09 14:19:00,372,Medium,0,Active,0,Active,At Risk,Medium
,frosted box 9 white t-light candles,1531.4,3819,215,7.122790697674419,2009-12-01 11:58:00,2010-11-14 14:54:00,348,Medium,25,Active,0,Active,At Risk,Medium
,silk purse russian doll pink,1530.6200000000001,461,91,16.82,2010-03-17 10:34:00,2010-08-19 16:53:00,155,Medium,112,Inactive,1,Churned,Churned,Medium
,heart calculator,1529.92,1207,165,9.272242424242425,2009-12-02 11:52:00,2010-12-08 12:08:00,371,Medium,1,Active,0,Active,At Risk,Medium
72800E,4 ivory dinner candles silver flock,1529.23,898,158,9.678670886075949,2009-12-01 12:14:00,2010-12-08 12:46:00,372,Medium,1,Active,0,Active,At Risk,Medium
,stripey chocolate nesting boxes,1525.5800000000002,635,117,13.0391452991453,2009-12-03 16:12:00,2010-12-08 14:25:00,369,Medium,1,Active,0,Active,At Risk,Medium
,chest of drawers gingham heart,1523.8999999999999,87,55,27.707272727272724,2010-10-17 12:59:00,2010-12-08 16:11:00,52,Short,1,Active,0,Active,Weak,Medium
,natural bark candle large,1522.28,356,69,22.062028985507247,2009-12-02 15:10:00,2010-11-14 12:47:00,346,Medium,25,Active,0,Active,Weak,Medium
,steel sweetheart round table cream,1519.8799999999999,101,61,24.91606557377049,2010-01-19 10:01:00,2010-11-21 16:13:00,306,Medium,18,Active,0,Active,Weak,Medium
,childs garden spade blue,1519.47,793,140,10.853357142857144,2010-03-28 11:30:00,2010-12-09 10:45:00,255,Medium,0,Active,0,Active,At Risk,Medium
82613B,"metal sign,cupcake single hook",1518.62,1000,204,7.444215686274509,2009-12-01 14:28:00,2010-12-09 14:09:00,372,Medium,0,Active,0,Active,At Risk,Medium
,"spring dec , hanging chick  green",1516.9199999999998,1128,100,15.169199999999998,2009-12-02 14:43:00,2010-11-11 14:57:00,344,Medium,28,Active,0,Active,Weak,Medium
,set/6 strawberry paper cups,1516.64,13290,33,45.95878787878788,2009-12-01 09:57:00,2010-05-07 12:13:00,157,Medium,216,Inactive,1,Churned,Churned,Medium
,antique glass ridged hanging ball,1513.67,789,58,26.097758620689657,2009-12-02 13:22:00,2010-11-02 11:27:00,334,Medium,37,At Risk,0,Active,At Risk,Medium
79323B,black cherry lights,1511.7,234,57,26.521052631578947,2009-12-01 18:03:00,2010-06-08 10:39:00,188,Medium,184,Inactive,1,Churned,Churned,Medium
,giant black sunglasses,1503.6399999999999,538,34,44.224705882352936,2009-12-02 11:53:00,2010-11-18 12:14:00,351,Medium,21,Active,0,Active,Weak,Medium
85114C,red enchanted forest placemat,1503.62,731,101,14.887326732673266,2009-12-01 14:56:00,2010-12-09 13:24:00,372,Medium,0,Active,0,Active,Weak,Medium
,mini jigsaw circus parade,1503.23,3767,106,14.181415094339624,2010-03-28 15:11:00,2010-12-09 10:55:00,255,Medium,0,Active,0,Active,Weak,Medium
,large round wicker platter,1498.3700000000001,245,104,14.407403846153848,2009-12-01 16:17:00,2010-12-01 14:32:00,364,Medium,8,Active,0,Active,Weak,Medium
,set of 6 vintage notelets kit,1496.05,1125,128,11.687890625,2009-12-01 14:28:00,2010-12-08 14:25:00,371,Medium,1,Active,0,Active,At Risk,Medium
85034A,3 gardenia morris boxed candles,1495.92,358,65,23.014153846153846,2009-12-01 17:08:00,2010-12-08 16:48:00,371,Medium,1,Active,0,Active,Weak,Medium
,etched glass star tree decoration,1493.74,1046,101,14.789504950495049,2009-12-02 11:18:00,2010-10-28 19:52:00,330,Medium,42,At Risk,0,Active,At Risk,Medium
,vintage glass tea caddy,1493.46,236,95,15.72063157894737,2009-12-04 12:59:00,2010-11-23 16:08:00,354,Medium,16,Active,0,Active,Weak,Medium
,calendar in season design,1493.24,508,88,16.968636363636364,2010-09-19 14:51:00,2010-12-06 13:53:00,77,Short,3,Active,0,Active,Weak,Medium
,felt egg cosy white rabbit,1490.45,1533,141,10.570567375886526,2009-12-01 14:28:00,2010-12-08 14:25:00,371,Medium,1,Active,0,Active,At Risk,Medium
,card motorbike santa,1488.99,3363,197,7.5583248730964465,2010-09-16 13:06:00,2010-12-09 15:20:00,84,Short,0,Active,0,Active,At Risk,Medium
,enamel colander cream,1488.56,286,122,12.201311475409836,2010-05-18 11:40:00,2010-12-09 17:27:00,205,Medium,0,Active,0,Active,At Risk,Medium
84856L,large tahiti beach bag,1486.33,237,80,18.579124999999998,2009-12-17 17:54:00,2010-12-01 17:06:00,348,Medium,8,Active,0,Active,Weak,Medium
15058A,blue white spots garden parasol,1485.24,276,59,25.1735593220339,2010-01-24 12:12:00,2010-08-27 15:49:00,215,Medium,104,Inactive,1,Churned,Churned,Medium
,pink union jack  passport cover,1483.53,631,197,7.530609137055837,2009-12-01 11:21:00,2010-12-08 12:46:00,372,Medium,1,Active,0,Active,At Risk,Medium
84510B,set of 4 fairy cakes coasters,1483.2,1172,148,10.021621621621621,2009-12-01 14:28:00,2010-08-02 13:48:00,243,Medium,129,Inactive,1,Churned,Churned,Medium
,ceramic pirate chest money bank,1481.6699999999998,988,148,10.011283783783783,2010-05-14 15:41:00,2010-12-09 14:09:00,208,Medium,0,Active,0,Active,At Risk,Medium
,doormat peace on earth blue,1480.94,194,67,22.10358208955224,2010-06-28 13:53:00,2010-12-09 11:48:00,163,Medium,0,Active,0,Active,Weak,Medium
,white christmas garland stars trees,1478.82,387,78,18.959230769230768,2009-12-01 13:20:00,2010-12-09 16:26:00,373,Medium,0,Active,0,Active,Weak,Medium
,strawberry honeycomb  garland,1478.4299999999998,878,131,11.285725190839694,2009-12-03 10:26:00,2010-12-03 11:35:00,365,Medium,6,Active,0,Active,At Risk,Medium
,empire tissue box,1478.32,1208,164,9.014146341463414,2009-12-01 09:46:00,2010-12-09 14:09:00,373,Medium,0,Active,0,Active,At Risk,Medium
85183B,charlie & lola wastepaper bin flora,1475.8899999999999,779,56,26.35517857142857,2009-12-01 09:24:00,2010-12-08 12:35:00,372,Medium,1,Active,0,Active,Weak,Medium
,christmas hanging star with bell,1473.97,1169,104,14.172788461538461,2009-12-02 09:35:00,2010-12-08 14:43:00,371,Medium,1,Active,0,Active,Weak,Medium
,potting shed coffee mug,1469.5800000000002,1264,111,13.23945945945946,2009-12-01 11:21:00,2010-05-23 14:04:00,173,Medium,200,Inactive,1,Churned,Churned,Medium
,vintage union jack pennant,1468.3,717,109,13.470642201834861,2009-12-01 14:28:00,2010-12-07 15:28:00,371,Medium,2,Active,0,Active,At Risk,Medium
,childs garden trowel pink,1466.59,1682,269,5.452007434944238,2010-03-25 14:12:00,2010-12-09 10:45:00,258,Medium,0,Active,0,Active,At Risk,Medium
,wicker wreath large,1466.27,747,153,9.583464052287582,2010-07-29 19:56:00,2010-12-09 19:28:00,132,Medium,0,Active,0,Active,At Risk,Medium
,party food shopper bag,1464.18,1138,177,8.272203389830509,2009-12-01 17:19:00,2010-12-09 14:09:00,372,Medium,0,Active,0,Active,At Risk,Medium
,set of 2 round tins dutch cheese,1463.93,479,115,12.729826086956523,2010-01-29 13:46:00,2010-12-01 15:35:00,306,Medium,8,Active,0,Active,At Risk,Medium
,zinc top  2 door wooden shelf,1461.35,237,44,33.2125,2009-12-08 16:23:00,2010-12-08 13:28:00,364,Medium,1,Active,0,Active,Weak,Medium
,woodland storage box large,1460.6200000000001,609,72,20.28638888888889,2009-12-01 12:52:00,2010-11-22 12:36:00,355,Medium,17,Active,0,Active,Weak,Medium
,wrap red apples,1459.0,3550,126,11.579365079365079,2010-05-27 16:54:00,2010-12-09 12:17:00,195,Medium,0,Active,0,Active,At Risk,Medium
,country cottage  doorstop green,1458.28,312,150,9.721866666666667,2009-12-01 09:24:00,2010-12-07 15:32:00,371,Medium,2,Active,0,Active,At Risk,Medium
85098B,blue flying singing canary,1456.94,366,114,12.780175438596492,2009-12-02 14:36:00,2010-11-18 14:25:00,350,Medium,21,Active,0,Active,At Risk,Medium
,36 doilies dolly girl,1453.9299999999998,1060,77,18.88220779220779,2010-09-19 12:15:00,2010-12-06 09:58:00,77,Short,3,Active,0,Active,Weak,Medium
,calendar family favourites,1453.22,534,21,69.20095238095239,2010-10-04 12:06:00,2010-12-09 14:09:00,66,Short,0,Active,0,Active,Weak,Medium
,airline bag vintage jet set brown,1453.04,264,129,11.263875968992247,2010-02-14 12:22:00,2010-12-09 14:09:00,298,Medium,0,Active,0,Active,At Risk,Medium
,sewing susan 21 needle set,1450.9099999999999,1858,144,10.075763888888888,2009-12-01 13:31:00,2010-12-09 14:09:00,373,Medium,0,Active,0,Active,At Risk,Medium
,spots design mug w pink inside,1445.78,917,74,19.537567567567567,2009-12-01 17:19:00,2010-09-16 14:52:00,288,Medium,84,Inactive,1,Churned,Churned,Medium
,birdhouse decoration magic garden,1445.66,1172,163,8.869079754601227,2009-12-17 17:16:00,2010-12-05 14:52:00,352,Medium,4,Active,0,Active,At Risk,Medium
,mini highlighter pens,1443.72,14281,46,31.385217391304348,2009-12-10 12:44:00,2010-11-21 13:42:00,346,Medium,18,Active,0,Active,Weak,Medium
17084R,assorted incense pack,1438.53,8033,40,35.96325,2009-12-02 11:51:00,2010-12-03 11:48:00,365,Medium,6,Active,0,Active,Weak,Medium
,cabin bag vintage paisley,1437.08,50,23,62.48173913043478,2010-04-30 15:57:00,2010-12-06 17:16:00,220,Medium,3,Active,0,Active,Weak,Medium
51014C,"feather pen,coal black",1430.69,1694,98,14.598877551020408,2009-12-01 14:28:00,2010-12-06 09:58:00,369,Medium,3,Active,0,Active,Weak,Medium
,dinosaur lunchbox with cutlery,1429.9,570,113,12.653982300884957,2009-12-01 12:13:00,2010-06-14 14:06:00,195,Medium,178,Inactive,1,Churned,Churned,Medium
,set 6 football celebration candles,1429.16,1504,148,9.656486486486488,2009-12-01 12:22:00,2010-12-08 14:25:00,372,Medium,1,Active,0,Active,At Risk,Medium
,red retrospot childrens umbrella,1426.41,407,120,11.886750000000001,2010-09-28 09:37:00,2010-12-09 14:19:00,72,Short,0,Active,0,Active,At Risk,Medium
,60 cake cases dolly girl design,1426.35,2769,191,7.467801047120418,2010-09-20 13:44:00,2010-12-09 20:01:00,80,Short,0,Active,0,Active,At Risk,Medium
,small retro spot mug in box  white,1426.13,383,81,17.606543209876545,2009-12-01 11:58:00,2010-04-09 10:24:00,128,Medium,244,Inactive,1,Churned,Churned,Medium
,silk purse babushka pink,1424.17,419,88,16.18375,2010-08-12 12:43:00,2010-12-09 15:16:00,119,Medium,0,Active,0,Active,Weak,Medium
,skulls wrap,1424.0,3400,109,13.064220183486238,2009-12-01 11:45:00,2010-05-28 14:16:00,178,Medium,195,Inactive,1,Churned,Churned,Medium
85183A,charlie & lola wastepaper bin blue,1423.71,845,55,25.885636363636365,2009-12-01 09:24:00,2010-11-28 12:08:00,362,Medium,11,Active,0,Active,Weak,Medium
,biscuit tin vintage red,1423.57,217,75,18.980933333333333,2010-10-13 16:17:00,2010-12-09 12:17:00,56,Short,0,Active,0,Active,Weak,Medium
,clear drawer knob acrylic edwardian,1421.75,1103,83,17.129518072289155,2010-10-17 11:23:00,2010-12-08 11:04:00,51,Short,1,Active,0,Active,Weak,Medium
,home garland painted zinc,1419.75,823,105,13.521428571428572,2009-12-02 13:51:00,2010-12-07 15:28:00,370,Medium,2,Active,0,Active,Weak,Medium
,assorted tutti frutti  fob notebook,1419.74,1578,130,10.921076923076923,2009-12-01 17:08:00,2010-12-08 14:25:00,371,Medium,1,Active,0,Active,At Risk,Medium
,dairy maid sugar jam bowl,1419.71,1387,90,15.774555555555557,2009-12-01 13:29:00,2010-10-11 12:00:00,313,Medium,59,At Risk,0,Active,At Risk,Medium
,assorted tutti frutti mirror,1418.5,986,150,9.456666666666667,2009-12-01 14:28:00,2010-12-09 14:09:00,372,Medium,0,Active,0,Active,At Risk,Medium
,watering can garden marker,1417.6299999999999,1069,155,9.145999999999999,2010-03-05 10:37:00,2010-12-09 14:09:00,279,Medium,0,Active,0,Active,At Risk,Medium
,3d christmas stamps stickers,1417.42,942,107,13.246915887850468,2010-09-16 13:12:00,2010-12-09 19:23:00,84,Short,0,Active,0,Active,Weak,Medium
,set/10 blue polkadot party candles,1412.8,1172,75,18.837333333333333,2010-09-23 16:40:00,2010-12-09 12:17:00,76,Short,0,Active,0,Active,Weak,Medium
,retro spot party bag + sticker set,1412.25,938,34,41.536764705882355,2010-08-24 12:55:00,2010-10-03 11:52:00,39,Short,67,Inactive,1,Churned,Churned,Medium
,set of 6 funky beakers,1407.43,402,149,9.445838926174497,2009-12-01 14:28:00,2010-12-09 16:31:00,373,Medium,0,Active,0,Active,At Risk,Medium
,angel decoration stars on dress,1403.52,3200,165,8.506181818181819,2009-12-01 12:57:00,2010-12-09 16:27:00,373,Medium,0,Active,0,Active,At Risk,Medium
,rose du sud cosmetics bag,1401.83,599,47,29.826170212765955,2009-12-03 13:42:00,2010-12-09 14:09:00,371,Medium,0,Active,0,Active,Weak,Medium
,assorted farmyard animals in bucket,1394.9199999999998,3769,42,33.21238095238095,2009-12-07 11:46:00,2010-11-15 13:13:00,343,Medium,24,Active,0,Active,Weak,Medium
15058B,pink white spots garden parasol,1394.7,204,56,24.905357142857145,2010-01-13 17:51:00,2010-08-22 11:45:00,220,Medium,109,Inactive,1,Churned,Churned,Medium
,glitter christmas heart,1393.94,1653,131,10.640763358778626,2009-12-01 11:45:00,2010-12-08 15:56:00,372,Medium,1,Active,0,Active,At Risk,Medium
,rose folkart heart decorations,1393.09,1535,134,10.396194029850745,2009-12-01 12:47:00,2010-12-09 10:33:00,372,Medium,0,Active,0,Active,At Risk,Medium
,money box housekeeping design,1390.04,1102,138,10.072753623188406,2010-03-26 13:46:00,2010-11-29 16:45:00,248,Medium,10,Active,0,Active,At Risk,Medium
47503K,assorted floral secateurs,1389.44,3177,42,33.08190476190477,2009-12-01 16:19:00,2010-06-21 16:04:00,201,Medium,171,Inactive,1,Churned,Churned,Medium
,childs garden trowel blue,1389.1799999999998,1576,257,5.405369649805447,2010-03-25 14:12:00,2010-12-07 11:48:00,256,Medium,2,Active,0,Active,At Risk,Medium
,set/6 fruit salad paper cups,1388.45,14937,33,42.07424242424243,2009-12-15 17:02:00,2010-10-07 14:28:00,295,Medium,63,Inactive,1,Churned,Churned,Medium
,red spotty luggage tag,1385.3,1000,195,7.104102564102564,2009-12-01 15:26:00,2010-09-22 15:22:00,294,Medium,78,Inactive,1,Churned,Churned,Medium
,children's apron dolly girl,1384.65,664,109,12.703211009174312,2010-10-01 14:38:00,2010-12-09 20:01:00,69,Short,0,Active,0,Active,At Risk,Medium
85167B,black grand baroque photo frame,1383.59,677,55,25.156181818181818,2009-12-14 17:57:00,2010-12-08 15:59:00,358,Medium,1,Active,0,Active,Weak,Medium
,robot birthday card,1380.76,3215,292,4.728630136986301,2009-12-01 11:51:00,2010-12-09 15:16:00,373,Medium,0,Active,0,Active,At Risk,Medium
,6 hook jewellery stand black dress,1380.52,552,49,28.173877551020407,2009-12-01 13:50:00,2010-02-24 10:18:00,84,Short,288,Inactive,1,Churned,Churned,Medium
,penny farthing birthday card,1379.51,3342,251,5.4960557768924305,2009-12-01 11:51:00,2010-12-06 16:57:00,370,Medium,3,Active,0,Active,At Risk,Medium
,doorstop football design,1377.42,440,107,12.873084112149533,2010-03-14 12:05:00,2010-12-08 13:53:00,269,Medium,1,Active,0,Active,Weak,Medium
17091J,vanilla incense in tin,1377.32,2002,89,15.475505617977527,2009-12-01 12:13:00,2010-12-09 10:33:00,372,Medium,0,Active,0,Active,Weak,Medium
,moroccan beaten metal mirror,1376.0700000000002,251,37,37.19108108108109,2009-12-04 13:22:00,2010-11-22 13:02:00,352,Medium,17,Active,0,Active,Weak,Medium
,black candelabra t-light holder,1374.02,1099,106,12.96245283018868,2009-12-01 14:28:00,2010-12-08 15:56:00,372,Medium,1,Active,0,Active,Weak,Medium
,potting shed candle citronella,1373.17,461,103,13.331747572815535,2009-12-01 14:28:00,2010-11-22 12:36:00,355,Medium,17,Active,0,Active,Weak,Medium
,classic french style basket natural,1372.56,194,75,18.3008,2010-01-27 13:20:00,2010-12-09 14:09:00,316,Medium,0,Active,0,Active,Weak,Medium
,glitter snow pear tree decoration,1370.8999999999999,1838,117,11.717094017094016,2009-12-02 16:02:00,2010-12-08 15:56:00,370,Medium,1,Active,0,Active,At Risk,Medium
,vintage kitchen print fruits,1370.86,3445,75,18.278133333333333,2009-12-02 15:08:00,2010-12-07 15:28:00,370,Medium,2,Active,0,Active,Weak,Medium
,retrospot giant tube matches,1370.55,601,59,23.22966101694915,2010-09-30 15:12:00,2010-12-09 20:01:00,70,Short,0,Active,0,Active,Weak,Medium
,antique glass pedestal bowl,1368.36,336,95,14.40378947368421,2010-10-22 13:11:00,2010-12-09 14:09:00,48,Short,0,Active,0,Active,Weak,Medium
,red  spotty coffee  mug,1367.79,710,53,25.80735849056604,2009-12-01 14:40:00,2010-10-05 11:00:00,307,Medium,65,Inactive,1,Churned,Churned,Medium
,toast its - fairy flower,1367.25,981,210,6.510714285714286,2009-12-01 12:13:00,2010-12-09 14:09:00,373,Medium,0,Active,0,Active,At Risk,Medium
,36 pencils tube red retrospot,1367.22,1084,116,11.786379310344827,2010-09-28 17:18:00,2010-12-08 09:49:00,70,Short,1,Active,0,Active,At Risk,Medium
,diamante ring assorted in box.,1364.52,796,15,90.968,2009-12-09 14:25:00,2010-11-23 13:21:00,348,Medium,16,Active,0,Active,Weak,Medium
16161U,"wrap,suki and friends",1363.0,3350,110,12.39090909090909,2009-12-01 14:40:00,2010-07-01 11:59:00,211,Medium,161,Inactive,1,Churned,Churned,Medium
84562A,pink/white ribbed melamine jug,1362.3600000000001,167,76,17.925789473684212,2009-12-03 18:13:00,2010-12-03 15:19:00,364,Medium,6,Active,0,Active,Weak,Medium
,christmas hanging tree with bell,1361.33,1081,98,13.89112244897959,2009-12-01 12:13:00,2010-12-09 10:33:00,372,Medium,0,Active,0,Active,Weak,Medium
,porcelain rose small,1360.72,1596,88,15.462727272727273,2009-12-03 17:04:00,2010-12-05 13:55:00,366,Medium,4,Active,0,Active,Weak,Medium
,skulls and crossbones wrap,1360.3,3315,104,13.079807692307693,2010-05-30 11:00:00,2010-12-06 12:59:00,190,Medium,3,Active,0,Active,Weak,Medium
84965B,blue kashmiri coffee table,1359.95,27,4,339.9875,2010-02-22 14:54:00,2010-11-02 17:29:00,253,Medium,37,At Risk,0,Active,At Risk,Medium
17129D,clear colour glass gems in bag,1351.18,1125,39,34.64564102564103,2009-12-01 14:28:00,2010-03-05 11:50:00,93,Short,279,Inactive,1,Churned,Churned,Medium
,magic sheep wool growing from paper,1349.54,574,65,20.762153846153847,2009-12-01 11:45:00,2010-12-09 14:09:00,373,Medium,0,Active,0,Active,Weak,Medium
,6 rocket balloons,1348.67,2058,174,7.750977011494253,2010-04-08 08:31:00,2010-12-09 14:56:00,245,Medium,0,Active,0,Active,At Risk,Medium
,retro spot ceramic toastrack,1346.08,383,103,13.068737864077669,2009-12-01 14:28:00,2010-06-14 14:06:00,194,Medium,178,Inactive,1,Churned,Churned,Medium
,antique tall swirlglass trinket pot,1345.13,336,84,16.013452380952383,2010-10-22 13:27:00,2010-12-09 10:33:00,47,Short,0,Active,0,Active,Weak,Medium
,skulls  design  cotton tote bag,1344.5,936,134,10.033582089552239,2009-12-01 12:13:00,2010-12-09 14:09:00,373,Medium,0,Active,0,Active,At Risk,Medium
,white goose feather christmas tree,1341.01,305,65,20.630923076923075,2009-12-02 14:55:00,2010-12-09 14:09:00,371,Medium,0,Active,0,Active,Weak,Medium
,way out metal sign,1340.43,1031,104,12.88875,2009-12-03 12:31:00,2010-12-05 16:24:00,367,Medium,4,Active,0,Active,Weak,Medium
,blue  spotty egg cup,1338.36,994,99,13.518787878787878,2009-12-04 09:43:00,2010-09-15 11:35:00,285,Medium,85,Inactive,1,Churned,Churned,Medium
,more butter metal sign,1336.26,863,106,12.606226415094339,2009-12-06 12:07:00,2010-12-09 20:01:00,368,Medium,0,Active,0,Active,Weak,Medium
,magnets pack of 4 home sweet home,1335.47,1069,85,15.711411764705883,2010-03-30 12:27:00,2010-12-01 15:00:00,246,Medium,8,Active,0,Active,Weak,Medium
84913A,soft pink rose towel,1334.43,356,150,8.8962,2009-12-09 09:42:00,2010-12-09 16:08:00,365,Medium,0,Active,0,Active,At Risk,Medium
,jazz hearts memo pad,1334.1100000000001,10967,32,41.690937500000004,2009-12-04 09:43:00,2010-03-09 12:48:00,95,Short,275,Inactive,1,Churned,Churned,Medium
,card christmas village,1333.86,3001,183,7.288852459016393,2010-09-16 13:06:00,2010-12-09 14:09:00,84,Short,0,Active,0,Active,At Risk,Medium
84873a,funky flower picnic bag for 4,1333.61,118,73,18.2686301369863,2009-12-01 14:44:00,2010-09-09 15:07:00,282,Medium,91,Inactive,1,Churned,Churned,Medium
,"garland, magic garden 1.8m",1332.36,656,95,14.024842105263156,2009-12-01 18:35:00,2010-12-03 14:04:00,366,Medium,6,Active,0,Active,Weak,Medium
85232A,set/3 polka dot stacking tins,1331.76,264,96,13.8725,2009-12-01 12:47:00,2010-09-19 14:45:00,292,Medium,81,Inactive,1,Churned,Churned,Medium
,set of 6 3d kit cards for kids,1328.9299999999998,1451,186,7.144784946236558,2010-02-18 18:33:00,2010-12-09 14:09:00,293,Medium,0,Active,0,Active,At Risk,Medium
,12 coloured party balloons,1326.24,2140,133,9.97172932330827,2010-04-07 13:34:00,2010-12-09 14:56:00,246,Medium,0,Active,0,Active,At Risk,Medium
,metal sign her dinner is served,1326.04,449,139,9.539856115107913,2009-12-01 14:28:00,2010-12-09 16:52:00,373,Medium,0,Active,0,Active,At Risk,Medium
,ceramic strawberry design mug,1324.25,923,79,16.7626582278481,2010-10-03 12:00:00,2010-12-09 14:09:00,67,Short,0,Active,0,Active,Weak,Medium
15058C,ice cream design garden parasol,1323.9,230,50,26.478,2010-01-24 12:12:00,2010-11-10 13:31:00,290,Medium,29,Active,0,Active,Weak,Medium
,red spotty washbag,1319.96,586,132,9.99969696969697,2009-12-01 14:56:00,2010-09-22 11:28:00,294,Medium,78,Inactive,1,Churned,Churned,Medium
,floor cushion elephant carnival,1319.46,98,64,20.6165625,2009-12-03 14:39:00,2010-12-09 11:48:00,370,Medium,0,Active,0,Active,Weak,Medium
,bread bin diner style mint,1319.05,81,36,36.640277777777776,2010-10-14 14:11:00,2010-12-08 12:41:00,54,Short,1,Active,0,Active,Weak,Medium
,jazz hearts purse notebook,1318.07,1771,164,8.037012195121951,2009-12-01 12:57:00,2010-12-08 12:46:00,371,Medium,1,Active,0,Active,At Risk,Medium
,disco ball rotator battery operated,1316.5,310,116,11.349137931034482,2009-12-02 11:18:00,2010-12-08 10:51:00,370,Medium,1,Active,0,Active,At Risk,Medium
,pink heart candy button calculator,1308.74,551,47,27.845531914893616,2009-12-01 11:41:00,2010-03-04 12:39:00,93,Short,280,Inactive,1,Churned,Churned,Medium
,white christmas star decoration,1306.57,2957,150,8.710466666666667,2009-12-01 12:57:00,2010-12-09 16:31:00,373,Medium,0,Active,0,Active,At Risk,Medium
,relax large wood letters,1306.2,80,45,29.026666666666667,2009-12-02 10:09:00,2010-12-06 09:58:00,368,Medium,3,Active,0,Active,Weak,Medium
,frying pan blue polkadot,1304.8500000000001,315,78,16.728846153846156,2009-12-01 12:30:00,2010-12-09 14:09:00,373,Medium,0,Active,0,Active,Weak,Medium
,green mini tape measure,1301.72,1610,74,17.59081081081081,2009-12-03 16:40:00,2010-11-29 12:06:00,360,Medium,10,Active,0,Active,Weak,Medium
,french enamel utensil holder,1300.6,324,97,13.408247422680411,2009-12-01 13:29:00,2010-12-09 16:52:00,373,Medium,0,Active,0,Active,Weak,Medium
,angel decoration with lace padded,1294.1499999999999,1513,115,11.253478260869564,2009-12-02 12:38:00,2010-12-08 12:17:00,370,Medium,1,Active,0,Active,At Risk,Medium
,zinc finish 15cm planter pots,1291.45,1037,118,10.944491525423729,2009-12-03 12:10:00,2010-12-07 17:19:00,369,Medium,2,Active,0,Active,At Risk,Medium
,top secret pen set,1290.86,1210,63,20.489841269841268,2009-12-01 12:57:00,2010-04-19 10:43:00,138,Medium,234,Inactive,1,Churned,Churned,Medium
,sleeping cat erasers,1289.1,5944,308,4.18538961038961,2009-12-01 12:18:00,2010-12-09 14:19:00,373,Medium,0,Active,0,Active,At Risk,Medium
,french toilet sign blue metal,1286.1200000000001,1048,114,11.281754385964913,2010-08-17 11:21:00,2010-12-06 16:57:00,111,Medium,3,Active,0,Active,At Risk,Medium
46775E,candy pop chunky knitted throw,1282.9,101,51,25.154901960784315,2009-12-11 16:11:00,2010-09-12 11:43:00,274,Medium,88,Inactive,1,Churned,Churned,Medium
84508A,camouflage design teddy,1279.61,594,30,42.653666666666666,2010-07-15 15:01:00,2010-12-08 15:17:00,146,Medium,1,Active,0,Active,Weak,Medium
84459B,yellow metal chicken heart,1278.8999999999999,759,126,10.149999999999999,2009-12-07 11:46:00,2010-12-07 15:28:00,365,Medium,2,Active,0,Active,At Risk,Medium
,gingerbread man cookie cutter,1277.98,1046,93,13.741720430107527,2010-11-09 12:39:00,2010-12-09 16:26:00,30,Short,0,Active,0,Active,Weak,Medium
,painted metal star with holly bells,1276.6699999999998,884,99,12.895656565656564,2009-12-02 14:43:00,2010-12-06 09:58:00,368,Medium,3,Active,0,Active,Weak,Medium
,vintage cream cat food container,1276.6299999999999,179,83,15.381084337349396,2010-10-15 15:38:00,2010-12-09 14:08:00,54,Short,0,Active,0,Active,Weak,Medium
,metal wall shelf unit with hooks,1274.47,30,13,98.03615384615385,2010-01-13 17:03:00,2010-04-29 15:34:00,105,Medium,224,Inactive,1,Churned,Churned,Medium
,pink polkadot kids bag,1273.36,538,114,11.169824561403509,2009-12-03 14:39:00,2010-11-25 08:20:00,356,Medium,14,Active,0,Active,At Risk,Medium
,retro spots pudding bowl,1273.26,294,74,17.206216216216216,2009-12-01 11:50:00,2010-04-19 08:57:00,138,Medium,234,Inactive,1,Churned,Churned,Medium
,bathroom set love heart design,1273.25,525,30,42.44166666666667,2009-12-14 18:03:00,2010-12-03 14:18:00,353,Medium,6,Active,0,Active,Weak,Medium
84596F,small marshmallows pink bowl,1272.88,997,171,7.44374269005848,2009-12-01 09:06:00,2010-12-09 14:09:00,373,Medium,0,Active,0,Active,At Risk,Medium
,ceramic birdhouse red roof small,1270.39,547,51,24.909607843137255,2009-12-01 13:29:00,2010-04-13 13:21:00,132,Medium,240,Inactive,1,Churned,Churned,Medium
,3d stickers vintage christmas,1268.0,1060,38,33.36842105263158,2010-09-17 13:38:00,2010-11-01 13:33:00,44,Short,38,At Risk,0,Active,At Risk,Medium
,ribbon reel socks and mittens,1266.8899999999999,743,114,11.113070175438596,2010-09-16 12:20:00,2010-12-09 19:23:00,84,Short,0,Active,0,Active,At Risk,Medium
,clear milkshake glass,1261.95,529,80,15.774375000000001,2009-12-01 14:28:00,2010-12-07 14:41:00,371,Medium,2,Active,0,Active,Weak,Medium
,rainy ladies birthday card,1261.02,3048,234,5.388974358974359,2009-12-01 09:46:00,2010-12-08 14:25:00,372,Medium,1,Active,0,Active,At Risk,Medium
85114A,black enchanted forest placemat,1260.57,768,53,23.784339622641507,2009-12-22 15:09:00,2010-12-09 14:09:00,351,Medium,0,Active,0,Active,Weak,Medium
,retrospot small tube matches,1260.3999999999999,776,85,14.828235294117645,2010-09-23 14:08:00,2010-12-09 14:08:00,77,Short,0,Active,0,Active,Weak,Medium
,folding umbrella  cream/multi  spot,1260.25,379,53,23.778301886792452,2009-12-01 10:52:00,2010-09-28 11:44:00,301,Medium,72,Inactive,1,Churned,Churned,Medium
,yellow pot plant candle,1258.44,482,43,29.26604651162791,2009-12-02 14:43:00,2010-10-31 14:42:00,332,Medium,39,At Risk,0,Active,At Risk,Medium
,garden path pocket book,1258.41,5485,62,20.296935483870968,2009-12-04 08:40:00,2010-12-09 20:01:00,370,Medium,0,Active,0,Active,Weak,Medium
,retrospot red washing up gloves,1258.3,561,151,8.333112582781457,2010-09-24 15:30:00,2010-12-09 14:09:00,75,Short,0,Active,0,Active,At Risk,Medium
,3d traditional christmas stickers,1257.69,960,123,10.225121951219514,2010-09-19 10:20:00,2010-12-07 18:36:00,79,Short,2,Active,0,Active,At Risk,Medium
,pink hearts paper garland,1255.19,750,107,11.730747663551403,2009-12-13 13:39:00,2010-12-09 11:35:00,360,Medium,0,Active,0,Active,Weak,Medium
,gold wine glass,1255.08,361,7,179.29714285714286,2009-12-01 10:18:00,2010-11-14 11:30:00,348,Medium,25,Active,0,Active,Weak,Medium
,skulls greeting card,1251.33,3082,218,5.740045871559633,2009-12-02 09:57:00,2010-12-05 13:55:00,368,Medium,4,Active,0,Active,At Risk,Medium
,french laundry sign blue metal,1250.55,754,107,11.687383177570092,2010-08-17 11:21:00,2010-12-09 14:27:00,114,Medium,0,Active,0,Active,Weak,Medium
84967B,blue kashmiri occasional table,1249.45,24,11,113.58636363636364,2010-01-06 10:20:00,2010-11-02 17:29:00,300,Medium,37,At Risk,0,Active,At Risk,Medium
,rain poncho,1249.23,1597,98,12.747244897959185,2009-12-04 09:43:00,2010-12-08 14:25:00,369,Medium,1,Active,0,Active,Weak,Medium
,heart string memo holder hanging,1249.13,412,81,15.42135802469136,2009-12-01 09:57:00,2010-12-09 14:09:00,373,Medium,0,Active,0,Active,Weak,Medium
,measuring tape babushka pink,1246.29,443,68,18.32779411764706,2010-08-18 10:03:00,2010-12-08 13:11:00,112,Medium,1,Active,0,Active,Weak,Medium
,cosy slipper shoes small  red,1245.93,396,118,10.558728813559323,2009-12-01 12:47:00,2010-12-08 14:25:00,372,Medium,1,Active,0,Active,At Risk,Medium
,silk purse russian doll blue,1245.93,375,69,18.05695652173913,2010-03-17 10:34:00,2010-08-19 16:53:00,155,Medium,112,Inactive,1,Churned,Churned,Medium
,tea for one polkadot,1245.76,266,78,15.971282051282051,2010-10-15 08:41:00,2010-12-09 16:31:00,55,Short,0,Active,0,Active,Weak,Medium
,glass cake stand mirrored base,1244.81,77,37,33.64351351351351,2009-12-02 10:00:00,2010-09-09 17:46:00,281,Medium,91,Inactive,1,Churned,Churned,Medium
,red retrospot bowl,1244.16,968,110,11.310545454545455,2010-09-24 16:06:00,2010-12-09 16:10:00,76,Short,0,Active,0,Active,At Risk,Medium
,garden path journal,1242.76,727,100,12.4276,2009-12-02 11:31:00,2010-12-07 15:28:00,370,Medium,2,Active,0,Active,Weak,Medium
,giant seventeen drawer sideboard,1240.0,8,6,206.66666666666666,2010-10-21 13:02:00,2010-11-03 13:46:00,13,Short,36,At Risk,0,Active,At Risk,Medium
,small retro spot mug in box  red,1238.54,324,84,14.744523809523809,2009-12-01 11:58:00,2010-04-09 10:24:00,128,Medium,244,Inactive,1,Churned,Churned,Medium
,tea cosy blue stripe,1238.03,433,113,10.956017699115044,2009-12-01 14:45:00,2010-12-07 15:28:00,371,Medium,2,Active,0,Active,At Risk,Medium
85162A,silver retrodisc lampshade,1234.27,607,20,61.713499999999996,2009-12-01 13:19:00,2010-06-08 12:53:00,188,Medium,184,Inactive,1,Churned,Churned,Medium
,rain poncho retrospot,1232.29,1582,74,16.652567567567566,2010-09-27 15:56:00,2010-12-09 14:09:00,72,Short,0,Active,0,Active,Weak,Medium
,set 4 nursery des round boxes,1232.06,2994,28,44.00214285714286,2009-12-01 14:40:00,2010-11-17 13:14:00,350,Medium,22,Active,0,Active,Weak,Medium
,assorted colour set 6 teaspoons,1232.02,268,86,14.325813953488371,2009-12-02 13:06:00,2010-08-04 16:11:00,245,Medium,127,Inactive,1,Churned,Churned,Medium
,pin cushion russian doll red,1230.67,395,36,34.18527777777778,2010-03-18 16:28:00,2010-08-19 09:43:00,153,Medium,112,Inactive,1,Churned,Churned,Medium
,dog toy with pink crochet skirt,1230.44,324,149,8.257986577181208,2009-12-03 16:09:00,2010-12-07 18:36:00,369,Medium,2,Active,0,Active,At Risk,Medium
,tub 24 hanging easter eggs spotty,1229.8200000000002,373,36,34.16166666666667,2009-12-03 10:20:00,2010-03-18 19:29:00,105,Medium,266,Inactive,1,Churned,Churned,Medium
,silver t-light setting,1229.14,174,59,20.832881355932205,2009-12-02 12:19:00,2010-11-29 08:23:00,361,Medium,10,Active,0,Active,Weak,Medium
,brown  pirate treasure chest,1228.28,570,130,9.448307692307692,2009-12-01 13:37:00,2010-12-09 14:09:00,373,Medium,0,Active,0,Active,At Risk,Medium
46775D,sunset colour chunky knitted throw,1228.28,94,57,21.54877192982456,2009-12-13 13:31:00,2010-12-01 17:06:00,353,Medium,8,Active,0,Active,Weak,Medium
,snowflake portable table light,1225.1000000000001,394,97,12.629896907216496,2009-12-01 13:37:00,2010-12-09 12:37:00,372,Medium,0,Active,0,Active,Weak,Medium
,red polka dot tissue box,1224.89,1003,107,11.447570093457944,2009-12-02 14:43:00,2010-10-12 08:08:00,313,Medium,58,At Risk,0,Active,At Risk,Medium
,standing metal rabbit with egg,1223.02,670,78,15.67974358974359,2009-12-09 13:16:00,2010-03-31 17:13:00,112,Medium,253,Inactive,1,Churned,Churned,Medium
,glitter christmas star,1222.95,1426,129,9.480232558139535,2009-12-01 11:45:00,2010-12-08 15:56:00,372,Medium,1,Active,0,Active,At Risk,Medium
,soap dish brocante,1222.74,430,69,17.72086956521739,2010-09-23 09:11:00,2010-12-09 12:49:00,77,Short,0,Active,0,Active,Weak,Medium
,french kitchen sign blue metal,1219.8700000000001,995,109,11.191467889908258,2010-08-17 11:21:00,2010-12-06 10:08:00,110,Medium,3,Active,0,Active,At Risk,Medium
,vintage glass coffee caddy,1219.31,188,84,14.515595238095237,2009-12-04 12:59:00,2010-12-07 18:36:00,368,Medium,2,Active,0,Active,Weak,Medium
,vintage caravan gift wrap,1219.0,2950,104,11.721153846153847,2009-12-04 08:40:00,2010-12-08 12:41:00,369,Medium,1,Active,0,Active,Weak,Medium
,card i love london,1218.29,2732,160,7.6143125,2010-05-27 20:11:00,2010-12-08 13:01:00,194,Medium,1,Active,0,Active,At Risk,Medium
,childs garden rake blue,1216.23,637,104,11.694519230769231,2010-03-28 11:30:00,2010-12-09 16:31:00,256,Medium,0,Active,0,Active,Weak,Medium
,card dolly girl,1215.09,2940,209,5.813827751196172,2010-05-28 13:23:00,2010-12-09 14:09:00,195,Medium,0,Active,0,Active,At Risk,Medium
,silver mini tape measure,1214.46,1441,93,13.058709677419355,2009-12-01 11:41:00,2010-12-07 15:31:00,371,Medium,2,Active,0,Active,Weak,Medium
,doormat bird on the wire,1213.8700000000001,231,23,52.77695652173914,2010-07-01 12:57:00,2010-07-28 15:14:00,27,Short,134,Inactive,1,Churned,Churned,Medium
,4 pear botanical dinner candles,1211.49,341,56,21.63375,2009-12-08 16:20:00,2010-12-09 12:20:00,365,Medium,0,Active,0,Active,Weak,Medium
,s/12 vanilla  botanical t-lights,1211.3200000000002,409,104,11.647307692307693,2009-12-02 15:10:00,2010-12-05 16:24:00,368,Medium,4,Active,0,Active,Weak,Medium
,set of three 50's gift wraps,1210.6,637,55,22.010909090909088,2009-12-01 10:59:00,2010-09-20 11:24:00,293,Medium,80,Inactive,1,Churned,Churned,Medium
85049H,urban black ribbons,1210.59,1227,154,7.860974025974025,2009-12-01 12:36:00,2010-12-03 10:33:00,366,Medium,6,Active,0,Active,At Risk,Medium
,folk felt hanging multicol garland,1210.26,966,32,37.820625,2009-12-18 10:59:00,2010-11-18 13:55:00,335,Medium,21,Active,0,Active,Weak,Medium
,heart shape wireless doorbell,1208.74,515,165,7.32569696969697,2009-12-01 14:28:00,2010-12-09 17:27:00,373,Medium,0,Active,0,Active,At Risk,Medium
,beach hut key cabinet,1207.83,404,107,11.288130841121495,2009-12-02 14:43:00,2010-12-06 09:58:00,368,Medium,3,Active,0,Active,Weak,Medium
,pack of 20 spaceboy napkins,1206.46,1523,131,9.209618320610687,2010-05-06 11:50:00,2010-12-08 13:07:00,216,Medium,1,Active,0,Active,At Risk,Medium
,vintage bead cosmetic bag,1206.05,1769,18,67.00277777777778,2009-12-02 10:02:00,2010-11-22 13:59:00,355,Medium,17,Active,0,Active,Weak,Medium
,red spotty egg cup,1205.25,948,77,15.652597402597403,2009-12-01 14:28:00,2010-05-16 11:24:00,165,Medium,207,Inactive,1,Churned,Churned,Medium
85231B,cinammon set of 9 t-lights,1201.46,1286,253,4.748853754940711,2009-12-01 11:58:00,2010-12-09 14:09:00,373,Medium,0,Active,0,Active,At Risk,Medium
,colourful standing gnome,1200.93,721,49,24.50877551020408,2009-12-04 09:43:00,2010-06-30 12:30:00,208,Medium,162,Inactive,1,Churned,Churned,Medium
,blue pot plant candle,1200.03,377,91,13.187142857142858,2009-12-07 16:40:00,2010-12-07 18:36:00,365,Medium,2,Active,0,Active,Weak,Medium
,regency mirror with shutters,1200.0,8,5,240.0,2010-10-21 15:38:00,2010-12-08 16:11:00,48,Short,1,Active,0,Active,Weak,Medium
17091A,lavender incense in tin,1195.73,1921,94,12.720531914893618,2009-12-06 14:10:00,2010-12-08 16:11:00,367,Medium,1,Active,0,Active,Weak,Medium
,assorted tutti frutti heart box,1195.22,874,106,11.275660377358491,2009-12-03 13:09:00,2010-12-06 13:13:00,368,Medium,3,Active,0,Active,Weak,Medium
,large english arboretum,1195.15,113,7,170.7357142857143,2009-12-05 11:19:00,2010-03-07 13:00:00,92,Short,277,Inactive,1,Churned,Churned,Medium
,make your own playtime card kit,1193.06,374,85,14.036,2010-08-10 17:02:00,2010-12-09 14:09:00,120,Medium,0,Active,0,Active,Weak,Medium
,small yellow babushka notebook,1192.4199999999998,1355,200,5.9620999999999995,2010-08-08 10:55:00,2010-12-09 17:27:00,123,Medium,0,Active,0,Active,At Risk,Medium
,milk pan blue retrospot,1192.13,311,77,15.482207792207793,2009-12-03 12:31:00,2010-10-03 15:41:00,304,Medium,67,Inactive,1,Churned,Churned,Medium
35809A,enamel pink tea container,1191.35,720,118,10.096186440677965,2009-12-03 12:10:00,2010-12-09 16:26:00,371,Medium,0,Active,0,Active,At Risk,Medium
,tea bag plate red retrospot,1190.85,1356,155,7.682903225806451,2010-09-26 12:51:00,2010-12-09 14:09:00,74,Short,0,Active,0,Active,At Risk,Medium
,3d stickers traditional christmas,1187.0,980,36,32.97222222222222,2010-09-17 13:38:00,2010-11-07 15:56:00,51,Short,32,At Risk,0,Active,At Risk,Medium
,set of 6 heart chopsticks,1186.94,880,151,7.860529801324503,2009-12-01 13:29:00,2010-12-09 14:09:00,373,Medium,0,Active,0,Active,At Risk,Medium
47503E,ass floral print scissors,1186.9,6842,25,47.476000000000006,2009-12-08 13:59:00,2010-09-28 15:28:00,294,Medium,72,Inactive,1,Churned,Churned,Medium
,4 lily  botanical dinner candles,1185.75,325,70,16.939285714285713,2009-12-02 12:06:00,2010-12-07 15:15:00,370,Medium,2,Active,0,Active,Weak,Medium
,mini jigsaw dolly girl,1183.92,2826,123,9.625365853658538,2010-03-26 11:21:00,2010-12-09 14:09:00,258,Medium,0,Active,0,Active,At Risk,Medium
,set of 3 danish rose planters,1183.8200000000002,926,53,22.33622641509434,2009-12-10 16:39:00,2010-06-15 16:17:00,186,Medium,177,Inactive,1,Churned,Churned,Medium
,ridged glass posy vase,1183.3999999999999,770,95,12.456842105263156,2009-12-03 14:39:00,2010-12-07 18:36:00,369,Medium,2,Active,0,Active,Weak,Medium
,magic drawing slate bake a cake,1180.21,2840,152,7.764539473684211,2010-03-28 13:31:00,2010-12-09 14:09:00,256,Medium,0,Active,0,Active,At Risk,Medium
,white christmas heart decoration,1179.4299999999998,2707,128,9.214296874999999,2009-12-01 12:57:00,2010-11-29 16:32:00,363,Medium,10,Active,0,Active,At Risk,Medium
,large chunky glass roman bowl,1179.17,299,26,45.35269230769231,2009-12-02 12:06:00,2010-09-12 11:44:00,283,Medium,88,Inactive,1,Churned,Churned,Medium
,heart decoration rustic hanging,1178.6000000000001,1754,160,7.366250000000001,2009-12-07 18:02:00,2010-12-09 14:09:00,366,Medium,0,Active,0,Active,At Risk,Medium
,"decoration , wobbly rabbit , metal",1178.26,814,80,14.72825,2009-12-01 14:28:00,2010-11-24 15:35:00,358,Medium,15,Active,0,Active,Weak,Medium
,tv dinner tray air hostess,1176.29,224,83,14.172168674698796,2010-03-11 10:26:00,2010-12-08 15:17:00,272,Medium,1,Active,0,Active,Weak,Medium
,cut glass hexagon t-light holder,1176.1299999999999,553,41,28.686097560975607,2009-12-08 15:12:00,2010-12-03 11:36:00,359,Medium,6,Active,0,Active,Weak,Medium
,lolita  design  cotton tote bag,1174.19,862,90,13.046555555555557,2009-12-01 12:13:00,2010-12-07 15:33:00,371,Medium,2,Active,0,Active,Weak,Medium
,hearts  stickers,1171.37,1341,169,6.931183431952662,2009-12-01 12:13:00,2010-12-09 14:09:00,373,Medium,0,Active,0,Active,At Risk,Medium
,bird decoration red spot,1169.55,1267,141,8.294680851063829,2009-12-01 09:44:00,2010-11-11 14:57:00,345,Medium,28,Active,0,Active,At Risk,Medium
,teatime pen case & pens,1169.1,9992,46,25.415217391304346,2009-12-04 14:19:00,2010-12-02 11:35:00,362,Medium,7,Active,0,Active,Weak,Medium
,blue cushion cover with flower,1163.75,225,10,116.375,2010-03-02 13:25:00,2010-10-04 17:07:00,216,Medium,66,Inactive,1,Churned,Churned,Medium
51014L,"feather pen,light pink",1163.41,1398,78,14.915512820512822,2009-12-04 08:40:00,2010-12-01 14:54:00,362,Medium,8,Active,0,Active,Weak,Medium
,assorted tutti frutti photo frame,1162.89,421,29,40.0996551724138,2009-12-01 13:19:00,2010-01-08 11:50:00,37,Short,335,Inactive,1,Churned,Churned,Medium
,black pirate treasure chest,1159.47,598,142,8.165281690140846,2009-12-01 12:13:00,2010-12-08 14:25:00,372,Medium,1,Active,0,Active,At Risk,Medium
,6 crochet strawberries,1158.28,964,86,13.468372093023255,2009-12-01 09:57:00,2010-04-08 13:19:00,128,Medium,245,Inactive,1,Churned,Churned,Medium
,apron apple delight,1152.83,236,60,19.213833333333334,2010-09-26 16:06:00,2010-12-08 14:25:00,72,Short,1,Active,0,Active,Weak,Medium
,childs garden rake pink,1150.2,609,85,13.531764705882354,2010-03-26 14:16:00,2010-12-06 16:57:00,255,Medium,3,Active,0,Active,Weak,Medium
,medina stamped metal stool,1148.45,31,14,82.03214285714286,2009-12-11 14:34:00,2010-12-08 12:08:00,361,Medium,1,Active,0,Active,Weak,Medium
,christmas tree heart decoration,1148.44,2609,160,7.1777500000000005,2009-12-02 14:43:00,2010-12-09 15:23:00,372,Medium,0,Active,0,Active,At Risk,Medium
,12 ass zinc christmas decorations,1148.0500000000002,487,76,15.105921052631581,2009-12-01 13:07:00,2010-10-06 08:17:00,308,Medium,64,Inactive,1,Churned,Churned,Medium
,pack of 12 blue paisley tissues,1147.05,3971,180,6.3725,2009-12-02 11:51:00,2010-12-09 14:09:00,372,Medium,0,Active,0,Active,At Risk,Medium
,paper chain kit london,1146.41,407,78,14.697564102564103,2010-09-19 13:05:00,2010-12-08 12:56:00,79,Short,1,Active,0,Active,Weak,Medium
,"airline lounge,metal sign",1145.56,517,206,5.560970873786408,2009-12-01 11:21:00,2010-12-09 14:09:00,373,Medium,0,Active,0,Active,At Risk,Medium
37482B,cubic mug blue polka dot,1145.26,1252,10,114.526,2009-12-05 15:00:00,2010-08-01 11:22:00,238,Medium,130,Inactive,1,Churned,Churned,Medium
,wicker wreath small,1144.3799999999999,759,116,9.865344827586206,2010-07-29 19:56:00,2010-12-09 19:28:00,132,Medium,0,Active,0,Active,At Risk,Medium
,posy candy bag,1144.21,4051,58,19.727758620689656,2009-12-07 11:35:00,2010-12-06 12:15:00,364,Medium,3,Active,0,Active,Weak,Medium
84989A,75 green fairy cake cases,1143.76,2126,152,7.524736842105263,2009-12-02 11:34:00,2010-12-07 15:31:00,370,Medium,2,Active,0,Active,At Risk,Medium
84750A,pink small glass cake stand,1142.43,520,104,10.984903846153847,2009-12-01 14:28:00,2010-11-10 09:34:00,343,Medium,29,Active,0,Active,Weak,Medium
,black silver flower t-light holder,1138.04,11520,23,49.48,2009-12-10 09:49:00,2010-09-27 16:30:00,291,Medium,73,Inactive,1,Churned,Churned,Medium
,3d stickers christmas stamps,1137.0,940,34,33.44117647058823,2010-09-17 13:38:00,2010-11-07 15:56:00,51,Short,32,At Risk,0,Active,At Risk,Medium
,dolly mixture children's umbrella,1136.77,335,114,9.971666666666666,2009-12-02 12:06:00,2010-12-08 14:25:00,371,Medium,1,Active,0,Active,At Risk,Medium
,gumball monochrome coat rack,1135.3799999999999,876,130,8.733692307692307,2010-05-10 14:47:00,2010-12-09 16:27:00,213,Medium,0,Active,0,Active,At Risk,Medium
,white with black cats mug,1134.68,5249,108,10.506296296296297,2009-12-01 11:45:00,2010-11-21 13:53:00,355,Medium,18,Active,0,Active,Weak,Medium
,childs garden fork pink,1133.99,1321,219,5.178036529680365,2010-03-25 14:12:00,2010-12-09 10:45:00,258,Medium,0,Active,0,Active,At Risk,Medium
,scented velvet lounge candle,1133.6000000000001,2344,41,27.64878048780488,2009-12-04 15:26:00,2010-12-08 15:17:00,368,Medium,1,Active,0,Active,Weak,Medium
,hairclips forties fabric assorted,1133.5800000000002,1677,114,9.943684210526317,2009-12-01 11:34:00,2010-12-09 14:49:00,373,Medium,0,Active,0,Active,At Risk,Medium
,childs garden fork blue,1133.22,1309,206,5.501067961165049,2010-03-25 14:12:00,2010-11-29 16:45:00,249,Medium,10,Active,0,Active,At Risk,Medium
,dinosaur height chart sticker set,1132.68,416,88,12.871363636363638,2009-12-01 14:28:00,2010-12-09 14:09:00,372,Medium,0,Active,0,Active,Weak,Medium
,glass jar peacock bath salts,1131.24,360,124,9.122903225806452,2010-03-15 09:28:00,2010-12-07 11:48:00,267,Medium,2,Active,0,Active,At Risk,Medium
,"ribbon reel, xmas sock/bauble",1131.0,700,46,24.58695652173913,2010-09-16 12:20:00,2010-11-11 14:08:00,56,Short,28,Active,0,Active,Weak,Medium
,french enamel water basin,1130.53,291,84,13.458690476190476,2009-12-01 13:29:00,2010-12-07 15:54:00,371,Medium,2,Active,0,Active,Weak,Medium
,small silver flower candle pot,1129.9,358,63,17.934920634920637,2009-12-02 14:50:00,2010-12-05 16:24:00,368,Medium,4,Active,0,Active,Weak,Medium
84519B,carrot charlie+lola coaster set,1127.97,398,89,12.673820224719101,2009-12-01 09:24:00,2010-12-02 13:14:00,366,Medium,7,Active,0,Active,Weak,Medium
,36 foil heart cake cases,1127.14,557,80,14.089250000000002,2010-11-04 16:16:00,2010-12-09 14:09:00,34,Short,0,Active,0,Active,Weak,Medium
,lets go shopping cotton tote bag,1126.16,490,130,8.662769230769232,2009-12-01 12:36:00,2010-12-06 12:44:00,370,Medium,3,Active,0,Active,At Risk,Medium
,ribbons purse,1121.58,566,78,14.379230769230768,2009-12-03 14:28:00,2010-12-09 13:03:00,370,Medium,0,Active,0,Active,Weak,Medium
,enamel blue rim biscuit bin,1121.0,209,89,12.595505617977528,2009-12-02 15:04:00,2010-12-09 14:09:00,371,Medium,0,Active,0,Active,Weak,Medium
,vintage caravan greeting card,1120.66,2645,226,4.958672566371682,2009-12-01 13:29:00,2010-12-09 14:09:00,373,Medium,0,Active,0,Active,At Risk,Medium
,rose du sud drawstring bag,1118.8799999999999,304,124,9.023225806451611,2009-12-21 17:14:00,2010-12-09 14:09:00,352,Medium,0,Active,0,Active,At Risk,Medium
,small red spot  windmill,1116.44,852,76,14.690000000000001,2009-12-01 14:28:00,2010-06-16 09:48:00,196,Medium,176,Inactive,1,Churned,Churned,Medium
,etched glass bird tree decoration,1114.76,850,83,13.430843373493977,2009-12-02 14:21:00,2010-10-24 14:08:00,325,Medium,46,At Risk,0,Active,At Risk,Medium
,assorted colour silk glasses case,1114.66,2001,60,18.57766666666667,2009-12-02 16:49:00,2010-11-14 11:30:00,346,Medium,25,Active,0,Active,Weak,Medium
,basket of toadstools,1112.94,858,116,9.594310344827587,2009-12-01 12:52:00,2010-12-09 12:16:00,372,Medium,0,Active,0,Active,At Risk,Medium
85136C,red shark helicopter,1112.0900000000001,137,93,11.957956989247313,2009-12-01 13:41:00,2010-12-07 18:36:00,371,Medium,2,Active,0,Active,Weak,Medium
,pink union jack  luggage tag,1111.3799999999999,818,176,6.31465909090909,2009-12-01 11:21:00,2010-12-09 17:27:00,373,Medium,0,Active,0,Active,At Risk,Medium
,beach hut design blackboard,1110.45,381,66,16.825,2009-12-02 13:57:00,2010-11-21 16:02:00,354,Medium,18,Active,0,Active,Weak,Medium
,do not touch my stuff door hanger,1107.75,1621,132,8.392045454545455,2009-12-02 11:55:00,2010-12-09 14:09:00,372,Medium,0,Active,0,Active,At Risk,Medium
,house wrecking metal sign,1107.02,712,125,8.85616,2009-12-08 12:54:00,2010-12-09 13:47:00,366,Medium,0,Active,0,Active,At Risk,Medium
,glass cloche large,1106.53,127,49,22.582244897959182,2010-10-22 10:59:00,2010-12-09 14:09:00,48,Short,0,Active,0,Active,Weak,Medium
,party invites woodland,1105.1899999999998,1259,156,7.084551282051281,2009-12-01 10:59:00,2010-12-08 14:25:00,372,Medium,1,Active,0,Active,At Risk,Medium
,pocket bag blue paisley red spot,1104.97,612,87,12.70080459770115,2009-12-02 11:53:00,2010-12-06 10:03:00,368,Medium,3,Active,0,Active,Weak,Medium
,black ear muff headphones,1104.55,200,74,14.92635135135135,2009-12-01 14:28:00,2010-12-08 12:08:00,371,Medium,1,Active,0,Active,Weak,Medium
,"tray, breakfast in bed",1104.25,85,43,25.680232558139537,2010-10-10 14:17:00,2010-12-03 11:36:00,53,Short,6,Active,0,Active,Weak,Medium
,antique glass place setting,1103.71,747,41,26.919756097560978,2009-12-01 14:28:00,2010-11-22 10:42:00,355,Medium,17,Active,0,Active,Weak,Medium
,green fern journal,1103.27,594,96,11.492395833333333,2009-12-01 12:30:00,2010-12-05 15:12:00,369,Medium,4,Active,0,Active,Weak,Medium
84795B,sunset check hammock,1102.99,133,53,20.811132075471697,2009-12-06 14:03:00,2010-12-06 12:41:00,364,Medium,3,Active,0,Active,Weak,Medium
,childrens apron apples design,1102.3,544,97,11.363917525773195,2010-10-06 15:33:00,2010-12-09 14:09:00,63,Short,0,Active,0,Active,Weak,Medium
47587A,pink fairy cake coaster,1099.88,2706,26,42.30307692307693,2009-12-01 14:28:00,2010-05-14 12:05:00,163,Medium,209,Inactive,1,Churned,Churned,Medium
,modern vintage cotton shopping bag,1098.7,873,61,18.011475409836066,2009-12-02 14:43:00,2010-12-03 15:19:00,366,Medium,6,Active,0,Active,Weak,Medium
,ma campagne mini wooden chest,1097.8000000000002,301,22,49.900000000000006,2009-12-04 14:35:00,2010-01-15 15:22:00,42,Short,328,Inactive,1,Churned,Churned,Medium
,multicolour 3d balls garland,1095.2,424,79,13.863291139240507,2009-12-02 10:52:00,2010-12-09 16:53:00,372,Medium,0,Active,0,Active,Weak,Medium
85130A,beaded pearl heart white large,1093.79,635,79,13.845443037974682,2009-12-01 14:28:00,2010-12-05 13:55:00,368,Medium,4,Active,0,Active,Weak,Medium
84968F,s/16 vintage sky blue cutlery,1092.42,84,51,21.42,2009-12-01 12:33:00,2010-08-04 14:41:00,246,Medium,127,Inactive,1,Churned,Churned,Medium
,blue paisley journal,1090.65,564,102,10.69264705882353,2009-12-01 11:51:00,2010-12-05 15:12:00,369,Medium,4,Active,0,Active,Weak,Medium
,bunny egg box,1090.34,862,79,13.801772151898733,2009-12-07 11:46:00,2010-03-30 12:36:00,113,Medium,254,Inactive,1,Churned,Churned,Medium
,lilac diamante pen in gift box,1089.63,503,95,11.469789473684212,2009-12-02 14:43:00,2010-12-09 14:09:00,371,Medium,0,Active,0,Active,Weak,Medium
,christmas tree decoration with bell,1088.45,2502,149,7.30503355704698,2009-12-02 14:43:00,2010-12-09 14:09:00,371,Medium,0,Active,0,Active,At Risk,Medium
85124A,pink juicy fruit photo frame,1087.73,387,104,10.458942307692308,2009-12-01 14:28:00,2010-10-01 13:40:00,303,Medium,69,Inactive,1,Churned,Churned,Medium
47504K,english rose garden secateurs,1087.09,653,105,10.353238095238094,2009-12-01 12:13:00,2010-12-09 14:10:00,373,Medium,0,Active,0,Active,Weak,Medium
84750B,black small glass cake stand,1087.03,548,66,16.470151515151514,2009-12-02 15:41:00,2010-11-25 13:38:00,357,Medium,14,Active,0,Active,Weak,Medium
,gingham heart decoration,1086.13,334,106,10.246509433962265,2009-12-01 11:34:00,2010-07-20 11:06:00,230,Medium,142,Inactive,1,Churned,Churned,Medium
,mummy mouse red gingham ribbon,1080.14,200,82,13.172439024390245,2009-12-01 17:28:00,2010-11-02 13:27:00,335,Medium,37,At Risk,0,Active,At Risk,Medium
,garden path sketchbook,1077.52,401,103,10.46135922330097,2009-12-04 13:22:00,2010-12-09 20:01:00,370,Medium,0,Active,0,Active,Weak,Medium
,periwinkle t-light holder,1077.45,3123,40,26.93625,2009-12-08 15:49:00,2010-12-09 14:09:00,365,Medium,0,Active,0,Active,Weak,Medium
,french enamel pot w lid,1076.2,332,91,11.826373626373627,2009-12-01 13:29:00,2010-12-05 10:36:00,368,Medium,4,Active,0,Active,Weak,Medium
,3 wick christmas briar candle,1075.86,280,69,15.592173913043476,2009-12-01 14:35:00,2010-12-09 16:27:00,373,Medium,0,Active,0,Active,Weak,Medium
,magic drawing slate bunnies,1075.15,2458,163,6.596012269938651,2010-03-25 13:43:00,2010-12-07 15:28:00,257,Medium,2,Active,0,Active,At Risk,Medium
,floral bathroom set,1074.73,2310,38,28.28236842105263,2009-12-14 18:37:00,2010-11-28 15:18:00,348,Medium,11,Active,0,Active,Weak,Medium
,feltcraft hairband pink and blue,1074.3899999999999,1266,145,7.409586206896551,2010-03-10 09:30:00,2010-12-09 13:03:00,274,Medium,0,Active,0,Active,At Risk,Medium
,4 wildflower botanical candles,1074.24,298,50,21.4848,2009-12-01 12:33:00,2010-12-06 12:41:00,370,Medium,3,Active,0,Active,Weak,Medium
,union stripe cushion cover,1073.5800000000002,810,103,10.423106796116507,2010-04-11 12:45:00,2010-12-02 17:41:00,235,Medium,7,Active,0,Active,Weak,Medium
,set/3 tall glass candle holder pink,1069.86,101,37,28.91513513513513,2009-12-01 11:21:00,2010-12-08 15:17:00,372,Medium,1,Active,0,Active,Weak,Medium
,milk pan pink polkadot,1069.53,285,48,22.281875,2010-09-27 11:41:00,2010-12-08 15:56:00,72,Short,1,Active,0,Active,Weak,Medium
,set of 12  vintage postcard set,1069.35,743,118,9.062288135593219,2009-12-01 14:28:00,2010-12-07 18:36:00,371,Medium,2,Active,0,Active,At Risk,Medium
,eight piece creepy crawlie set,1067.64,834,133,8.027368421052632,2009-12-01 11:45:00,2010-12-07 14:41:00,371,Medium,2,Active,0,Active,At Risk,Medium
,set of 36 dinosaur paper doilies,1061.74,720,106,10.016415094339623,2009-12-02 13:57:00,2010-11-29 14:21:00,362,Medium,10,Active,0,Active,Weak,Medium
,polka dot pen,1060.8,1248,24,44.199999999999996,2010-09-30 13:57:00,2010-11-23 12:04:00,53,Short,16,Active,0,Active,Weak,Medium
72800F,4 ivory dinner candles gold flock,1060.19,822,67,15.823731343283583,2009-12-01 12:14:00,2010-11-21 12:29:00,355,Medium,18,Active,0,Active,Weak,Medium
,pink polkadot childrens umbrella,1059.97,289,99,10.706767676767678,2010-09-28 09:37:00,2010-12-09 14:19:00,72,Short,0,Active,0,Active,Weak,Medium
,12 pencils tall tube red retrospot,1059.31,1231,123,8.612276422764227,2010-09-24 16:06:00,2010-12-09 13:47:00,75,Short,0,Active,0,Active,At Risk,Medium
,christmas tree star decoration,1058.54,2427,142,7.454507042253521,2009-12-02 14:43:00,2010-12-09 16:26:00,372,Medium,0,Active,0,Active,At Risk,Medium
,wrap i love london,1057.3600000000001,2708,70,15.105142857142859,2010-05-27 09:17:00,2010-12-08 10:45:00,195,Medium,1,Active,0,Active,Weak,Medium
,bread bin diner style pink,1056.7,67,26,40.642307692307696,2010-10-14 17:59:00,2010-12-08 12:41:00,54,Short,1,Active,0,Active,Weak,Medium
85179B,white bitty light chain,1056.6,246,45,23.479999999999997,2009-12-03 18:51:00,2010-11-15 11:49:00,346,Medium,24,Active,0,Active,Weak,Medium
,pens assorted spaceball,1056.4,1219,49,21.55918367346939,2010-02-23 14:16:00,2010-12-06 16:57:00,286,Medium,3,Active,0,Active,Weak,Medium
,12 daisy pegs in wood box,1055.86,615,136,7.763676470588234,2009-12-02 10:00:00,2010-12-06 16:57:00,369,Medium,3,Active,0,Active,At Risk,Medium
16161U,wrap suki and friends,1055.42,2651,76,13.887105263157896,2010-07-01 19:16:00,2010-12-08 10:38:00,159,Medium,1,Active,0,Active,Weak,Medium
,pop art pen case & pens,1054.7,10612,31,34.02258064516129,2009-12-01 12:13:00,2010-10-24 11:17:00,326,Medium,46,At Risk,0,Active,At Risk,Medium
,painted metal tree with holly bells,1053.1899999999998,733,75,14.042533333333331,2009-12-01 13:07:00,2010-11-14 16:32:00,348,Medium,25,Active,0,Active,Weak,Medium
,silver diamante pen in gift box,1053.15,485,74,14.231756756756758,2009-12-02 16:02:00,2010-12-08 15:56:00,370,Medium,1,Active,0,Active,Weak,Medium
,12 red rose peg place settings,1052.69,817,133,7.914962406015038,2009-12-03 16:54:00,2010-12-09 14:09:00,370,Medium,0,Active,0,Active,At Risk,Medium
84908B,blue 5 patch flower cushion cover,1052.29,435,35,30.06542857142857,2010-03-02 13:25:00,2010-11-18 13:55:00,261,Medium,21,Active,0,Active,Weak,Medium
,heart ear muff headphones,1051.4,166,56,18.775000000000002,2009-12-01 14:28:00,2010-08-16 15:36:00,258,Medium,115,Inactive,1,Churned,Churned,Medium
,balloon water bomb pack of 35,1050.83,2576,144,7.297430555555555,2010-04-11 12:37:00,2010-12-08 17:20:00,241,Medium,1,Active,0,Active,At Risk,Medium
,lipstick pen fuschia,1050.27,2219,205,5.123268292682927,2010-05-06 14:01:00,2010-12-09 14:09:00,217,Medium,0,Active,0,Active,At Risk,Medium
84910A,pink paisley cushion cover,1050.15,408,37,28.382432432432434,2009-12-01 13:07:00,2010-12-08 12:35:00,371,Medium,1,Active,0,Active,Weak,Medium
84965A,pink kashmiri coffee table,1050.0,20,3,350.0,2010-02-22 14:54:00,2010-11-02 17:29:00,253,Medium,37,At Risk,0,Active,At Risk,Medium
,disco ball christmas decoration,1049.25,8865,170,6.172058823529412,2009-12-02 11:18:00,2010-12-09 17:27:00,372,Medium,0,Active,0,Active,At Risk,Medium
,ivory hanging decoration  bird,1047.1799999999998,1188,135,7.756888888888888,2009-12-03 16:21:00,2010-12-08 14:25:00,369,Medium,1,Active,0,Active,At Risk,Medium
,set/6 frog prince t-light candles,1046.23,542,67,15.615373134328358,2009-12-03 13:03:00,2010-12-09 14:09:00,371,Medium,0,Active,0,Active,Weak,Medium
,moody girl door hanger,1045.98,1137,147,7.115510204081633,2009-12-02 13:33:00,2010-12-06 11:26:00,368,Medium,3,Active,0,Active,At Risk,Medium
84908A,pink 5 patch flower cushion cover,1045.16,432,36,29.032222222222224,2010-02-07 11:57:00,2010-11-12 09:18:00,277,Medium,27,Active,0,Active,Weak,Medium
46775A,bubble gum chunky knitted throw,1044.23,83,32,32.6321875,2009-12-02 14:36:00,2010-02-24 13:48:00,83,Short,288,Inactive,1,Churned,Churned,Medium
,decorative cats bathroom bottle,1043.86,649,193,5.408601036269429,2009-12-03 14:39:00,2010-12-09 14:09:00,370,Medium,0,Active,0,Active,At Risk,Medium
,butterflies stickers,1042.3799999999999,1189,165,6.317454545454544,2009-12-02 14:43:00,2010-12-08 15:38:00,371,Medium,1,Active,0,Active,At Risk,Medium
,zinc heart lattice t-light holder,1042.16,754,85,12.260705882352942,2009-12-14 18:03:00,2010-12-06 16:57:00,356,Medium,3,Active,0,Active,Weak,Medium
84405A,s/3 pink col metal basket w handle,1042.16,129,50,20.843200000000003,2009-12-02 12:09:00,2010-10-05 12:39:00,307,Medium,65,Inactive,1,Churned,Churned,Medium
,large round cutglass candlestick,1042.02,154,33,31.576363636363634,2009-12-01 15:36:00,2010-11-28 14:01:00,361,Medium,11,Active,0,Active,Weak,Medium
,daisy garden marker,1041.39,805,119,8.751176470588236,2010-03-05 16:02:00,2010-12-09 14:09:00,278,Medium,0,Active,0,Active,At Risk,Medium
85039B,s/4 ivory mini rose candle in bowl,1038.86,864,101,10.285742574257425,2009-12-02 11:34:00,2010-12-09 14:19:00,372,Medium,0,Active,0,Active,Weak,Medium
,blue teatime print bowl,1038.72,786,143,7.263776223776224,2009-12-02 14:36:00,2010-12-09 13:34:00,371,Medium,0,Active,0,Active,At Risk,Medium
,felt egg cosy blue rabbit,1036.52,1019,144,7.198055555555555,2009-12-02 14:43:00,2010-12-09 14:09:00,371,Medium,0,Active,0,Active,At Risk,Medium
,square floor cushion vintage red,1034.75,89,51,20.28921568627451,2010-01-12 17:15:00,2010-12-09 12:32:00,330,Medium,0,Active,0,Active,Weak,Medium
,silver mug bone china tree of life,1034.52,530,57,18.149473684210527,2009-12-09 09:51:00,2010-12-09 18:58:00,365,Medium,0,Active,0,Active,Weak,Medium
,classic french style basket green,1033.73,151,66,15.662575757575757,2010-01-20 11:57:00,2010-12-07 18:36:00,321,Medium,2,Active,0,Active,Weak,Medium
,assorted mini madras notebook,1030.81,797,43,23.97232558139535,2009-12-03 14:39:00,2010-12-07 18:36:00,369,Medium,2,Active,0,Active,Weak,Medium
,toothpaste tube pen,1027.89,1512,165,6.229636363636364,2010-05-07 13:58:00,2010-12-09 14:09:00,216,Medium,0,Active,0,Active,At Risk,Medium
,smallfolkart bauble christmas dec,1025.93,3087,120,8.549416666666668,2009-12-01 12:22:00,2010-12-09 14:09:00,373,Medium,0,Active,0,Active,At Risk,Medium
37479B,cubic mug flock blue on brown,1025.41,1125,13,78.87769230769231,2010-01-11 09:35:00,2010-12-07 12:29:00,330,Medium,2,Active,0,Active,Weak,Medium
,felt egg cosy chicken,1024.85,1022,177,5.790112994350282,2009-12-01 14:28:00,2010-12-09 14:09:00,372,Medium,0,Active,0,Active,At Risk,Medium
,woodland storage box small,1024.59,773,54,18.973888888888887,2009-12-01 12:52:00,2010-12-02 15:46:00,366,Medium,7,Active,0,Active,Weak,Medium
35637A,ivory string curtain with pole,1023.96,382,26,39.38307692307693,2009-12-13 15:16:00,2010-12-01 17:06:00,353,Medium,8,Active,0,Active,Weak,Medium
,christmas musical zinc star,1023.53,1182,69,14.833768115942028,2010-07-25 12:16:00,2010-12-07 18:36:00,135,Medium,2,Active,0,Active,Weak,Medium
,paperweight childhood memories,1023.48,553,48,21.3225,2010-03-26 13:46:00,2010-12-05 11:57:00,253,Medium,4,Active,0,Active,Weak,Medium
,lunchbag spaceboy design,1022.6,644,45,22.724444444444444,2010-01-22 16:28:00,2010-04-06 12:11:00,73,Short,247,Inactive,1,Churned,Churned,Medium
,silk purse babushka blue,1022.0300000000001,301,67,15.254179104477613,2010-08-12 12:43:00,2010-12-09 15:16:00,119,Medium,0,Active,0,Active,Weak,Medium
,metal tube chime on bamboo,1020.56,730,56,18.224285714285713,2009-12-11 11:17:00,2010-12-09 16:52:00,363,Medium,0,Active,0,Active,Weak,Medium
,set of 3 coney island oval boxes,1017.62,260,93,10.942150537634408,2009-12-01 16:34:00,2010-12-09 16:08:00,372,Medium,0,Active,0,Active,Weak,Medium
85185B,pink horse sock puppet,1016.87,316,121,8.403884297520662,2009-12-01 14:28:00,2010-12-09 15:29:00,373,Medium,0,Active,0,Active,At Risk,Medium
,banquet birthday  card,1016.32,2410,209,4.8627751196172255,2009-12-01 09:46:00,2010-12-09 14:09:00,373,Medium,0,Active,0,Active,At Risk,Medium
,pack of 20 napkins red apples,1014.17,1286,119,8.522436974789915,2010-09-20 13:44:00,2010-12-09 12:17:00,79,Short,0,Active,0,Active,At Risk,Medium
85034B,3 white choc morris boxed candles,1011.86,246,34,29.76058823529412,2009-12-01 14:28:00,2010-12-08 16:48:00,372,Medium,1,Active,0,Active,Weak,Medium
,strawberry candy bag,1011.7,2218,102,9.918627450980393,2009-12-01 17:19:00,2010-09-05 10:54:00,277,Medium,95,Inactive,1,Churned,Churned,Medium
,tote bag i love london,1009.8000000000001,491,74,13.645945945945947,2010-09-26 14:42:00,2010-12-09 13:24:00,73,Short,0,Active,0,Active,Weak,Medium
,wrap circus parade,1007.5,2475,78,12.916666666666666,2010-05-27 18:13:00,2010-11-29 15:07:00,185,Medium,10,Active,0,Active,Weak,Medium
,36 doilies spaceboy design,1005.37,709,56,17.953035714285715,2010-02-03 08:50:00,2010-07-18 15:56:00,165,Medium,144,Inactive,1,Churned,Churned,Medium
84459A,pink metal chicken heart,1003.67,553,114,8.804122807017544,2009-12-01 14:28:00,2010-12-08 14:25:00,371,Medium,1,Active,0,Active,At Risk,Medium
,feltcraft hairbands pink and white,1003.0899999999999,1120,133,7.542030075187969,2010-03-16 14:01:00,2010-12-09 13:03:00,267,Medium,0,Active,0,Active,At Risk,Medium
85031C,curious images scrap book set,1002.63,478,105,9.548857142857143,2009-12-01 14:28:00,2010-11-16 12:50:00,349,Medium,23,Active,0,Active,Weak,Medium
,wrap dolly girl,1001.5,2575,61,16.418032786885245,2010-06-02 11:11:00,2010-12-08 12:01:00,189,Medium,1,Active,0,Active,Weak,Medium
,ivory knitted mug cosy,1001.14,536,70,14.302,2010-08-27 14:20:00,2010-12-09 14:09:00,103,Medium,0,Active,0,Active,Weak,Medium
84985A,set of 72 green paper doilies,1000.0799999999999,621,148,6.7572972972972964,2009-12-01 13:29:00,2010-12-09 13:24:00,372,Medium,0,Active,0,Active,At Risk,Medium
,chrysanthemum notebook,998.48,3500,94,10.622127659574469,2009-12-01 11:51:00,2010-12-09 20:01:00,373,Medium,0,Active,0,Active,Weak,Medium
,colourful fishing gnome,998.03,297,48,20.792291666666667,2009-12-03 12:40:00,2010-06-10 13:52:00,189,Medium,182,Inactive,1,Churned,Churned,Medium
,potting shed rose candle,997.7,334,88,11.3375,2009-12-01 14:35:00,2010-11-12 14:28:00,345,Medium,27,Active,0,Active,Weak,Medium
85035C,rose 3 wick morris box candle,996.82,230,75,13.290933333333333,2009-12-02 11:52:00,2010-12-09 14:09:00,372,Medium,0,Active,0,Active,Weak,Medium
,boudoir square tissue box,996.8199999999999,902,148,6.73527027027027,2009-12-03 16:12:00,2010-12-09 16:08:00,370,Medium,0,Active,0,Active,At Risk,Medium
,gingham oven glove red heart,996.39,247,99,10.064545454545454,2009-12-07 18:02:00,2010-12-09 16:27:00,366,Medium,0,Active,0,Active,Weak,Medium
,magic tree -paper flowers,994.05,1044,119,8.353361344537815,2009-12-01 14:28:00,2010-12-09 14:09:00,372,Medium,0,Active,0,Active,At Risk,Medium
,seaside flying disc,993.5600000000001,774,98,10.138367346938777,2010-04-19 12:28:00,2010-12-08 14:25:00,233,Medium,1,Active,0,Active,Weak,Medium
,wood stamp set best wishes,991.65,598,106,9.355188679245282,2009-12-02 14:21:00,2010-12-09 14:09:00,371,Medium,0,Active,0,Active,Weak,Medium
,roses in white heart candle,991.38,1818,64,15.4903125,2009-12-02 12:47:00,2010-03-04 12:32:00,91,Short,280,Inactive,1,Churned,Churned,Medium
85036B,chocolate 1 wick morris box candle,991.17,245,41,24.174878048780485,2009-12-01 17:08:00,2010-12-03 15:45:00,366,Medium,6,Active,0,Active,Weak,Medium
35004G,set of 3 gold flying ducks,990.26,236,56,17.683214285714286,2009-12-01 14:43:00,2010-12-01 10:03:00,364,Medium,8,Active,0,Active,Weak,Medium
84964B,blue painted kashmiri table,990.0,17,2,495.0,2010-02-22 14:54:00,2010-11-02 17:29:00,253,Medium,37,At Risk,0,Active,At Risk,Medium
,library lamp,989.62,42,28,35.34357142857143,2009-12-01 13:48:00,2010-05-18 16:43:00,168,Medium,205,Inactive,1,Churned,Churned,Medium
,vintage wooden bar stool,988.15,37,13,76.01153846153846,2010-01-31 12:12:00,2010-08-25 11:40:00,205,Medium,106,Inactive,1,Churned,Churned,Medium
,biscuit tin vintage green,987.74,150,54,18.291481481481483,2010-10-15 08:41:00,2010-12-09 17:27:00,55,Short,0,Active,0,Active,Weak,Medium
,blue/cream stripe cushion cover,987.09,661,94,10.500957446808512,2010-04-11 14:28:00,2010-12-02 17:41:00,235,Medium,7,Active,0,Active,Weak,Medium
85160B,black bird garden design mug,986.5899999999999,6050,21,46.98047619047619,2009-12-14 18:03:00,2010-10-05 11:00:00,294,Medium,65,Inactive,1,Churned,Churned,Medium
,filigree wall mirror  antique white,985.54,96,30,32.85133333333333,2009-12-03 12:27:00,2010-03-10 12:51:00,97,Short,274,Inactive,1,Churned,Churned,Medium
,6 ribbons shimmering pinks,984.92,759,92,10.705652173913043,2009-12-03 15:20:00,2010-12-08 12:46:00,369,Medium,1,Active,0,Active,Weak,Medium
,folkart zinc star christmas dec,984.63,1131,82,12.007682926829268,2009-12-03 15:49:00,2010-12-09 14:55:00,370,Medium,0,Active,0,Active,Weak,Medium
,4 lavender botanical dinner candles,983.25,283,35,28.09285714285714,2009-12-01 12:33:00,2010-12-09 12:20:00,372,Medium,0,Active,0,Active,Weak,Medium
,jazz hearts address book,978.3900000000001,3146,116,8.434396551724138,2009-12-02 14:36:00,2010-12-08 12:17:00,370,Medium,1,Active,0,Active,At Risk,Medium
,eight piece snake  set,978.39,783,102,9.592058823529412,2009-12-01 11:45:00,2010-12-07 18:36:00,371,Medium,2,Active,0,Active,Weak,Medium
,pack of 12 spaceboy tissues,978.04,2846,159,6.151194968553459,2010-05-06 11:50:00,2010-12-09 13:38:00,217,Medium,0,Active,0,Active,At Risk,Medium
,angel decoration painted zinc,976.4200000000001,1597,76,12.84763157894737,2009-12-01 13:07:00,2010-12-08 14:25:00,372,Medium,1,Active,0,Active,Weak,Medium
,silver  candlepot jardin,975.84,254,79,12.35240506329114,2009-12-03 12:10:00,2010-12-09 15:20:00,371,Medium,0,Active,0,Active,Weak,Medium
,potting shed seed envelopes,975.39,753,125,7.80312,2009-12-02 14:36:00,2010-12-09 12:16:00,371,Medium,0,Active,0,Active,At Risk,Medium
,ivory giant garden thermometer,975.32,164,46,21.202608695652174,2010-11-21 10:49:00,2010-12-09 14:27:00,18,Short,0,Active,0,Active,Weak,Medium
,knitted mug cosy ivory colour,973.5899999999999,597,58,16.78603448275862,2009-12-03 12:10:00,2010-10-06 10:05:00,306,Medium,64,Inactive,1,Churned,Churned,Medium
,strawberries  design flannel,972.18,1533,146,6.658767123287671,2009-12-01 14:28:00,2010-12-09 16:31:00,373,Medium,0,Active,0,Active,At Risk,Medium
47591B,scotties childrens apron,971.1,607,142,6.838732394366198,2010-07-13 10:25:00,2010-12-09 20:01:00,149,Medium,0,Active,0,Active,At Risk,Medium
,felt toadstool large,970.41,753,88,11.027386363636364,2009-12-01 11:50:00,2010-12-09 12:16:00,373,Medium,0,Active,0,Active,Weak,Medium
,gentleman shirt repair kit,968.97,1083,117,8.281794871794872,2010-07-20 15:28:00,2010-12-09 14:09:00,141,Medium,0,Active,0,Active,At Risk,Medium
,door hanger  mum + dads room,968.8299999999999,838,92,10.530760869565217,2009-12-01 10:49:00,2010-11-28 14:57:00,362,Medium,11,Active,0,Active,Weak,Medium
,silver roccoco chandelier,968.3,58,16,60.51875,2009-12-16 13:16:00,2010-11-10 09:43:00,328,Medium,29,Active,0,Active,Weak,Medium
84968C,set of 16 vintage pistachio cutlery,967.9499999999999,65,33,29.33181818181818,2010-08-16 14:19:00,2010-12-07 14:31:00,113,Medium,2,Active,0,Active,Weak,Medium
,edwardian toilet roll unit,966.35,166,34,28.42205882352941,2009-12-01 09:57:00,2010-03-12 10:40:00,101,Medium,272,Inactive,1,Churned,Churned,Medium
84712B,pink jewelled photo frame,965.8900000000001,151,62,15.578870967741937,2009-12-02 13:00:00,2010-12-06 09:58:00,368,Medium,3,Active,0,Active,Weak,Medium
35810A,enamel pink coffee container,964.65,572,96,10.0484375,2009-12-03 12:10:00,2010-11-04 14:49:00,336,Medium,35,At Risk,0,Active,At Risk,Medium
84968A,set of 16 vintage rose cutlery,964.03,77,25,38.5612,2010-08-19 10:58:00,2010-12-09 16:26:00,112,Medium,0,Active,0,Active,Weak,Medium
,star decoration painted zinc,963.4399999999999,1471,91,10.587252747252746,2009-12-01 13:07:00,2010-12-09 14:55:00,373,Medium,0,Active,0,Active,Weak,Medium
,black mini tape measure,963.23,922,102,9.44343137254902,2009-12-02 14:43:00,2010-12-09 17:27:00,372,Medium,0,Active,0,Active,Weak,Medium
85018D,yuletide images s/6 paper boxes,962.25,784,77,12.496753246753247,2009-12-02 13:00:00,2010-12-05 12:42:00,367,Medium,4,Active,0,Active,Weak,Medium
,green fern sketchbook,961.45,360,86,11.179651162790698,2009-12-04 14:14:00,2010-12-09 20:01:00,370,Medium,0,Active,0,Active,Weak,Medium
,beach hut mirror,961.4,340,68,14.138235294117647,2009-12-01 14:28:00,2010-11-18 15:34:00,352,Medium,21,Active,0,Active,Weak,Medium
,silver vanilla flower candle pot,960.99,249,72,13.347083333333334,2009-12-01 14:59:00,2010-10-29 17:17:00,332,Medium,41,At Risk,0,Active,At Risk,Medium
,gold mug bone china tree of life,960.8399999999999,496,50,19.2168,2009-12-07 18:02:00,2010-12-07 15:59:00,364,Medium,2,Active,0,Active,Weak,Medium
,hanging butterfly  egg,960.3,1167,65,14.773846153846153,2009-12-16 13:49:00,2010-11-14 11:41:00,332,Medium,25,Active,0,Active,Weak,Medium
,five cats hanging decoration,959.79,303,79,12.149240506329113,2009-12-04 14:35:00,2010-12-01 17:06:00,362,Medium,8,Active,0,Active,Weak,Medium
72753B,s/3 flwr fairy lavender candles,957.73,445,14,68.40928571428572,2009-12-04 15:27:00,2010-03-26 14:29:00,111,Medium,258,Inactive,1,Churned,Churned,Medium
,white christmas tree decoration,957.63,2221,103,9.2973786407767,2009-12-01 12:56:00,2010-11-21 11:58:00,354,Medium,18,Active,0,Active,Weak,Medium
,glass cloche small,956.87,233,61,15.68639344262295,2010-10-18 08:13:00,2010-12-09 16:31:00,52,Short,0,Active,0,Active,Weak,Medium
,cherry blossom bathroom cabinet,955.35,193,51,18.732352941176472,2009-12-09 09:34:00,2010-10-24 14:49:00,319,Medium,46,At Risk,0,Active,At Risk,Medium
,skulls storage box large,954.4399999999999,418,65,14.683692307692306,2009-12-02 12:13:00,2010-11-19 14:29:00,352,Medium,20,Active,0,Active,Weak,Medium
,blue paisley sketchbook,954.23,346,88,10.843522727272727,2009-12-01 14:28:00,2010-12-09 16:53:00,373,Medium,0,Active,0,Active,Weak,Medium
,folding umbrella  white/red  spot,953.0,262,28,34.035714285714285,2009-12-01 10:52:00,2010-09-23 11:21:00,296,Medium,77,Inactive,1,Churned,Churned,Medium
,set/9 christmas t-lights scented,952.51,737,85,11.206,2009-12-02 14:43:00,2010-12-05 16:24:00,368,Medium,4,Active,0,Active,Weak,Medium
,pink drawer knob acrylic edwardian,950.91,687,73,13.026164383561643,2010-10-17 11:23:00,2010-12-09 16:31:00,53,Short,0,Active,0,Active,Weak,Medium
,rustic  seventeen drawer sideboard,950.0,6,5,190.0,2010-10-31 14:43:00,2010-12-08 16:11:00,38,Short,1,Active,0,Active,Weak,Medium
,etched glass coaster,948.26,724,70,13.54657142857143,2009-12-02 14:43:00,2010-12-08 15:56:00,371,Medium,1,Active,0,Active,Weak,Medium
,ribbon reel polkadots,947.07,530,97,9.763608247422681,2010-09-24 16:06:00,2010-12-08 12:35:00,74,Short,1,Active,0,Active,Weak,Medium
37492B,blue yellow flower piggy bank,946.72,489,44,21.516363636363636,2009-12-02 14:36:00,2010-10-05 13:01:00,306,Medium,65,Inactive,1,Churned,Churned,Medium
84536A,english rose notebook a7 size,945.23,2063,295,3.2041694915254237,2009-12-01 14:28:00,2010-12-09 14:09:00,372,Medium,0,Active,0,Active,At Risk,Medium
,christmas craft heart decorations,942.88,446,70,13.469714285714286,2009-12-01 09:08:00,2010-10-27 16:04:00,330,Medium,43,At Risk,0,Active,At Risk,Medium
,chrysanthemum  journal,942.2,507,102,9.237254901960785,2009-12-01 14:35:00,2010-12-09 20:01:00,373,Medium,0,Active,0,Active,Weak,Medium
,classical rose small vase,941.6,478,71,13.261971830985916,2009-12-08 13:59:00,2010-12-09 14:09:00,366,Medium,0,Active,0,Active,Weak,Medium
,cream wall planter heart shaped,940.12,173,33,28.48848484848485,2010-11-07 12:21:00,2010-12-09 17:27:00,32,Short,0,Active,0,Active,Weak,Medium
,red drawer knob acrylic edwardian,939.53,691,53,17.726981132075473,2010-10-17 11:23:00,2010-12-08 16:11:00,52,Short,1,Active,0,Active,Weak,Medium
85124C,green juicy fruit photo frame,938.34,358,90,10.426,2009-12-08 09:35:00,2010-12-08 14:25:00,365,Medium,1,Active,0,Active,Weak,Medium
,congratulations bunting,937.88,170,73,12.847671232876712,2009-12-15 08:01:00,2010-11-15 11:16:00,335,Medium,24,Active,0,Active,Weak,Medium
,small chunky glass roman  bowl,937.29,535,33,28.402727272727272,2009-12-03 19:13:00,2010-12-07 15:28:00,368,Medium,2,Active,0,Active,Weak,Medium
85121B,retro laundry tub pink,936.74,86,48,19.515416666666667,2009-12-03 14:39:00,2010-06-27 13:11:00,205,Medium,165,Inactive,1,Churned,Churned,Medium
85226A,white/blue pull back racing car,933.07,1714,144,6.479652777777778,2009-12-02 13:20:00,2010-11-24 15:31:00,357,Medium,15,Active,0,Active,At Risk,Medium
47504E,english rose scissors,931.86,4387,48,19.41375,2009-12-01 14:40:00,2010-10-12 12:36:00,314,Medium,58,At Risk,0,Active,At Risk,Medium
,glass jar marmalade,928.5,303,90,10.316666666666666,2010-03-15 13:06:00,2010-12-03 11:36:00,262,Medium,6,Active,0,Active,Weak,Medium
,toast its - happy birthday,927.93,735,118,7.8638135593220335,2009-12-02 14:55:00,2010-12-08 13:53:00,370,Medium,1,Active,0,Active,At Risk,Medium
,hanging bauble t-light holder small,926.37,399,51,18.164117647058823,2009-12-03 15:15:00,2010-12-02 10:17:00,363,Medium,7,Active,0,Active,Weak,Medium
,garden path notebook,926.2099999999999,3600,84,11.026309523809523,2009-12-02 14:43:00,2010-12-09 20:01:00,372,Medium,0,Active,0,Active,Weak,Medium
,cream cushion cover with flowers,925.62,198,60,15.427,2010-02-24 13:48:00,2010-09-27 12:45:00,214,Medium,73,Inactive,1,Churned,Churned,Medium
,enchanted bird plant cage,925.29,260,77,12.016753246753247,2009-12-06 15:01:00,2010-12-06 09:58:00,364,Medium,3,Active,0,Active,Weak,Medium
,danish rose photo frame,923.99,366,116,7.965431034482759,2009-12-02 14:21:00,2010-12-09 14:55:00,372,Medium,0,Active,0,Active,At Risk,Medium
82607A,glass bonbon jar parfume aux fleure,923.72,663,159,5.809559748427673,2009-12-03 10:03:00,2010-10-12 11:34:00,313,Medium,58,At Risk,0,Active,At Risk,Medium
,vintage billboard mug,923.52,944,126,7.32952380952381,2009-12-01 13:29:00,2010-12-06 09:58:00,369,Medium,3,Active,0,Active,At Risk,Medium
72529W,white advent candle,923.05,465,48,19.230208333333334,2009-12-01 14:43:00,2010-09-30 14:25:00,302,Medium,70,Inactive,1,Churned,Churned,Medium
,folkart heart napkin rings,919.13,277,112,8.206517857142858,2009-12-01 14:49:00,2010-12-08 14:25:00,371,Medium,1,Active,0,Active,At Risk,Medium
85121C,retro laundry tub pistachio,918.91,98,53,17.337924528301887,2009-12-07 18:02:00,2010-11-17 17:01:00,344,Medium,22,Active,0,Active,Weak,Medium
,set 5 mini gateaux  fridge magnets,918.6800000000001,2636,8,114.83500000000001,2009-12-15 10:02:00,2010-02-15 11:57:00,62,Short,297,Inactive,1,Churned,Churned,Medium
72045D,roses on blue teacup candle,918.65,539,6,153.10833333333332,2009-12-03 15:56:00,2010-03-03 14:42:00,89,Short,281,Inactive,1,Churned,Churned,Medium
,blue scandinavian paisley wrap,918.5,2225,78,11.775641025641026,2009-12-01 14:40:00,2010-12-08 10:45:00,371,Medium,1,Active,0,Active,Weak,Medium
,small spotty chocolate gift bag,918.49,1073,77,11.928441558441559,2009-12-01 14:28:00,2010-11-04 12:17:00,337,Medium,35,At Risk,0,Active,At Risk,Medium
84913B,mint green rose towel,918.3,246,124,7.405645161290322,2009-12-02 14:43:00,2010-12-09 16:08:00,372,Medium,0,Active,0,Active,At Risk,Medium
84535B,fairy cakes notebook a6 size,916.33,1395,181,5.062596685082873,2009-12-01 14:19:00,2010-12-09 14:08:00,372,Medium,0,Active,0,Active,At Risk,Medium
,balloon art make your own flowers,915.37,469,79,11.586962025316456,2010-04-11 13:01:00,2010-12-09 13:08:00,242,Medium,0,Active,0,Active,Weak,Medium
,etched glass droplet decoration,914.67,1927,48,19.055625,2009-12-02 12:15:00,2010-09-23 12:25:00,295,Medium,77,Inactive,1,Churned,Churned,Medium
,feltcraft hairband red and blue,914.4799999999999,1055,153,5.976993464052287,2010-03-10 13:26:00,2010-12-09 13:03:00,273,Medium,0,Active,0,Active,At Risk,Medium
,chest natural wood 20 drawers,910.0,8,5,182.0,2010-10-26 10:24:00,2010-11-29 13:42:00,34,Short,10,Active,0,Active,Weak,Medium
84709B,pink oval jewelled mirror,907.38,158,77,11.784155844155844,2009-12-01 16:34:00,2010-12-05 16:41:00,369,Medium,4,Active,0,Active,Weak,Medium
,wood stamp set flowers,906.5600000000001,527,97,9.3459793814433,2009-12-01 14:14:00,2010-12-08 12:46:00,371,Medium,1,Active,0,Active,Weak,Medium
,"decoration , hanging metal rabbit",904.02,834,60,15.067,2009-12-01 14:28:00,2010-11-11 14:39:00,345,Medium,28,Active,0,Active,Weak,Medium
,rabbit  design  cotton tote bag,903.56,369,113,7.996106194690265,2009-12-01 12:36:00,2010-12-06 15:13:00,370,Medium,3,Active,0,Active,At Risk,Medium
,blue chalet birdfeeder,902.0300000000001,291,36,25.05638888888889,2009-12-01 14:28:00,2010-04-26 10:57:00,145,Medium,227,Inactive,1,Churned,Churned,Medium
,silver vanilla  flower candle pot,902.0,248,35,25.771428571428572,2009-12-07 11:05:00,2010-12-07 15:39:00,365,Medium,2,Active,0,Active,Weak,Medium
,vintage keepsake box paris days,901.94,100,65,13.876000000000001,2009-12-03 14:39:00,2010-12-07 15:28:00,369,Medium,2,Active,0,Active,Weak,Medium
84559B,3d sheet of cat stickers,901.63,1007,154,5.85474025974026,2009-12-01 16:17:00,2010-12-09 15:16:00,372,Medium,0,Active,0,Active,At Risk,Medium
84559A,3d sheet of dog stickers,900.05,989,164,5.488109756097561,2009-12-01 12:57:00,2010-12-09 15:16:00,373,Medium,0,Active,0,Active,At Risk,Medium
,blue paisley notebook,899.63,3300,99,9.087171717171717,2009-12-01 11:51:00,2010-12-09 14:19:00,373,Medium,0,Active,0,Active,Weak,Medium
,pink stripe hot water bottle,899.5200000000001,285,57,15.78105263157895,2009-12-01 12:13:00,2009-12-22 15:13:00,21,Short,352,Inactive,1,Churned,Churned,Medium
,36 foil star cake cases,899.12,439,59,15.239322033898306,2010-11-04 12:18:00,2010-12-06 13:53:00,32,Short,3,Active,0,Active,Weak,Medium
,set/5 blue spotty lid glass bowls,898.7199999999999,314,43,20.90046511627907,2009-12-01 14:43:00,2010-01-17 16:01:00,47,Short,326,Inactive,1,Churned,Churned,Medium
,measuring tape babushka blue,897.6700000000001,321,43,20.87604651162791,2010-08-18 10:03:00,2010-12-07 13:50:00,111,Medium,2,Active,0,Active,Weak,Medium
85031A,romantic images scrap book set,897.54,461,95,9.44778947368421,2009-12-01 14:28:00,2010-11-30 12:29:00,363,Medium,9,Active,0,Active,Weak,Medium
,star  t-light holder,897.14,578,72,12.460277777777778,2009-12-01 12:57:00,2010-12-09 14:09:00,373,Medium,0,Active,0,Active,Weak,Medium
17109B,flower fairy incense lavender,896.3399999999999,4542,17,52.72588235294117,2009-12-02 12:39:00,2010-03-05 12:44:00,93,Short,279,Inactive,1,Churned,Churned,Medium
84760L,large hanging glass+zinc lantern,896.0,560,1,896.0,2010-05-04 13:59:00,2010-05-04 13:59:00,0,Short,219,Inactive,1,Churned,Churned,Medium
,card circus parade,893.79,2117,171,5.226842105263158,2010-06-01 13:49:00,2010-12-09 14:09:00,191,Medium,0,Active,0,Active,At Risk,Medium
,cake shop  sticker sheet,892.41,1024,106,8.418962264150943,2009-12-04 09:43:00,2010-12-06 12:23:00,367,Medium,3,Active,0,Active,Weak,Medium
,hi tec alpine hand warmer,892.26,524,116,7.691896551724138,2009-12-01 12:13:00,2010-12-09 16:26:00,373,Medium,0,Active,0,Active,At Risk,Medium
85031B,blossom images scrap book set,891.14,495,84,10.608809523809523,2009-12-01 14:28:00,2010-11-07 14:17:00,340,Medium,32,At Risk,0,Active,At Risk,Medium
,ring of roses birthday card,889.88,2152,160,5.56175,2009-12-01 09:46:00,2010-12-08 14:25:00,372,Medium,1,Active,0,Active,At Risk,Medium
,basket of flowers sewing kit,889.0699999999999,1025,85,10.45964705882353,2009-12-02 13:23:00,2010-12-09 14:09:00,372,Medium,0,Active,0,Active,Weak,Medium
85135B,blue dragonfly helicopter,888.45,109,87,10.212068965517242,2009-12-01 14:28:00,2010-12-09 14:09:00,372,Medium,0,Active,0,Active,Weak,Medium
,set of 12 mini bunnies in a bucket,888.0600000000001,1635,55,16.146545454545457,2009-12-06 11:27:00,2010-11-22 13:59:00,351,Medium,17,Active,0,Active,Weak,Medium
,ivory embroidered quilt,887.4,24,14,63.385714285714286,2010-10-22 14:04:00,2010-12-07 15:54:00,46,Short,2,Active,0,Active,Weak,Medium
,pink  honeycomb paper ball,885.64,324,75,11.808533333333333,2009-12-02 14:36:00,2010-12-09 14:09:00,371,Medium,0,Active,0,Active,Weak,Medium
,bohemian collage stationery set,885.25,483,87,10.175287356321839,2009-12-02 14:36:00,2010-12-08 14:25:00,370,Medium,1,Active,0,Active,Weak,Medium
,jazz hearts magnetic memo pad,884.5600000000002,7084,32,27.642500000000005,2009-12-01 14:28:00,2010-02-19 10:54:00,79,Short,293,Inactive,1,Churned,Churned,Medium
72799A,black pillar candle silver flock,877.8000000000001,612,18,48.76666666666667,2009-12-03 13:03:00,2010-08-04 12:39:00,243,Medium,127,Inactive,1,Churned,Churned,Medium
,home sweet home  blackboard,876.29,132,44,19.915681818181817,2009-12-01 14:28:00,2010-07-05 12:49:00,215,Medium,157,Inactive,1,Churned,Churned,Medium
,marakesh lantern small,873.25,199,13,67.17307692307692,2009-12-05 12:02:00,2010-04-13 14:27:00,129,Medium,240,Inactive,1,Churned,Churned,Medium
,candy pink french boudoir clock,872.76,90,58,15.047586206896552,2009-12-02 15:04:00,2010-06-21 15:13:00,201,Medium,171,Inactive,1,Churned,Churned,Medium
,chrysanthemum sketchbook,871.51,346,92,9.472934782608695,2009-12-01 18:35:00,2010-12-09 20:01:00,373,Medium,0,Active,0,Active,Weak,Medium
,retrospot cigar box matches,870.14,718,83,10.483614457831326,2010-09-26 16:04:00,2010-12-09 20:01:00,74,Short,0,Active,0,Active,Weak,Medium
,red spotty pudding bowl,869.23,3828,31,28.039677419354838,2009-12-03 15:35:00,2010-09-09 14:48:00,279,Medium,91,Inactive,1,Churned,Churned,Medium
,scallop shell soap dish,868.79,1636,35,24.82257142857143,2009-12-07 18:02:00,2010-11-24 13:15:00,351,Medium,15,Active,0,Active,Weak,Medium
,"brocade purse,small arch button",867.84,3280,69,12.577391304347827,2009-12-02 12:32:00,2010-10-19 12:48:00,321,Medium,51,At Risk,0,Active,At Risk,Medium
,toxic area  door hanger,867.7099999999999,942,125,6.941679999999999,2009-12-01 10:49:00,2010-12-06 16:57:00,370,Medium,3,Active,0,Active,At Risk,Medium
,wrap cowboys,866.3,2215,56,15.469642857142857,2010-06-02 11:11:00,2010-12-08 12:41:00,189,Medium,1,Active,0,Active,Weak,Medium
35598D,pink/white christmas tree 60cm,866.16,1080,70,12.373714285714286,2009-12-02 14:43:00,2010-12-08 14:25:00,370,Medium,1,Active,0,Active,Weak,Medium
,pink paisley rose gift wrap,866.0,2100,76,11.394736842105264,2009-12-04 08:40:00,2010-12-06 15:00:00,367,Medium,3,Active,0,Active,Weak,Medium
,large stripes chocolate gift bag,864.31,865,55,15.714727272727272,2009-12-08 12:05:00,2010-12-09 10:42:00,365,Medium,0,Active,0,Active,Weak,Medium
85166B,black metal baroque photo frame,864.1,510,38,22.739473684210527,2009-12-04 15:26:00,2010-11-14 14:47:00,344,Medium,25,Active,0,Active,Weak,Medium
,white honeycomb paper garland,863.9699999999999,458,57,15.157368421052631,2009-12-01 14:47:00,2010-12-09 16:35:00,373,Medium,0,Active,0,Active,Weak,Medium
,white stitched cushion cover,863.88,168,45,19.197333333333333,2009-12-01 14:59:00,2010-12-07 15:54:00,371,Medium,2,Active,0,Active,Weak,Medium
,candle plate lace white,863.19,356,36,23.977500000000003,2009-12-01 16:44:00,2010-11-15 15:03:00,348,Medium,24,Active,0,Active,Weak,Medium
,candy shop  sticker sheet,862.41,944,120,7.18675,2009-12-01 14:28:00,2010-12-09 14:09:00,372,Medium,0,Active,0,Active,At Risk,Medium
,moody boy  door hanger,860.98,991,127,6.779370078740158,2009-12-01 10:49:00,2010-12-02 11:41:00,366,Medium,7,Active,0,Active,At Risk,Medium
,"french bottle , lavender",860.0799999999999,476,96,8.959166666666667,2009-12-01 14:28:00,2010-04-18 11:24:00,137,Medium,235,Inactive,1,Churned,Churned,Medium
,set of salt and pepper toadstools,859.11,687,69,12.450869565217392,2010-10-21 12:09:00,2010-12-07 10:08:00,46,Short,2,Active,0,Active,Weak,Medium
85129D,beaded crystal heart pink small,857.09,589,106,8.085754716981132,2009-12-01 14:28:00,2010-12-06 10:08:00,369,Medium,3,Active,0,Active,Weak,Medium
,small stripes chocolate gift bag,856.4,1610,65,13.175384615384615,2009-12-04 09:43:00,2010-12-06 11:01:00,367,Medium,3,Active,0,Active,Weak,Medium
,elephant toy with blue t-shirt,854.91,222,112,7.633125,2009-12-01 12:56:00,2010-04-09 09:26:00,128,Medium,244,Inactive,1,Churned,Churned,Medium
,silver skull hot water bottle,854.23,204,92,9.285108695652173,2009-12-01 14:45:00,2010-10-31 16:16:00,334,Medium,39,At Risk,0,Active,At Risk,Medium
,mirror mosaic t-light holder round,852.4,498,45,18.94222222222222,2009-12-01 11:45:00,2010-11-23 17:10:00,357,Medium,16,Active,0,Active,Weak,Medium
72803A,rose scent candle jewelled drawer,852.28,200,58,14.694482758620689,2009-12-02 12:06:00,2010-12-03 15:45:00,366,Medium,6,Active,0,Active,Weak,Medium
,skulls design flannel,851.49,1402,130,6.549923076923077,2009-12-01 14:28:00,2010-12-09 14:09:00,372,Medium,0,Active,0,Active,At Risk,Medium
,pink  polkadot plate,850.9399999999999,508,59,14.422711864406779,2010-09-23 11:58:00,2010-12-08 13:23:00,76,Short,1,Active,0,Active,Weak,Medium
85071A,blue charlie+lola personal doorsign,850.16,872,37,22.977297297297298,2009-12-01 10:49:00,2010-12-01 14:05:00,365,Medium,8,Active,0,Active,Weak,Medium
85032D,yuletide images gift wrap set,850.14,503,52,16.348846153846154,2009-12-02 13:06:00,2010-12-09 16:08:00,372,Medium,0,Active,0,Active,Weak,Medium
,pack of 12 sticky bunnies,848.25,1227,158,5.368670886075949,2009-12-09 09:51:00,2010-12-06 12:23:00,362,Medium,3,Active,0,Active,At Risk,Medium
,easter decoration natural chick,848.11,1311,106,8.001037735849057,2009-12-02 15:04:00,2010-12-08 12:56:00,370,Medium,1,Active,0,Active,Weak,Medium
,kitchen flower pots wall plaque,847.62,470,32,26.488125,2009-12-14 18:37:00,2010-12-06 10:08:00,356,Medium,3,Active,0,Active,Weak,Medium
79302M,"art lights,funk monkey",846.83,288,55,15.39690909090909,2009-12-01 14:19:00,2010-12-06 14:51:00,370,Medium,3,Active,0,Active,Weak,Medium
84659A,white travel alarm clock,845.9499999999999,329,143,5.915734265734265,2009-12-03 14:39:00,2010-12-08 14:25:00,369,Medium,1,Active,0,Active,At Risk,Medium
,antique edwardian dresser,841.7,53,12,70.14166666666667,2009-12-05 13:32:00,2010-03-05 10:51:00,89,Short,279,Inactive,1,Churned,Churned,Medium
,french floral cushion cover,841.6899999999998,377,23,36.59521739130434,2009-12-04 12:37:00,2010-12-01 14:32:00,362,Medium,8,Active,0,Active,Weak,Medium
,chrysanthemum pocket book,840.98,5718,45,18.688444444444446,2009-12-17 11:43:00,2010-12-09 14:19:00,357,Medium,0,Active,0,Active,Weak,Medium
,party invites dinosaurs,840.73,1009,129,6.517286821705427,2009-12-06 12:26:00,2010-12-08 12:41:00,367,Medium,1,Active,0,Active,At Risk,Medium
,vippassport cover,840.73,401,81,10.379382716049383,2009-12-01 11:51:00,2010-12-09 14:09:00,373,Medium,0,Active,0,Active,Weak,Medium
84782A,pink 3 tier glass plate stand,840.45,119,26,32.325,2009-12-01 12:30:00,2010-08-19 14:49:00,261,Medium,112,Inactive,1,Churned,Churned,Medium
,pink polkadot bowl,839.87,648,89,9.436741573033707,2010-09-26 11:22:00,2010-12-09 14:09:00,74,Short,0,Active,0,Active,Weak,Medium
,botanical rose gift wrap,839.8,2090,66,12.724242424242423,2009-12-04 08:40:00,2010-11-28 14:56:00,359,Medium,11,Active,0,Active,Weak,Medium
79342B,brown flower lights,838.52,120,35,23.957714285714285,2009-12-01 11:45:00,2010-04-06 13:30:00,126,Medium,247,Inactive,1,Churned,Churned,Medium
85231L,lavender scented set/9 t-lights,838.3499999999999,1039,116,7.227155172413792,2009-12-01 12:33:00,2010-05-02 15:10:00,152,Medium,221,Inactive,1,Churned,Churned,Medium
85034C,3 rose morris boxed candles,838.12,192,43,19.491162790697675,2009-12-04 09:43:00,2010-12-07 15:22:00,368,Medium,2,Active,0,Active,Weak,Medium
,inlaid wood incense holder,837.88,3707,43,19.485581395348838,2009-12-02 14:43:00,2010-08-09 09:23:00,249,Medium,122,Inactive,1,Churned,Churned,Medium
84762B,pink picnic barbecue bucket,837.77,113,48,17.453541666666666,2009-12-04 09:43:00,2010-09-12 13:03:00,282,Medium,88,Inactive,1,Churned,Churned,Medium
,large chinese style scissor,837.65,1065,45,18.614444444444445,2009-12-03 16:49:00,2010-12-09 14:10:00,370,Medium,0,Active,0,Active,Weak,Medium
,ceramic birdhouse black rose  large,837.6,165,35,23.931428571428572,2009-12-02 13:26:00,2010-06-03 11:35:00,182,Medium,189,Inactive,1,Churned,Churned,Medium
46000P,polyester filler pad 65cmx65cm,837.25,207,45,18.605555555555554,2009-12-01 14:59:00,2010-12-06 13:34:00,369,Medium,3,Active,0,Active,Weak,Medium
40018E,tea time paper lanterns,837.02,384,81,10.33358024691358,2009-12-01 13:31:00,2010-07-25 11:46:00,235,Medium,137,Inactive,1,Churned,Churned,Medium
,purple drawerknob acrylic edwardian,834.44,616,56,14.900714285714287,2010-10-17 11:23:00,2010-12-08 16:11:00,52,Short,1,Active,0,Active,Weak,Medium
,green fern notebook,834.44,3406,79,10.56253164556962,2009-12-01 11:51:00,2010-12-09 20:01:00,373,Medium,0,Active,0,Active,Weak,Medium
77101A,union flag windsock,834.03,699,67,12.44820895522388,2009-12-06 12:28:00,2010-12-05 12:15:00,363,Medium,4,Active,0,Active,Weak,Medium
,blue paisley pocket book,833.78,4855,65,12.827384615384615,2009-12-07 12:26:00,2010-12-09 14:19:00,367,Medium,0,Active,0,Active,Weak,Medium
,abstract circles notebook,832.66,3258,84,9.912619047619048,2009-12-01 17:28:00,2010-09-17 14:50:00,289,Medium,83,Inactive,1,Churned,Churned,Medium
35599D,pink and white christmas tree 120cm,831.1400000000001,208,72,11.543611111111112,2009-12-01 14:28:00,2010-12-06 09:58:00,369,Medium,3,Active,0,Active,Weak,Medium
,easter bunnies on a stick,831.0400000000001,1564,71,11.704788732394368,2009-12-07 11:46:00,2010-03-29 17:17:00,112,Medium,255,Inactive,1,Churned,Churned,Medium
,wrap green pears,829.5,1975,79,10.5,2010-05-27 16:54:00,2010-12-09 12:17:00,195,Medium,0,Active,0,Active,Weak,Medium
,abstract circles pocket book,829.3199999999999,5279,55,15.078545454545454,2009-12-01 12:22:00,2010-12-09 20:01:00,373,Medium,0,Active,0,Active,Weak,Medium
,party invites jazz hearts,828.56,964,139,5.960863309352518,2009-12-01 10:59:00,2010-12-08 12:41:00,372,Medium,1,Active,0,Active,At Risk,Medium
,frying pan red retrospot,825.69,185,58,14.236034482758622,2010-09-16 13:06:00,2010-12-09 16:31:00,84,Short,0,Active,0,Active,Weak,Medium
,columbian candle round,825.22,1424,99,8.335555555555556,2009-12-01 13:19:00,2010-12-08 13:17:00,371,Medium,1,Active,0,Active,Weak,Medium
,ceramic birdhouse butterfly large,824.95,169,22,37.497727272727275,2009-12-02 13:26:00,2010-01-29 17:25:00,58,Short,314,Inactive,1,Churned,Churned,Medium
,box of 6 assorted colour teaspoons,823.84,172,56,14.711428571428572,2010-08-11 16:14:00,2010-12-07 15:34:00,117,Medium,2,Active,0,Active,Weak,Medium
,small regal  silver candlepot,823.63,273,49,16.808775510204082,2009-12-01 14:28:00,2010-12-09 15:20:00,373,Medium,0,Active,0,Active,Weak,Medium
,ridged glass t-light holder,823.3,1349,43,19.146511627906975,2009-12-02 14:36:00,2010-12-07 15:28:00,370,Medium,2,Active,0,Active,Weak,Medium
,blue polkadot wrap,822.5,2125,53,15.518867924528301,2010-09-23 12:18:00,2010-12-07 15:48:00,75,Short,2,Active,0,Active,Weak,Medium
,set/3 christmas decoupage candles,818.52,562,82,9.981951219512196,2009-12-01 12:57:00,2010-12-09 14:09:00,373,Medium,0,Active,0,Active,Weak,Medium
,felt farm animal chicken,818.43,651,71,11.527183098591548,2009-12-07 11:46:00,2010-12-07 18:36:00,365,Medium,2,Active,0,Active,Weak,Medium
,magnets pack of 4 retro photo,817.98,684,60,13.633000000000001,2010-03-26 13:46:00,2010-12-08 15:56:00,257,Medium,1,Active,0,Active,Weak,Medium
37494A,fairy cake ceramic butter dish,817.6,241,54,15.14074074074074,2009-12-02 12:54:00,2010-04-01 15:04:00,120,Medium,252,Inactive,1,Churned,Churned,Medium
,mini jigsaw bunnies,816.84,1906,105,7.779428571428571,2010-03-26 13:46:00,2010-12-08 14:25:00,257,Medium,1,Active,0,Active,Weak,Medium
,snowstorm photo frame fridge magnet,816.74,976,87,9.387816091954024,2009-12-02 10:00:00,2010-12-09 14:09:00,372,Medium,0,Active,0,Active,Weak,Medium
,soldiers egg cup,815.41,611,62,13.151774193548386,2010-11-23 12:57:00,2010-12-09 17:34:00,16,Short,0,Active,0,Active,Weak,Medium
,red/cream stripe cushion cover,815.37,595,87,9.372068965517242,2010-04-11 14:28:00,2010-11-28 14:57:00,231,Medium,11,Active,0,Active,Weak,Medium
,frog candle,815.01,935,106,7.68877358490566,2009-12-01 13:31:00,2010-12-03 11:13:00,366,Medium,6,Active,0,Active,Weak,Medium
,caravan square tissue box,813.64,704,144,5.650277777777777,2009-12-02 14:43:00,2010-12-06 16:57:00,369,Medium,3,Active,0,Active,At Risk,Medium
,wood stamp set happy birthday,812.88,483,86,9.452093023255815,2009-12-03 07:25:00,2010-12-06 10:08:00,368,Medium,3,Active,0,Active,Weak,Medium
,shaker throw  quilted,811.8,52,5,162.35999999999999,2009-12-06 13:19:00,2010-03-09 13:29:00,93,Short,275,Inactive,1,Churned,Churned,Medium
,white with black cats plate,810.6999999999999,6090,67,12.1,2009-12-02 14:36:00,2010-11-29 15:26:00,362,Medium,10,Active,0,Active,Weak,Medium
,kittens design flannel,809.0999999999999,1460,109,7.4229357798165125,2009-12-02 14:43:00,2010-12-09 16:31:00,372,Medium,0,Active,0,Active,At Risk,Medium
85017B,envelope 50 blossom images,807.0999999999999,1174,168,4.804166666666666,2009-12-02 14:43:00,2010-12-09 14:09:00,371,Medium,0,Active,0,Active,At Risk,Medium
,vintage red mug,806.22,1584,79,10.205316455696202,2009-12-01 13:29:00,2010-12-07 18:36:00,371,Medium,2,Active,0,Active,Weak,Medium
,zinc police box lantern,806.22,195,6,134.37,2009-12-01 14:55:00,2010-03-14 11:55:00,102,Medium,270,Inactive,1,Churned,Churned,Medium
85231G,orange scented set/9 t-lights,802.79,902,183,4.386830601092896,2009-12-01 12:14:00,2010-12-09 14:09:00,373,Medium,0,Active,0,Active,At Risk,Medium
,first class passport cover,802.26,406,63,12.734285714285715,2009-12-02 14:36:00,2010-12-01 17:06:00,364,Medium,8,Active,0,Active,Weak,Medium
,red reindeer string of 20 lights,801.4,149,40,20.035,2009-12-01 11:45:00,2010-11-22 13:42:00,356,Medium,17,Active,0,Active,Weak,Medium
,blue polkadot plate,799.74,473,50,15.9948,2010-09-23 11:58:00,2010-12-07 09:51:00,74,Short,2,Active,0,Active,Weak,Medium
,antique cream cutlery shelf,798.84,86,47,16.996595744680853,2009-12-08 14:56:00,2010-12-07 18:36:00,364,Medium,2,Active,0,Active,Weak,Medium
,green fern pocket book,798.01,5665,42,19.000238095238096,2009-12-01 12:22:00,2010-11-18 14:17:00,352,Medium,21,Active,0,Active,Weak,Medium
84596E,small licorice des pink bowl,796.42,593,143,5.569370629370629,2009-12-01 14:19:00,2010-12-09 16:31:00,373,Medium,0,Active,0,Active,At Risk,Medium
,ceramic strawberry trinket tray,796.2,294,66,12.063636363636364,2009-12-02 15:44:00,2010-12-05 11:57:00,367,Medium,4,Active,0,Active,Weak,Medium
,skull lunchbox with cutlery,796.12,298,65,12.248,2009-12-01 12:32:00,2010-07-20 13:36:00,231,Medium,142,Inactive,1,Churned,Churned,Medium
,ceramic love hearts design mug,795.72,520,103,7.7254368932038835,2009-12-01 14:45:00,2010-11-21 15:24:00,355,Medium,18,Active,0,Active,Weak,Medium
,floor lamp shade wood base,794.73,89,17,46.748823529411766,2009-12-01 18:03:00,2010-12-05 12:15:00,368,Medium,4,Active,0,Active,Weak,Medium
17129F,deep blue glass gems in bag,794.4599999999999,669,64,12.413437499999999,2009-12-04 09:43:00,2010-07-12 10:54:00,220,Medium,150,Inactive,1,Churned,Churned,Medium
,t-light holder sweetheart hanging,794.34,408,61,13.021967213114754,2010-10-17 12:03:00,2010-12-09 13:08:00,53,Short,0,Active,0,Active,Weak,Medium
,mirror mosaic votive holder,794.11,496,51,15.57078431372549,2009-12-01 18:07:00,2010-12-07 15:28:00,370,Medium,2,Active,0,Active,Weak,Medium
84625D,white newbaroque candlestick candle,793.34,650,51,15.555686274509805,2009-12-03 20:03:00,2010-11-17 13:53:00,348,Medium,22,Active,0,Active,Weak,Medium
,cosy slipper shoes small green,793.0200000000001,255,70,11.328857142857144,2009-12-02 11:33:00,2010-12-08 16:48:00,371,Medium,1,Active,0,Active,Weak,Medium
46776F,woven rose garden cushion cover,792.61,277,68,11.656029411764706,2009-12-03 13:32:00,2010-11-29 16:41:00,361,Medium,10,Active,0,Active,Weak,Medium
45008C,decorative net canopy cream,792.0699999999999,83,34,23.296176470588232,2009-12-03 18:13:00,2010-07-14 14:30:00,222,Medium,148,Inactive,1,Churned,Churned,Medium
,cushion cover pink union flag,792.0600000000001,120,28,28.287857142857145,2010-10-17 10:42:00,2010-11-08 11:54:00,22,Short,31,At Risk,0,Active,At Risk,Medium
,spots mug,790.6999999999999,437,21,37.65238095238095,2010-01-11 09:38:00,2010-08-26 12:56:00,227,Medium,105,Inactive,1,Churned,Churned,Medium
,green cat floral cushion cover,790.05,348,50,15.800999999999998,2009-12-07 13:35:00,2010-12-01 17:06:00,359,Medium,8,Active,0,Active,Weak,Medium
,retro spot candle  large,789.26,295,49,16.10734693877551,2009-12-02 10:09:00,2010-09-12 15:36:00,284,Medium,88,Inactive,1,Churned,Churned,Medium
85017A,envelope 50 romantic images,786.2199999999999,1150,171,4.597777777777777,2009-12-01 14:28:00,2010-12-07 15:28:00,371,Medium,2,Active,0,Active,At Risk,Medium
85131A,beaded pearl heart white on stick,785.4,1086,84,9.35,2009-12-03 12:27:00,2010-12-06 16:57:00,368,Medium,3,Active,0,Active,Weak,Medium
,sweeties  stickers,785.18,856,130,6.039846153846153,2009-12-01 14:28:00,2010-12-09 14:09:00,372,Medium,0,Active,0,Active,At Risk,Medium
,door mat neighbourhood witch,783.87,96,52,15.074423076923077,2010-02-01 17:13:00,2010-07-02 08:26:00,150,Medium,160,Inactive,1,Churned,Churned,Medium
,small medina stamped metal bowl,783.64,964,61,12.84655737704918,2009-12-01 13:29:00,2010-12-09 14:28:00,373,Medium,0,Active,0,Active,Weak,Medium
,birthday banquet gift wrap,783.3,1865,71,11.032394366197183,2009-12-04 08:40:00,2010-12-08 10:38:00,369,Medium,1,Active,0,Active,Weak,Medium
,decorative rose bathroom bottle,782.8199999999999,493,152,5.150131578947368,2009-12-01 14:28:00,2010-12-09 14:09:00,372,Medium,0,Active,0,Active,At Risk,Medium
,urban chic chopsticks set/5,782.18,407,57,13.722456140350877,2009-12-01 11:45:00,2010-03-17 12:54:00,106,Medium,267,Inactive,1,Churned,Churned,Medium
,12 pencils tall tube posy,781.6899999999999,2090,78,10.021666666666667,2009-12-01 11:37:00,2010-12-06 12:55:00,370,Medium,3,Active,0,Active,Weak,Medium
85025C,pink heart shape photo frame,781.62,407,91,8.589230769230769,2009-12-02 15:41:00,2010-12-08 12:17:00,370,Medium,1,Active,0,Active,Weak,Medium
,apron modern vintage cotton,781.1700000000001,185,51,15.317058823529413,2009-12-07 15:42:00,2010-11-29 09:46:00,356,Medium,10,Active,0,Active,Weak,Medium
,moroccan beaten metal dish large,780.94,98,22,35.49727272727273,2009-12-06 10:26:00,2010-11-22 13:59:00,351,Medium,17,Active,0,Active,Weak,Medium
84534B,fairy cake notebook a5 size,780.5,821,189,4.12962962962963,2009-12-01 14:19:00,2010-12-09 13:14:00,372,Medium,0,Active,0,Active,At Risk,Medium
,glass sphere candle stand medium,780.34,247,41,19.03268292682927,2009-12-13 11:05:00,2010-12-09 16:27:00,361,Medium,0,Active,0,Active,Weak,Medium
,crazy daisy heart decoration,779.0500000000001,1151,52,14.98173076923077,2009-12-04 09:43:00,2010-12-09 14:09:00,370,Medium,0,Active,0,Active,Weak,Medium
,funky monkey mug,778.64,742,95,8.19621052631579,2009-12-01 12:18:00,2010-12-05 15:12:00,369,Medium,4,Active,0,Active,Weak,Medium
84029C,brown furry hot water bottle,773.97,205,49,15.79530612244898,2009-12-01 12:57:00,2010-01-05 09:29:00,34,Short,338,Inactive,1,Churned,Churned,Medium
,white soap rack with 2 bottles,773.16,110,63,12.272380952380951,2009-12-07 17:56:00,2010-12-09 16:08:00,366,Medium,0,Active,0,Active,Weak,Medium
,pink polkadot wrap,773.0,1950,52,14.865384615384615,2010-09-23 12:33:00,2010-12-06 14:46:00,74,Short,3,Active,0,Active,Weak,Medium
,mini jigsaw bake a cake,772.97,1845,68,11.367205882352941,2010-03-26 13:46:00,2010-12-08 16:49:00,257,Medium,1,Active,0,Active,Weak,Medium
82613D,metal sign cupcake single hook,772.72,500,167,4.6270658682634735,2009-12-01 11:21:00,2010-12-09 14:09:00,373,Medium,0,Active,0,Active,At Risk,Medium
,small kitchen flower pots plaque,770.05,350,32,24.0640625,2009-12-03 14:39:00,2010-11-29 16:41:00,361,Medium,10,Active,0,Active,Weak,Medium
,cake stand victorian filigree small,769.5500000000001,197,56,13.741964285714287,2009-12-02 16:49:00,2010-12-09 14:09:00,371,Medium,0,Active,0,Active,Weak,Medium
,ivory hanging bird planter,768.8499999999999,276,61,12.604098360655737,2009-12-03 16:54:00,2010-09-16 19:43:00,287,Medium,84,Inactive,1,Churned,Churned,Medium
85039A,set/4 red mini rose candle in bowl,768.03,787,114,6.737105263157894,2009-12-01 14:28:00,2010-12-09 14:09:00,372,Medium,0,Active,0,Active,At Risk,Medium
,ceramic birdhouse red roof large,767.75,167,22,34.89772727272727,2009-12-01 13:31:00,2010-01-21 14:30:00,51,Short,322,Inactive,1,Churned,Churned,Medium
,sunflower decorative parasol,767.65,50,30,25.58833333333333,2009-12-04 09:43:00,2010-11-09 14:48:00,340,Medium,30,Active,0,Active,Weak,Medium
72755C,flower fairy oil burner set rose,767.0,592,14,54.785714285714285,2009-12-22 12:01:00,2010-03-26 14:29:00,94,Short,258,Inactive,1,Churned,Churned,Medium
,skulls storage box small,766.5799999999999,421,85,9.018588235294116,2009-12-03 12:28:00,2010-12-07 15:31:00,369,Medium,2,Active,0,Active,Weak,Medium
,set/4 badges balloon girl,766.48,580,92,8.331304347826087,2009-12-04 09:43:00,2010-12-08 14:25:00,369,Medium,1,Active,0,Active,Weak,Medium
,pink butterfly washbag,765.93,333,11,69.63,2009-12-03 13:42:00,2010-11-22 11:25:00,353,Medium,17,Active,0,Active,Weak,Medium
84925F,psychedelic wall thermometer,765.73,636,21,36.46333333333333,2010-01-12 15:57:00,2010-12-06 15:13:00,327,Medium,3,Active,0,Active,Weak,Medium
,fruit tree and birds wall plaque,765.58,248,26,29.44538461538462,2009-12-16 12:11:00,2010-11-29 16:41:00,348,Medium,10,Active,0,Active,Weak,Medium
,red daisy pocket book,765.11,5202,48,15.939791666666666,2009-12-07 11:19:00,2010-12-06 12:15:00,364,Medium,3,Active,0,Active,Weak,Medium
,pink butterfly cushion cover,763.61,224,79,9.665949367088608,2010-03-02 10:49:00,2010-11-14 16:12:00,257,Medium,25,Active,0,Active,Weak,Medium
84963A,pink painted kashmiri chair,763.35,23,9,84.81666666666666,2010-02-02 16:07:00,2010-12-05 11:57:00,305,Medium,4,Active,0,Active,Weak,Medium
35811A,enamel pink sugar container,762.97,434,84,9.082976190476192,2009-12-03 12:10:00,2010-10-08 12:18:00,309,Medium,62,Inactive,1,Churned,Churned,Medium
,mini funky design tapes,761.66,853,81,9.40320987654321,2009-12-01 14:28:00,2010-12-08 15:38:00,372,Medium,1,Active,0,Active,Weak,Medium
,mini paint set vintage  boy+ girl,761.4,1260,18,42.3,2010-05-06 14:15:00,2010-08-19 12:18:00,104,Medium,112,Inactive,1,Churned,Churned,Medium
84762C,green picnic barbecue bucket,761.25,105,43,17.703488372093023,2009-12-07 18:02:00,2010-05-21 15:24:00,164,Medium,202,Inactive,1,Churned,Churned,Medium
,red retrospot cup,760.79,853,98,7.763163265306122,2010-09-27 11:41:00,2010-12-09 15:23:00,73,Short,0,Active,0,Active,Weak,Medium
,set/3 pot plant candles,760.61,129,42,18.109761904761903,2009-12-02 09:47:00,2010-11-28 14:57:00,361,Medium,11,Active,0,Active,Weak,Medium
,french style embossed heart cabinet,759.91,29,27,28.144814814814815,2009-12-08 14:56:00,2010-12-05 15:12:00,362,Medium,4,Active,0,Active,Weak,Medium
,small round cut glass candlestick,759.8,152,31,24.509677419354837,2009-12-01 15:36:00,2010-12-08 14:25:00,371,Medium,1,Active,0,Active,Weak,Medium
,pink rose fabric mirror,759.73,809,96,7.913854166666667,2009-12-01 12:47:00,2010-12-09 14:09:00,373,Medium,0,Active,0,Active,Weak,Medium
,danish rose bedside cabinet,759.0,20,10,75.9,2009-12-21 17:14:00,2010-11-17 11:45:00,330,Medium,22,Active,0,Active,Weak,Medium
,card birthday cowboy,759.0,1828,139,5.460431654676259,2010-05-28 16:36:00,2010-12-08 14:25:00,193,Medium,1,Active,0,Active,At Risk,Medium
16244B,maxwell 2 tone blue 60 page photo a,757.17,338,26,29.121923076923075,2009-12-03 14:39:00,2010-08-05 13:31:00,244,Medium,126,Inactive,1,Churned,Churned,Medium
,red retrospot plate,756.49,397,72,10.506805555555555,2010-09-23 11:58:00,2010-12-09 16:10:00,77,Short,0,Active,0,Active,Weak,Medium
,edwardian 2 drawer wall cabinet,755.8,52,14,53.98571428571428,2009-12-14 15:38:00,2010-03-03 12:31:00,78,Short,281,Inactive,1,Churned,Churned,Medium
,wrap christmas screen print,755.75,2525,83,9.105421686746988,2009-12-02 10:58:00,2010-12-03 14:04:00,366,Medium,6,Active,0,Active,Weak,Medium
84569D,pack 6 heart/ice-cream patches,755.69,577,86,8.787093023255814,2009-12-03 07:25:00,2010-12-07 15:28:00,369,Medium,2,Active,0,Active,Weak,Medium
,blue calculator ruler,755.1,592,96,7.8656250000000005,2009-12-02 11:52:00,2010-12-09 13:34:00,372,Medium,0,Active,0,Active,Weak,Medium
47581B,fairy cake wicker picnic basket,753.77,46,36,20.938055555555554,2009-12-08 15:49:00,2010-05-25 17:17:00,168,Medium,198,Inactive,1,Churned,Churned,Medium
,large yellow babushka notebook,753.2,616,99,7.608080808080809,2010-08-08 15:53:00,2010-12-09 13:03:00,122,Medium,0,Active,0,Active,Weak,Medium
,multi hearts  stickers,751.72,868,119,6.3169747899159665,2009-12-01 11:51:00,2010-12-08 14:25:00,372,Medium,1,Active,0,Active,At Risk,Medium
17165B,ass col large sand gecko p'weight,751.6800000000001,810,57,13.187368421052632,2009-12-01 12:56:00,2010-10-10 11:41:00,312,Medium,60,At Risk,0,Active,At Risk,Medium
,green rose quilt,750.48,14,12,62.54,2010-01-11 09:35:00,2010-03-24 12:04:00,72,Short,260,Inactive,1,Churned,Churned,Medium
,pink round butterfly mirror,748.48,240,21,35.64190476190476,2009-12-08 12:38:00,2010-04-12 16:38:00,125,Medium,241,Inactive,1,Churned,Churned,Medium
,paperweight vintage collage,747.79,329,53,14.109245283018867,2010-03-26 13:46:00,2010-12-07 18:36:00,256,Medium,2,Active,0,Active,Weak,Medium
79030G,"tumbler, new england",745.4799999999999,351,56,13.312142857142856,2009-12-02 15:04:00,2010-12-06 12:34:00,368,Medium,3,Active,0,Active,Weak,Medium
,blue polkadot kids bag,745.2099999999999,299,82,9.08792682926829,2009-12-01 14:28:00,2010-12-09 14:09:00,372,Medium,0,Active,0,Active,Weak,Medium
,retro spot candle  small,744.75,408,60,12.4125,2009-12-01 14:28:00,2010-08-02 14:33:00,244,Medium,129,Inactive,1,Churned,Churned,Medium
72800A,s/4 black dinner candle silver floc,743.26,674,46,16.157826086956522,2009-12-01 14:28:00,2010-05-16 12:51:00,165,Medium,207,Inactive,1,Churned,Churned,Medium
,pocket bag pink paisely brown spot,742.9,412,64,11.6078125,2009-12-01 12:47:00,2010-12-06 10:03:00,369,Medium,3,Active,0,Active,Weak,Medium
,"french blue metal door sign, 1",742.67,577,79,9.400886075949366,2010-08-17 11:21:00,2010-11-10 16:40:00,85,Short,29,Active,0,Active,Weak,Medium
,french emroidr lavender scent heart,741.6,341,67,11.06865671641791,2009-12-02 13:00:00,2010-11-25 15:19:00,358,Medium,14,Active,0,Active,Weak,Medium
,blue polkadot bowl,740.1,595,70,10.572857142857144,2010-09-26 11:22:00,2010-12-09 09:34:00,73,Short,0,Active,0,Active,Weak,Medium
,egg cup natural chicken,738.72,590,80,9.234,2009-12-02 14:43:00,2010-12-09 14:09:00,371,Medium,0,Active,0,Active,Weak,Medium
85194L,hanging spring flower egg large,737.74,871,74,9.96945945945946,2009-12-07 11:46:00,2010-11-29 11:51:00,357,Medium,10,Active,0,Active,Weak,Medium
,pink yellow patch cushion cover,735.9000000000001,354,8,91.98750000000001,2010-03-02 13:25:00,2010-11-07 15:49:00,250,Medium,32,At Risk,0,Active,At Risk,Medium
,blue gingham rose cushion cover,734.71,119,49,14.994081632653062,2009-12-02 13:39:00,2010-11-14 12:36:00,346,Medium,25,Active,0,Active,Weak,Medium
,mirrored wall art photo frames,733.4,158,35,20.954285714285714,2009-12-10 10:47:00,2010-12-06 16:57:00,361,Medium,3,Active,0,Active,Weak,Medium
,s/2 beach hut treasure chests,732.95,309,38,19.288157894736845,2009-12-18 12:33:00,2010-11-18 15:34:00,335,Medium,21,Active,0,Active,Weak,Medium
,french enamel candleholder,732.73,344,65,11.272769230769232,2009-12-01 12:02:00,2010-12-09 11:28:00,372,Medium,0,Active,0,Active,Weak,Medium
,flying pig watering can,732.59,274,61,12.009672131147541,2009-12-08 15:49:00,2010-12-09 14:09:00,365,Medium,0,Active,0,Active,Weak,Medium
,vintage bead pink shade,731.99,550,72,10.166527777777778,2009-12-08 15:49:00,2010-11-16 15:24:00,342,Medium,23,Active,0,Active,Weak,Medium
ADJUST2,adjustment by peter on jun 25 2010,731.0500000000001,3,3,243.68333333333337,2010-06-25 14:15:00,2010-06-25 14:15:00,0,Short,167,Inactive,1,Churned,Churned,Medium
,vintage photo album paris days,731.02,100,45,16.244888888888887,2009-12-03 14:39:00,2010-12-03 14:35:00,364,Medium,6,Active,0,Active,Weak,Medium
,hanging bauble t-light holder large,730.39,238,66,11.066515151515151,2009-12-01 13:29:00,2010-12-05 12:42:00,368,Medium,4,Active,0,Active,Weak,Medium
47503F,ass floral print torch,729.9499999999999,2567,11,66.35909090909091,2009-12-02 11:33:00,2010-03-09 13:26:00,97,Short,275,Inactive,1,Churned,Churned,Medium
,magazine rack gebra assorted,729.61,538,14,52.115,2009-12-03 14:39:00,2010-12-08 13:53:00,369,Medium,1,Active,0,Active,Weak,Medium
,set of skull wall stickers,729.08,309,41,17.782439024390246,2009-12-03 14:39:00,2010-12-03 12:24:00,364,Medium,6,Active,0,Active,Weak,Medium
72800B,s/4 purple dinner candle blk flock,728.6700000000001,650,34,21.431470588235296,2009-12-04 13:41:00,2010-07-29 17:03:00,237,Medium,133,Inactive,1,Churned,Churned,Medium
,glitter christmas tree,728.33,854,79,9.219367088607596,2009-12-01 11:45:00,2010-12-08 15:56:00,372,Medium,1,Active,0,Active,Weak,Medium
,olive chalet birdfeeder,727.9300000000001,257,26,27.997307692307693,2009-12-04 09:43:00,2010-03-30 13:35:00,116,Medium,254,Inactive,1,Churned,Churned,Medium
90175A,white glass chunky charm bracelet,727.77,81,38,19.151842105263157,2009-12-01 10:59:00,2010-12-05 10:54:00,368,Medium,4,Active,0,Active,Weak,Medium
,noel garland painted zinc,727.1999999999999,402,57,12.757894736842104,2009-12-01 14:56:00,2010-12-06 10:08:00,369,Medium,3,Active,0,Active,Weak,Medium
,fluted antique candle holder,726.97,811,71,10.239014084507042,2010-10-22 13:11:00,2010-12-08 14:25:00,47,Short,1,Active,0,Active,Weak,Medium
,camouflage ear muff headphones,726.38,116,63,11.52984126984127,2009-12-01 11:45:00,2010-12-07 14:57:00,371,Medium,2,Active,0,Active,Weak,Medium
,rose du sud cushion cover,726.3,142,62,11.714516129032257,2009-12-08 16:09:00,2010-11-18 13:27:00,344,Medium,21,Active,0,Active,Weak,Medium
84509B,fairy cake placemats,725.49,189,47,15.43595744680851,2009-12-02 09:21:00,2010-02-16 10:55:00,76,Short,296,Inactive,1,Churned,Churned,Medium
,blue  spotty pudding bowl,723.55,2679,28,25.84107142857143,2010-01-08 16:29:00,2010-09-09 14:48:00,243,Medium,91,Inactive,1,Churned,Churned,Medium
,christmas tree painted zinc,723.54,1083,66,10.962727272727273,2009-12-02 09:35:00,2010-12-08 14:25:00,371,Medium,1,Active,0,Active,Weak,Medium
84971L,large heart flowers hook,723.51,585,58,12.474310344827586,2009-12-01 11:37:00,2010-04-07 12:45:00,127,Medium,246,Inactive,1,Churned,Churned,Medium
,mirror mosaic hurricane lamp,721.96,166,36,20.054444444444446,2010-01-15 12:38:00,2010-12-09 14:09:00,328,Medium,0,Active,0,Active,Weak,Medium
,vintage keepsake box pink flower,721.45,72,52,13.874038461538463,2009-12-01 13:16:00,2010-08-27 15:49:00,269,Medium,104,Inactive,1,Churned,Churned,Medium
,beach hut photo frame,720.6999999999999,609,40,18.0175,2009-12-01 13:29:00,2010-06-04 15:50:00,185,Medium,188,Inactive,1,Churned,Churned,Medium
,t-light holder white lace,719.5,818,49,14.683673469387756,2009-12-02 10:51:00,2010-12-03 11:36:00,366,Medium,6,Active,0,Active,Weak,Medium
,"decoration , wobbly chicken, metal",718.89,546,41,17.53390243902439,2009-12-03 12:28:00,2010-06-01 13:49:00,180,Medium,191,Inactive,1,Churned,Churned,Medium
,magic drawing slate leap frog,718.4,1751,106,6.777358490566037,2010-03-28 13:38:00,2010-12-08 14:22:00,255,Medium,1,Active,0,Active,Weak,Medium
,folkart bauble christmas decoration,717.99,1352,46,15.608478260869566,2009-12-01 09:57:00,2010-11-25 13:51:00,359,Medium,14,Active,0,Active,Weak,Medium
85124B,blue juicy fruit photo frame,717.79,275,68,10.555735294117646,2009-12-08 09:35:00,2010-12-05 15:38:00,362,Medium,4,Active,0,Active,Weak,Medium
,ridged glass storage jar cream lid,714.6,169,52,13.742307692307692,2009-12-03 17:12:00,2010-12-05 12:42:00,366,Medium,4,Active,0,Active,Weak,Medium
,set/20 collage paper napkin,714.55,843,92,7.7668478260869565,2009-12-02 17:18:00,2010-03-16 13:28:00,103,Medium,268,Inactive,1,Churned,Churned,Medium
,zinc heart lattice planter bowl,713.8000000000001,820,23,31.034782608695654,2010-01-06 10:53:00,2010-11-11 15:09:00,309,Medium,28,Active,0,Active,Weak,Medium
,painted bird assorted christmas,712.9100000000001,410,42,16.97404761904762,2009-12-01 11:37:00,2010-09-13 12:56:00,286,Medium,87,Inactive,1,Churned,Churned,Medium
,cupid design scented candles,708.21,484,54,13.115,2009-12-04 09:43:00,2010-12-09 16:08:00,370,Medium,0,Active,0,Active,Weak,Medium
,200 bendy skull straws,707.95,611,67,10.566417910447761,2009-12-09 14:02:00,2010-12-05 10:45:00,360,Medium,4,Active,0,Active,Weak,Medium
46776B,woven berries cushion cover,706.4,271,68,10.388235294117647,2009-12-03 19:23:00,2010-12-07 15:28:00,368,Medium,2,Active,0,Active,Weak,Medium
,louvre vanity mirror,705.9,132,6,117.64999999999999,2009-12-06 15:41:00,2010-01-12 15:57:00,37,Short,331,Inactive,1,Churned,Churned,Medium
,beach hut shelf w 3 drawers,703.63,233,42,16.753095238095238,2009-12-03 12:31:00,2010-11-29 16:41:00,361,Medium,10,Active,0,Active,Weak,Medium
,candy button photo album,703.54,302,26,27.05923076923077,2009-12-09 11:58:00,2010-04-23 11:12:00,134,Medium,230,Inactive,1,Churned,Churned,Medium
84536B,fairy cakes notebook a7 size,702.25,1457,238,2.9506302521008405,2009-12-01 14:19:00,2010-12-09 16:26:00,373,Medium,0,Active,0,Active,At Risk,Medium
,table lamp white shade wood base,702.0699999999999,139,22,31.912272727272725,2009-12-01 13:47:00,2010-12-09 13:14:00,372,Medium,0,Active,0,Active,Weak,Medium
,gold standing gnome,700.84,170,21,33.373333333333335,2009-12-07 17:56:00,2010-11-10 14:48:00,337,Medium,29,Active,0,Active,Weak,Medium
,glitter christmas tree with bells,700.76,350,49,14.301224489795919,2009-12-01 13:07:00,2010-12-09 17:27:00,373,Medium,0,Active,0,Active,Weak,Medium
,gingham rose wrap,698.8,1740,51,13.701960784313725,2010-09-07 10:59:00,2010-12-08 12:41:00,92,Short,1,Active,0,Active,Weak,Medium
,red heart luggage tag,698.36,514,125,5.58688,2009-12-02 12:39:00,2010-12-08 14:25:00,371,Medium,1,Active,0,Active,At Risk,Medium
,daisy notebook,698.01,3472,51,13.686470588235293,2009-12-06 13:29:00,2010-12-08 14:25:00,367,Medium,1,Active,0,Active,Weak,Medium
,cosy slipper shoes large red,698.01,201,66,10.575909090909091,2009-12-01 12:47:00,2010-05-30 15:27:00,180,Medium,193,Inactive,1,Churned,Churned,Medium
85017C,envelope 50 curious images,697.75,1043,110,6.343181818181818,2009-12-01 14:28:00,2010-12-05 16:41:00,369,Medium,4,Active,0,Active,At Risk,Medium
,flag of st george,697.43,468,42,16.60547619047619,2010-01-15 12:22:00,2010-11-16 18:18:00,305,Medium,23,Active,0,Active,Weak,Medium
85231E,strawberry scented set/9 t-lights,696.89,836,107,6.512990654205607,2009-12-01 11:58:00,2010-06-13 13:30:00,194,Medium,179,Inactive,1,Churned,Churned,Medium
,dinosaur birthday card,695.11,1649,135,5.148962962962963,2009-12-01 11:51:00,2010-10-04 14:30:00,307,Medium,66,Inactive,1,Churned,Churned,Medium
,doorstop racing car design,694.08,264,36,19.28,2010-03-12 11:19:00,2010-12-07 18:36:00,270,Medium,2,Active,0,Active,Weak,Medium
,"retro ""tea for one""",694.01,127,44,15.772954545454546,2009-12-03 13:03:00,2010-12-09 16:52:00,371,Medium,0,Active,0,Active,Weak,Medium
72755D,flower fairy oil burner set summer,693.25,533,13,53.32692307692308,2009-12-04 09:49:00,2010-03-26 14:29:00,112,Medium,258,Inactive,1,Churned,Churned,Medium
,hello sailor bathroom set,691.65,1491,26,26.601923076923075,2009-12-07 17:56:00,2010-11-15 12:43:00,342,Medium,24,Active,0,Active,Weak,Medium
,pink patch pencil case blue heart,691.1400000000001,325,37,18.679459459459462,2009-12-02 14:43:00,2010-06-30 08:36:00,209,Medium,162,Inactive,1,Churned,Churned,Medium
72753A,s/3 flwr fairy lilly candles,690.24,315,14,49.30285714285714,2009-12-01 13:50:00,2010-01-27 12:39:00,56,Short,316,Inactive,1,Churned,Churned,Medium
,christmas musical zinc tree,689.9,805,51,13.527450980392157,2010-07-26 09:50:00,2010-12-09 14:08:00,136,Medium,0,Active,0,Active,Weak,Medium
,metal decoration naughty children,689.4799999999999,644,54,12.768148148148146,2010-09-16 09:54:00,2010-12-09 14:49:00,84,Short,0,Active,0,Active,Weak,Medium
84247E,pack/12 xmas fun card,688.8100000000001,239,51,13.50607843137255,2010-06-30 15:35:00,2010-12-08 12:46:00,160,Medium,1,Active,0,Active,Weak,Medium
85136A,yellow shark helicopter,688.7,84,64,10.7609375,2009-12-01 14:28:00,2010-12-08 15:17:00,372,Medium,1,Active,0,Active,Weak,Medium
,jigsaw toadstools 3 piece,688.13,403,73,9.426438356164384,2009-12-01 11:50:00,2010-11-24 14:29:00,358,Medium,15,Active,0,Active,Weak,Medium
,french garden sign blue metal,687.69,556,68,10.113088235294118,2010-08-17 11:21:00,2010-12-09 12:05:00,114,Medium,0,Active,0,Active,Weak,Medium
,set of 6 ice cream skittles,687.69,225,44,15.629318181818183,2009-12-07 17:56:00,2010-11-29 14:21:00,356,Medium,10,Active,0,Active,Weak,Medium
90200C,blue sweetheart bracelet,684.41,161,76,9.005394736842105,2009-12-01 10:49:00,2010-12-08 14:25:00,372,Medium,1,Active,0,Active,Weak,Medium
,mini jigsaw purdey,683.68,1606,87,7.8583908045977005,2010-04-08 16:45:00,2010-12-08 14:25:00,243,Medium,1,Active,0,Active,Weak,Medium
37492D,purple green flower piggy bank,682.99,361,26,26.268846153846155,2009-12-04 14:37:00,2010-05-21 09:40:00,167,Medium,202,Inactive,1,Churned,Churned,Medium
,"bread bin, diner style, ivory",682.75,45,10,68.275,2010-10-14 09:44:00,2010-12-05 15:40:00,52,Short,4,Active,0,Active,Weak,Medium
,cupboard 3 drawer ma campagne,682.0699999999999,45,26,26.233461538461537,2010-10-10 14:17:00,2010-12-09 14:25:00,60,Short,0,Active,0,Active,Weak,Medium
84625A,pink new baroquecandlestick candle,682.01,383,47,14.510851063829787,2009-12-03 20:03:00,2010-12-09 10:45:00,370,Medium,0,Active,0,Active,Weak,Medium
90200D,pink sweetheart bracelet,680.9,160,77,8.842857142857143,2009-12-01 10:49:00,2010-12-09 14:09:00,373,Medium,0,Active,0,Active,Weak,Medium
,ridged glass pendant lampshade,680.85,43,9,75.65,2009-12-07 13:49:00,2010-03-10 10:53:00,92,Short,274,Inactive,1,Churned,Churned,Medium
,vintage shells print,680.46,88,50,13.609200000000001,2009-12-10 20:16:00,2010-12-08 14:25:00,362,Medium,1,Active,0,Active,Weak,Medium
84313B,blue tv tray table,679.39,102,46,14.769347826086957,2009-12-01 14:28:00,2010-12-08 14:25:00,371,Medium,1,Active,0,Active,Weak,Medium
,small square cut glass candlestick,678.9200000000001,102,35,19.397714285714287,2009-12-01 14:50:00,2010-12-09 15:29:00,373,Medium,0,Active,0,Active,Weak,Medium
,bunny wooden painted with bird,678.8199999999999,727,128,5.3032812499999995,2009-12-03 10:20:00,2010-11-22 11:57:00,354,Medium,17,Active,0,Active,At Risk,Medium
,faux fur chocolate throw,678.36,33,18,37.68666666666667,2010-10-28 14:15:00,2010-12-06 10:08:00,38,Short,3,Active,0,Active,Weak,Medium
,party pizza dish red retrospot,678.34,835,61,11.12032786885246,2010-04-07 10:59:00,2010-12-08 12:45:00,245,Medium,1,Active,0,Active,Weak,Medium
,hippy chic decorative parasol,675.74,52,27,25.02740740740741,2009-12-09 13:16:00,2010-11-21 16:15:00,347,Medium,18,Active,0,Active,Weak,Medium
,mr robot soft toy,673.72,145,36,18.714444444444446,2009-12-06 11:27:00,2010-11-15 17:37:00,344,Medium,24,Active,0,Active,Weak,Medium
,set of picture frame  stickers,670.1800000000001,207,64,10.471562500000001,2009-12-02 12:06:00,2010-12-09 14:09:00,372,Medium,0,Active,0,Active,Weak,Medium
,robin christmas card,669.73,1610,91,7.35967032967033,2009-12-01 13:29:00,2010-12-05 13:03:00,368,Medium,4,Active,0,Active,Weak,Medium
72023F,red organic candle in glass,669.62,640,49,13.665714285714285,2009-12-01 14:35:00,2010-08-08 14:51:00,250,Medium,123,Inactive,1,Churned,Churned,Medium
85071B,red charlie+lola personal doorsign,668.3399999999999,1146,41,16.300975609756094,2009-12-01 10:49:00,2010-12-01 09:37:00,364,Medium,8,Active,0,Active,Weak,Medium
,blue rose fabric mirror,667.99,687,105,6.361809523809524,2009-12-01 12:47:00,2010-12-09 14:09:00,373,Medium,0,Active,0,Active,Weak,Medium
84341B,small pink magic christmas tree,667.6899999999999,1141,89,7.5021348314606735,2009-12-01 14:14:00,2010-12-09 14:09:00,372,Medium,0,Active,0,Active,Weak,Medium
72750B,flower fairy set 3 candles lavender,666.85,303,30,22.228333333333335,2010-04-12 17:23:00,2010-11-11 15:43:00,212,Medium,28,Active,0,Active,Weak,Medium
,jardin etched glass fruitbowl,666.5,62,32,20.828125,2009-12-15 14:10:00,2010-11-25 15:59:00,345,Medium,14,Active,0,Active,Weak,Medium
,set of red salad servers,664.73,422,81,8.206543209876543,2009-12-01 13:41:00,2010-10-25 15:23:00,328,Medium,45,At Risk,0,Active,At Risk,Medium
,flowers  stickers,664.51,955,101,6.579306930693069,2009-12-02 13:20:00,2010-12-08 16:06:00,371,Medium,1,Active,0,Active,Weak,Medium
,holly top christmas stocking,664.4,662,77,8.628571428571428,2009-12-08 13:43:00,2010-11-24 13:56:00,351,Medium,15,Active,0,Active,Weak,Medium
,peg bag apple design,664.35,287,28,23.726785714285715,2010-09-26 14:01:00,2010-10-15 12:44:00,18,Short,55,At Risk,0,Active,At Risk,Medium
,large  tall camphor wood toadstool,662.55,151,30,22.084999999999997,2009-12-06 11:58:00,2010-12-08 12:46:00,367,Medium,1,Active,0,Active,Weak,Medium
,lunchbag suki  design,661.63,410,35,18.903714285714287,2010-01-22 16:28:00,2010-03-03 14:13:00,39,Short,281,Inactive,1,Churned,Churned,Medium
,assorted laquered incense holders,661.54,3696,53,12.48188679245283,2009-12-02 14:36:00,2010-12-08 14:25:00,370,Medium,1,Active,0,Active,Weak,Medium
17109C,flower fairy incense rose,661.23,3124,15,44.082,2009-12-02 11:45:00,2010-03-03 11:53:00,91,Short,281,Inactive,1,Churned,Churned,Medium
,bird decoration green  spot,660.62,678,108,6.116851851851852,2009-12-02 10:00:00,2010-09-20 17:32:00,292,Medium,80,Inactive,1,Churned,Churned,Medium
,ping microwave apron,660.62,152,47,14.055744680851063,2009-12-02 12:06:00,2010-12-08 13:53:00,371,Medium,1,Active,0,Active,Weak,Medium
,vintage wooden plate rack,659.1500000000001,17,11,59.92272727272728,2009-12-08 15:12:00,2010-03-12 10:09:00,93,Short,272,Inactive,1,Churned,Churned,Medium
,recycled pencil with rabbit eraser,659.1,2838,151,4.364900662251656,2009-12-01 11:58:00,2010-12-09 14:09:00,373,Medium,0,Active,0,Active,At Risk,Medium
,blue spotty luggage tag,657.9,1236,80,8.223749999999999,2009-12-01 14:28:00,2010-09-13 13:29:00,285,Medium,87,Inactive,1,Churned,Churned,Medium
,decoration  butterfly  magic garden,656.99,705,111,5.918828828828829,2009-12-13 13:39:00,2010-12-03 11:36:00,354,Medium,6,Active,0,Active,At Risk,Medium
84986B,set of 36 silver paper doilies,656.9399999999999,438,80,8.211749999999999,2009-12-01 14:40:00,2010-10-13 14:03:00,315,Medium,57,At Risk,0,Active,At Risk,Medium
,ceramic plate love heart design,656.87,607,34,19.31970588235294,2009-12-08 12:38:00,2010-07-27 15:45:00,231,Medium,135,Inactive,1,Churned,Churned,Medium
,pink  polkadot cup,656.76,744,87,7.548965517241379,2010-09-23 13:03:00,2010-12-09 16:10:00,77,Short,0,Active,0,Active,Weak,Medium
,string of stars card holder,656.61,244,36,18.239166666666666,2009-12-03 17:12:00,2010-12-08 14:25:00,369,Medium,1,Active,0,Active,Weak,Medium
,"french blue metal door sign, 2",656.41,509,77,8.524805194805195,2010-08-17 11:21:00,2010-11-10 16:40:00,85,Short,29,Active,0,Active,Weak,Medium
,mini cake stand hanging hearts,655.01,361,74,8.851486486486486,2009-12-01 14:28:00,2010-03-08 12:35:00,96,Short,276,Inactive,1,Churned,Churned,Medium
,jigsaw tree with watering can,654.01,610,92,7.108804347826087,2009-12-02 14:43:00,2010-11-30 10:10:00,362,Medium,9,Active,0,Active,Weak,Medium
17165D,ass col large sand frog p'weight,653.97,689,82,7.975243902439025,2009-12-01 12:56:00,2010-11-29 16:41:00,363,Medium,10,Active,0,Active,Weak,Medium
72799C,pink pillar candle silver flock,653.63,390,29,22.53896551724138,2009-12-01 13:41:00,2010-11-25 15:19:00,359,Medium,14,Active,0,Active,Weak,Medium
,essential balm 3.5g tin in envelope,652.97,5539,46,14.195,2009-12-02 13:26:00,2010-12-09 14:09:00,372,Medium,0,Active,0,Active,Weak,Medium
,set/4 2 tone egg shape mixing bowls,651.05,63,44,14.796590909090908,2009-12-02 11:53:00,2010-12-06 16:57:00,369,Medium,3,Active,0,Active,Weak,Medium
84968F,set of 16 vintage sky blue cutlery,650.15,41,19,34.21842105263158,2010-08-10 11:49:00,2010-12-07 15:28:00,119,Medium,2,Active,0,Active,Weak,Medium
,posy shopper bag,649.8199999999999,1580,28,23.20785714285714,2009-12-01 14:28:00,2010-01-12 09:47:00,41,Short,331,Inactive,1,Churned,Churned,Medium
,gingham heart wreath,647.75,225,42,15.422619047619047,2009-12-02 14:21:00,2010-11-05 11:17:00,337,Medium,34,At Risk,0,Active,At Risk,Medium
,victorian metal postcard christmas,646.4399999999999,377,46,14.053043478260868,2009-12-01 14:28:00,2010-11-16 16:46:00,350,Medium,23,Active,0,Active,Weak,Medium
35004P,set of 3 pink flying ducks,646.24,120,43,15.028837209302326,2009-12-01 12:32:00,2010-10-22 14:23:00,325,Medium,48,At Risk,0,Active,At Risk,Medium
37444C,pink breakfast cup and saucer,646.22,1636,48,13.462916666666667,2009-12-01 13:29:00,2010-12-06 09:58:00,369,Medium,3,Active,0,Active,Weak,Medium
,small glass sundae dish clear,645.5799999999999,328,56,11.528214285714284,2009-12-16 17:58:00,2010-12-08 15:56:00,356,Medium,1,Active,0,Active,Weak,Medium
,jardin etched glass large bell jar,645.3,54,17,37.95882352941176,2009-12-17 15:39:00,2010-11-16 14:01:00,333,Medium,23,Active,0,Active,Weak,Medium
,"french blue metal door sign, 3",645.15,501,71,9.086619718309858,2010-08-17 11:21:00,2010-11-10 16:40:00,85,Short,29,Active,0,Active,Weak,Medium
,new england teatowels,644.88,322,124,5.200645161290322,2009-12-10 12:21:00,2010-08-31 12:30:00,264,Medium,100,Inactive,1,Churned,Churned,Medium
,danish rose umbrella stand,644.55,36,30,21.485,2009-12-14 15:06:00,2010-08-17 13:30:00,245,Medium,114,Inactive,1,Churned,Churned,Medium
,tub 24 pink flower pegs,643.24,367,116,5.545172413793104,2009-12-06 11:13:00,2010-12-08 17:20:00,367,Medium,1,Active,0,Active,At Risk,Medium
,circle of friends candle holder,642.66,353,65,9.887076923076922,2009-12-01 14:49:00,2010-08-05 10:44:00,246,Medium,126,Inactive,1,Churned,Churned,Medium
85230F,jasmine votive candle,642.3199999999999,2632,51,12.594509803921568,2009-12-02 10:09:00,2010-12-03 14:26:00,366,Medium,6,Active,0,Active,Weak,Medium
84925D,la palmiera wall thermometer,641.75,438,17,37.75,2009-12-07 12:42:00,2010-12-03 11:35:00,360,Medium,6,Active,0,Active,Weak,Medium
46776A,woven bubble gum cushion cover,639.7,253,52,12.301923076923078,2009-12-04 09:43:00,2010-12-06 10:08:00,367,Medium,3,Active,0,Active,Weak,Medium
84520D,pack of 20 fairy cake paper napkins,639.47,699,94,6.802872340425532,2009-12-02 12:06:00,2010-02-26 11:59:00,85,Short,286,Inactive,1,Churned,Churned,Medium
,blue  diamante pen in gift box,639.07,330,59,10.831694915254237,2009-12-10 09:49:00,2010-12-08 14:25:00,363,Medium,1,Active,0,Active,Weak,Medium
,triangular ridged glass posy holder,638.8,879,75,8.517333333333333,2009-12-02 14:36:00,2010-05-26 13:38:00,174,Medium,197,Inactive,1,Churned,Churned,Medium
84601A,new baroque ivory cushion cover,638.34,260,15,42.556000000000004,2009-12-01 13:47:00,2010-07-15 13:16:00,225,Medium,147,Inactive,1,Churned,Churned,Medium
,ladle love heart red,638.15,1484,143,4.462587412587412,2009-12-01 12:32:00,2010-12-08 14:25:00,372,Medium,1,Active,0,Active,At Risk,Medium
90082D,diamante bow brooch black colour,638.0699999999999,99,48,13.293124999999998,2009-12-01 10:49:00,2010-12-05 15:12:00,369,Medium,4,Active,0,Active,Weak,Medium
75013B,"string of 8 butterflies,pink",636.62,370,72,8.841944444444444,2009-12-01 12:14:00,2010-12-06 14:08:00,370,Medium,3,Active,0,Active,Weak,Medium
,money box confectionery design,636.23,505,66,9.639848484848486,2010-03-26 13:46:00,2010-12-02 16:38:00,251,Medium,7,Active,0,Active,Weak,Medium
17164B,ass col small sand gecko p'weight,636.06,1595,73,8.713150684931506,2009-12-01 16:17:00,2010-12-01 12:54:00,364,Medium,8,Active,0,Active,Weak,Medium
,motoring tissue box,635.25,537,120,5.29375,2009-12-01 13:31:00,2010-12-08 15:12:00,372,Medium,1,Active,0,Active,At Risk,Medium
,paperweight save the planet,634.57,321,49,12.950408163265307,2010-03-30 12:27:00,2010-12-08 14:43:00,253,Medium,1,Active,0,Active,Weak,Medium
85028L,french chateau large fruit bowl,634.51,261,23,27.587391304347825,2009-12-01 13:29:00,2010-09-21 13:37:00,294,Medium,79,Inactive,1,Churned,Churned,Medium
,black champagne glass,634.0799999999999,316,30,21.136,2009-12-02 13:06:00,2010-12-02 14:26:00,365,Medium,7,Active,0,Active,Weak,Medium
35471D,set of 3 bird light pink feather,632.81,403,132,4.7940151515151515,2009-12-01 14:28:00,2010-12-07 18:36:00,371,Medium,2,Active,0,Active,At Risk,Medium
,mirror mosaic candle plate,631.01,903,42,15.024047619047618,2009-12-08 12:12:00,2010-12-06 16:57:00,363,Medium,3,Active,0,Active,Weak,Medium
84964A,pink painted kashmiri table,630.0,11,2,315.0,2010-02-22 14:54:00,2010-11-02 17:29:00,253,Medium,37,At Risk,0,Active,At Risk,Medium
,3 traditional biscuit cutters  set,629.74,313,27,23.323703703703703,2010-11-21 14:36:00,2010-12-09 13:57:00,17,Short,0,Active,0,Active,Weak,Medium
,decorative flore bathroom bottle,629.51,367,143,4.402167832167832,2009-12-02 14:43:00,2010-12-08 14:25:00,370,Medium,1,Active,0,Active,At Risk,Medium
,set of 3 christmas briar candles,626.39,176,31,20.206129032258065,2010-08-08 14:51:00,2010-11-22 12:59:00,105,Medium,17,Active,0,Active,Weak,Medium
16169N,wrap blue russian folkart,626.25,2025,56,11.183035714285714,2009-12-01 09:28:00,2010-12-06 12:06:00,370,Medium,3,Active,0,Active,Weak,Medium
,party invites football,625.4599999999999,944,83,7.535662650602409,2009-12-08 16:43:00,2010-12-08 12:41:00,364,Medium,1,Active,0,Active,Weak,Medium
,s/5 mini ice cream fridge magnets,625.1999999999999,1992,2,312.59999999999997,2010-01-14 14:53:00,2010-02-15 11:57:00,31,Short,297,Inactive,1,Churned,Churned,Medium
82616A,bubble gum scarf knitting kit,624.21,316,52,12.004038461538462,2009-12-02 12:26:00,2010-10-27 13:00:00,329,Medium,43,At Risk,0,Active,At Risk,Medium
,"decoration , hanging metal chicken",623.96,616,42,14.856190476190477,2009-12-01 14:28:00,2010-11-17 09:23:00,350,Medium,22,Active,0,Active,Weak,Medium
,tropical luggage tag,621.81,1809,88,7.066022727272727,2009-12-01 11:51:00,2010-12-03 14:54:00,367,Medium,6,Active,0,Active,Weak,Medium
,decoration white chick magic garden,621.8,708,98,6.344897959183673,2009-12-13 13:39:00,2010-11-28 12:49:00,349,Medium,11,Active,0,Active,Weak,Medium
,pink cat floral cushion cover,620.52,328,32,19.39125,2009-12-02 14:36:00,2010-11-28 14:49:00,361,Medium,11,Active,0,Active,Weak,Medium
62094B,turq ice cream bum bag,619.84,287,60,10.330666666666668,2010-01-19 09:05:00,2010-12-06 09:58:00,321,Medium,3,Active,0,Active,Weak,Medium
,dolly honeycomb garland,619.67,381,42,14.754047619047618,2009-12-14 11:30:00,2010-12-05 16:24:00,356,Medium,4,Active,0,Active,Weak,Medium
16156N,"wrap, friendship on green",619.5,1475,56,11.0625,2009-12-01 11:51:00,2010-06-21 14:25:00,202,Medium,171,Inactive,1,Churned,Churned,Medium
,candy spot egg warmer hare,618.54,654,65,9.516,2009-12-07 18:02:00,2010-12-06 09:58:00,363,Medium,3,Active,0,Active,Weak,Medium
,easter decoration egg bunny,618.3,636,34,18.185294117647057,2009-12-07 11:46:00,2010-03-30 14:29:00,113,Medium,254,Inactive,1,Churned,Churned,Medium
,set/4 scented candles in ramekins,615.84,457,9,68.42666666666668,2009-12-13 13:24:00,2010-01-17 11:55:00,34,Short,326,Inactive,1,Churned,Churned,Medium
84932C,small oriental blue folding stool,615.4,282,34,18.099999999999998,2009-12-04 10:00:00,2010-06-30 13:17:00,208,Medium,162,Inactive,1,Churned,Churned,Medium
,set/4 butterfly mirror magnets,615.07,672,61,10.08311475409836,2009-12-01 14:47:00,2010-12-08 12:17:00,371,Medium,1,Active,0,Active,Weak,Medium
,sweetheart wire magazine rack,614.34,76,35,17.55257142857143,2010-10-17 16:06:00,2010-12-09 12:32:00,52,Short,0,Active,0,Active,Weak,Medium
,retro sisters expresso cups,614.1,429,41,14.978048780487805,2009-12-07 15:42:00,2010-07-14 16:20:00,219,Medium,148,Inactive,1,Churned,Churned,Medium
,chunky silver necklace pastel flowe,613.4399999999999,61,35,17.526857142857143,2009-12-02 13:57:00,2010-11-29 12:03:00,361,Medium,10,Active,0,Active,Weak,Medium
47583A,set of 3 wicker basket rose,612.8199999999999,71,6,102.13666666666666,2010-01-11 13:51:00,2010-02-17 16:40:00,37,Short,295,Inactive,1,Churned,Churned,Medium
,vintage pink decorative parasol,611.97,45,30,20.399,2009-12-02 13:34:00,2010-12-06 09:58:00,368,Medium,3,Active,0,Active,Weak,Medium
79315W,flying saucer table light in white,611.51,199,13,47.03923076923077,2009-12-03 14:39:00,2010-08-09 18:31:00,249,Medium,122,Inactive,1,Churned,Churned,Medium
85169A,ivory love bird candle,610.3100000000001,469,68,8.97514705882353,2009-12-08 15:12:00,2010-12-09 12:49:00,365,Medium,0,Active,0,Active,Weak,Medium
,blue coat rack paris fashion,610.19,131,29,21.041034482758622,2010-11-19 10:58:00,2010-12-09 16:52:00,20,Short,0,Active,0,Active,Weak,Medium
,"french blue metal door sign, 5",610.11,477,65,9.386307692307692,2010-08-17 11:21:00,2010-11-10 16:40:00,85,Short,29,Active,0,Active,Weak,Medium
,pack of 12 red retrospot tissues,610.0,2140,122,5.0,2010-09-23 13:54:00,2010-12-09 14:09:00,77,Short,0,Active,0,Active,At Risk,Medium
,loo roll  metal sign,607.96,340,77,7.895584415584416,2009-12-01 14:28:00,2010-04-01 12:07:00,120,Medium,252,Inactive,1,Churned,Churned,Medium
,jigsaw rabbit and birdhouse,607.92,356,61,9.965901639344262,2009-12-09 13:49:00,2010-12-09 14:19:00,365,Medium,0,Active,0,Active,Weak,Medium
,pink  heart confetti in tube,607.37,339,71,8.55450704225352,2009-12-07 15:02:00,2010-11-15 12:52:00,342,Medium,24,Active,0,Active,Weak,Medium
,magic drawing slate go to the fair,606.26,1521,88,6.889318181818182,2010-03-28 13:31:00,2010-12-07 13:50:00,254,Medium,2,Active,0,Active,Weak,Medium
,rattle snake eggs,605.83,714,68,8.909264705882354,2009-12-01 11:45:00,2010-12-09 14:09:00,373,Medium,0,Active,0,Active,Weak,Medium
,blue polkadot cup,605.49,674,83,7.295060240963855,2010-09-23 13:03:00,2010-12-09 09:34:00,76,Short,0,Active,0,Active,Weak,Medium
85028S,french chateau small fruitbowl,605.22,406,25,24.2088,2009-12-01 13:29:00,2010-10-24 12:46:00,326,Medium,46,At Risk,0,Active,At Risk,Medium
85135A,yellow dragonfly helicopter,603.54,75,55,10.973454545454544,2009-12-02 11:51:00,2010-11-24 14:48:00,357,Medium,15,Active,0,Active,Weak,Medium
,party invites balloon girl,603.4599999999999,883,81,7.450123456790123,2009-12-08 13:58:00,2010-12-02 10:27:00,358,Medium,7,Active,0,Active,Weak,Medium
85135C,red dragonfly helicopter,603.45,73,55,10.971818181818183,2009-12-02 14:36:00,2010-12-08 14:25:00,370,Medium,1,Active,0,Active,Weak,Medium
,orange flower mug,603.4499999999999,5394,9,67.05,2009-12-22 15:06:00,2010-11-14 13:33:00,326,Medium,25,Active,0,Active,Weak,Medium
84932A,small green peony folding stool,602.6,262,24,25.108333333333334,2009-12-04 10:00:00,2010-06-14 13:31:00,192,Medium,178,Inactive,1,Churned,Churned,Medium
,blue patch pencil case pink heart,601.53,293,50,12.0306,2009-12-01 14:28:00,2010-08-15 16:00:00,257,Medium,116,Inactive,1,Churned,Churned,Medium
,daisy journal,601.45,362,47,12.796808510638298,2009-12-07 11:19:00,2010-12-06 12:44:00,364,Medium,3,Active,0,Active,Weak,Medium
,4 vanilla botanical candles,600.24,158,49,12.249795918367347,2009-12-01 12:33:00,2010-12-03 11:36:00,366,Medium,6,Active,0,Active,Weak,Medium
,black tea towel classic design,598.76,476,94,6.369787234042553,2010-03-07 14:31:00,2010-12-07 14:30:00,274,Medium,2,Active,0,Active,Weak,Medium
85185D,frog sock puppet,597.76,182,60,9.962666666666667,2009-12-01 14:28:00,2010-12-06 12:44:00,369,Medium,3,Active,0,Active,Weak,Medium
,12 mini toadstool pegs,597.56,472,95,6.290105263157894,2009-12-01 12:13:00,2010-07-01 16:48:00,212,Medium,161,Inactive,1,Churned,Churned,Medium
,classical rose dish,596.94,295,49,12.182448979591838,2009-12-08 12:38:00,2010-09-27 13:10:00,293,Medium,73,Inactive,1,Churned,Churned,Medium
,if you can't stand the heat mug,596.57,447,87,6.85712643678161,2009-12-02 14:34:00,2010-12-08 17:20:00,371,Medium,1,Active,0,Active,Weak,Medium
,"french blue metal door sign, 4",596.34,468,62,9.618387096774194,2010-08-17 11:21:00,2010-11-10 16:40:00,85,Short,29,Active,0,Active,Weak,Medium
,mirrored dove wall decoration,595.62,227,61,9.764262295081966,2009-12-03 14:39:00,2010-11-29 08:23:00,360,Medium,10,Active,0,Active,Weak,Medium
16202B,pastel blue photo album,595.16,1044,25,23.8064,2009-12-02 14:55:00,2010-11-15 14:26:00,347,Medium,24,Active,0,Active,Weak,Medium
,nightingale coathook white,594.3199999999999,347,61,9.74295081967213,2009-12-05 15:47:00,2010-05-04 10:02:00,149,Medium,219,Inactive,1,Churned,Churned,Medium
84625C,blue new baroque candlestick candle,593.96,355,43,13.813023255813954,2009-12-02 13:26:00,2010-12-09 14:44:00,372,Medium,0,Active,0,Active,Weak,Medium
85180A,red hearts light chain,593.76,126,36,16.493333333333332,2009-12-03 10:26:00,2010-11-29 10:57:00,361,Medium,10,Active,0,Active,Weak,Medium
,zinc heart lattice double planter,593.03,674,24,24.70958333333333,2009-12-07 17:56:00,2010-11-21 15:56:00,348,Medium,18,Active,0,Active,Weak,Medium
,2 picture book eggs easter bunny,592.7,586,52,11.398076923076925,2009-12-04 16:12:00,2010-08-27 15:14:00,265,Medium,104,Inactive,1,Churned,Churned,Medium
,christmas tree t-light holder,592.39,391,44,13.46340909090909,2009-12-01 12:57:00,2010-12-01 12:23:00,364,Medium,8,Active,0,Active,Weak,Medium
85188B,pink metal swinging bunny,592.18,670,64,9.2528125,2010-01-11 12:29:00,2010-10-11 13:53:00,273,Medium,59,At Risk,0,Active,At Risk,Medium
,polka dot pistachio pail,591.66,285,48,12.32625,2009-12-02 11:34:00,2010-08-19 13:48:00,260,Medium,112,Inactive,1,Churned,Churned,Medium
,arched grey mirror,591.5799999999999,86,18,32.86555555555555,2009-12-02 10:00:00,2010-04-13 14:36:00,132,Medium,240,Inactive,1,Churned,Churned,Medium
,glass sphere candle stand large,590.45,301,14,42.175000000000004,2009-12-09 13:11:00,2010-01-11 14:35:00,33,Short,332,Inactive,1,Churned,Churned,Medium
,hawaiian grass skirt,589.9200000000001,354,45,13.109333333333336,2010-01-07 16:46:00,2010-11-29 09:46:00,325,Medium,10,Active,0,Active,Weak,Medium
,blue spotty purse,589.9,483,70,8.427142857142856,2009-12-01 14:45:00,2010-09-21 16:06:00,294,Medium,79,Inactive,1,Churned,Churned,Medium
,moroccan beaten metal dish,589.73,151,20,29.4865,2009-12-01 13:07:00,2010-11-25 13:29:00,359,Medium,14,Active,0,Active,Weak,Medium
,blue drawer knob acrylic edwardian,589.2,426,47,12.536170212765958,2010-10-17 11:23:00,2010-12-09 09:14:00,52,Short,0,Active,0,Active,Weak,Medium
,"french bottle, brasserie des artist",588.64,326,65,9.056,2009-12-01 14:28:00,2010-02-18 12:25:00,78,Short,294,Inactive,1,Churned,Churned,Medium
79190B,retro plastic polka tray,588.55,1122,106,5.5523584905660375,2009-12-02 11:52:00,2010-12-09 14:09:00,372,Medium,0,Active,0,Active,Weak,Medium
,vintage notebook travelogue,588.19,289,40,14.70475,2009-12-04 09:43:00,2010-11-28 13:21:00,359,Medium,11,Active,0,Active,Weak,Medium
,clam shell large,588.06,747,19,30.95052631578947,2009-12-13 15:17:00,2010-12-02 13:49:00,353,Medium,7,Active,0,Active,Weak,Medium
,potting shed seed tin,587.8,172,20,29.389999999999997,2009-12-01 13:31:00,2010-02-15 14:15:00,76,Short,297,Inactive,1,Churned,Churned,Medium
,vintage bead notebook,587.73,170,66,8.905000000000001,2009-12-02 14:43:00,2010-12-07 18:36:00,370,Medium,2,Active,0,Active,Weak,Medium
,floral blue monster,587.58,138,58,10.130689655172414,2009-12-01 09:08:00,2010-12-08 15:17:00,372,Medium,1,Active,0,Active,Weak,Medium
,ping! microwave plate,587.17,168,70,8.388142857142856,2009-12-01 14:28:00,2010-12-09 14:09:00,372,Medium,0,Active,0,Active,Weak,Medium
,set/4 badges woodland animal,587.08,492,43,13.653023255813954,2009-12-01 12:36:00,2010-04-08 11:36:00,127,Medium,245,Inactive,1,Churned,Churned,Medium
,asstd design pop art slim pen,586.5,687,13,45.11538461538461,2009-12-01 14:40:00,2010-04-09 10:30:00,128,Medium,244,Inactive,1,Churned,Churned,Medium
,"french blue metal door sign, 8",586.36,458,63,9.307301587301588,2010-08-17 11:21:00,2010-11-10 16:40:00,85,Short,29,Active,0,Active,Weak,Medium
16169K,wrap folk art,585.25,1900,53,11.04245283018868,2009-12-04 10:00:00,2010-12-06 15:54:00,367,Medium,3,Active,0,Active,Weak,Medium
,jam jar with pink lid,583.9399999999999,734,37,15.78216216216216,2010-11-28 11:04:00,2010-12-09 14:09:00,11,Short,0,Active,0,Active,Weak,Medium
84569C,pack 4 flower/butterfly patches,583.68,414,88,6.632727272727272,2009-12-02 14:43:00,2010-11-16 18:18:00,349,Medium,23,Active,0,Active,Weak,Medium
,hilda candy spot rabbit,582.93,141,52,11.210192307692306,2009-12-04 12:37:00,2010-12-09 14:09:00,370,Medium,0,Active,0,Active,Weak,Medium
,light bird house tree decoration,582.85,834,82,7.107926829268293,2009-12-01 12:14:00,2010-11-26 11:50:00,359,Medium,13,Active,0,Active,Weak,Medium
,candy spot tea cosy,582.52,364,22,26.478181818181817,2010-01-11 09:37:00,2010-11-08 15:23:00,301,Medium,31,At Risk,0,Active,At Risk,Medium
,paper pocket traveling fan,582.4300000000001,3591,123,4.7352032520325205,2009-12-01 14:28:00,2010-12-09 14:09:00,372,Medium,0,Active,0,Active,At Risk,Medium
,polkadot rain hat,581.68,1391,84,6.924761904761904,2010-09-23 19:40:00,2010-12-08 16:49:00,75,Short,1,Active,0,Active,Weak,Medium
,feng shui pillar candle,581.59,3061,58,10.027413793103449,2009-12-06 12:34:00,2010-12-09 12:37:00,368,Medium,0,Active,0,Active,Weak,Medium
,ceramic birdhouse finch blue  large,581.27,90,39,14.904358974358974,2009-12-01 13:31:00,2010-04-06 15:08:00,126,Medium,247,Inactive,1,Churned,Churned,Medium
,small folkart star christmas dec,581.07,1080,66,8.80409090909091,2009-12-01 12:22:00,2010-12-07 18:36:00,371,Medium,2,Active,0,Active,Weak,Medium
,hot water bottle babushka large,580.8,128,13,44.676923076923075,2010-10-11 11:32:00,2010-11-30 09:46:00,49,Short,9,Active,0,Active,Weak,Medium
,black and white dog bowl,579.78,196,49,11.832244897959184,2010-07-01 12:57:00,2010-12-09 19:32:00,161,Medium,0,Active,0,Active,Weak,Medium
,glass chicken butter dish,579.3100000000001,325,61,9.496885245901641,2009-12-01 12:32:00,2010-07-01 10:44:00,211,Medium,161,Inactive,1,Churned,Churned,Medium
,tropical passport cover,578.98,321,98,5.907959183673469,2009-12-01 11:51:00,2010-12-01 17:06:00,365,Medium,8,Active,0,Active,Weak,Medium
,conch shell,577.6899999999999,1259,19,30.40473684210526,2009-12-01 14:55:00,2010-07-14 17:13:00,225,Medium,148,Inactive,1,Churned,Churned,Medium
,"french blue metal door sign, 0",577.51,461,54,10.69462962962963,2010-08-17 11:21:00,2010-11-10 16:40:00,85,Short,29,Active,0,Active,Weak,Medium
85036C,rose 1 wick morris boxed candle,574.91,139,47,12.232127659574468,2009-12-01 13:29:00,2010-12-08 13:01:00,371,Medium,1,Active,0,Active,Weak,Medium
84932D,small oriental red folding stool,574.71,239,21,27.36714285714286,2009-12-04 10:00:00,2010-04-20 11:37:00,137,Medium,233,Inactive,1,Churned,Churned,Medium
,set of 4 napkin charms leaves,574.61,230,49,11.726734693877551,2010-07-18 12:49:00,2010-12-01 12:43:00,135,Medium,8,Active,0,Active,Weak,Medium
,glass chalice green  small,574.55,349,47,12.224468085106382,2009-12-07 13:35:00,2010-12-06 09:58:00,363,Medium,3,Active,0,Active,Weak,Medium
,vintage notebook paris days,574.04,251,53,10.830943396226415,2009-12-01 11:21:00,2010-12-09 14:09:00,373,Medium,0,Active,0,Active,Weak,Medium
,retrospot candle  small,573.12,749,40,14.328,2010-09-28 15:51:00,2010-12-09 14:50:00,71,Short,0,Active,0,Active,Weak,Medium
,"french blue metal door sign, 9",572.58,450,54,10.603333333333333,2010-08-17 11:21:00,2010-11-10 16:40:00,85,Short,29,Active,0,Active,Weak,Medium
,swallow square tissue box,571.87,485,102,5.60656862745098,2009-12-02 13:26:00,2010-12-08 14:25:00,371,Medium,1,Active,0,Active,Weak,Medium
,wrap wedding day,571.08,1474,38,15.02842105263158,2010-06-02 11:11:00,2010-11-29 15:23:00,180,Medium,10,Active,0,Active,Weak,Medium
,blue spotty passport cover,570.85,316,88,6.4869318181818185,2009-12-01 14:43:00,2010-09-19 15:47:00,292,Medium,81,Inactive,1,Churned,Churned,Medium
,panda and bunnies sticker sheet,570.64,630,105,5.434666666666667,2009-12-01 13:29:00,2010-12-08 14:25:00,372,Medium,1,Active,0,Active,Weak,Medium
,ceramic bowl with love heart design,570.29,178,53,10.760188679245282,2009-12-01 14:19:00,2010-11-15 12:43:00,348,Medium,24,Active,0,Active,Weak,Medium
17109D,flower fairy incense bouquet,569.34,1198,34,16.74529411764706,2009-12-04 09:49:00,2010-12-05 10:45:00,366,Medium,4,Active,0,Active,Weak,Medium
,set/12 taper candles,569.26,663,73,7.798082191780821,2009-12-01 14:28:00,2010-12-09 14:09:00,372,Medium,0,Active,0,Active,Weak,Medium
85129A,"white pearl beaded heart, small",569.16,444,75,7.5888,2009-12-01 11:34:00,2010-08-29 14:30:00,271,Medium,102,Inactive,1,Churned,Churned,Medium
84595E,large tortilla design red bowl,568.89,289,21,27.09,2009-12-03 17:29:00,2010-11-30 12:05:00,361,Medium,9,Active,0,Active,Weak,Medium
,red polkadot pudding bowl,568.8100000000001,3686,11,51.71000000000001,2010-09-27 16:30:00,2010-12-02 15:46:00,65,Short,7,Active,0,Active,Weak,Medium
,peg bag apples design,568.4599999999999,216,58,9.80103448275862,2010-10-07 13:05:00,2010-12-09 16:31:00,63,Short,0,Active,0,Active,Weak,Medium
,watering can single hook pistachio,567.48,413,39,14.550769230769232,2009-12-15 17:05:00,2010-12-07 15:34:00,356,Medium,2,Active,0,Active,Weak,Medium
79066K,retro mod tray,567.38,649,108,5.2535185185185185,2009-12-07 17:56:00,2010-12-09 16:26:00,366,Medium,0,Active,0,Active,Weak,Medium
,mrs robot soft toy,567.34,130,25,22.6936,2009-12-07 13:35:00,2010-11-28 14:15:00,356,Medium,11,Active,0,Active,Weak,Medium
,enamel collander cream,567.12,122,23,24.657391304347826,2010-05-16 11:35:00,2010-09-13 12:35:00,120,Medium,87,Inactive,1,Churned,Churned,Medium
16169C,wrap blue reindeer,567.0,1350,43,13.186046511627907,2009-12-01 12:52:00,2010-11-04 18:34:00,338,Medium,35,At Risk,0,Active,At Risk,Medium
,teacup and saucer regency roses,566.7,210,14,40.478571428571435,2010-08-12 15:06:00,2010-10-22 09:36:00,70,Short,48,At Risk,0,Active,At Risk,Medium
,retro spot candle  medium,566.22,263,36,15.728333333333333,2009-12-03 07:57:00,2010-09-06 13:20:00,277,Medium,94,Inactive,1,Churned,Churned,Medium
,red flock love heart photo frame,561.68,623,80,7.020999999999999,2009-12-01 14:28:00,2010-12-08 14:25:00,371,Medium,1,Active,0,Active,Weak,Medium
,asstd hearts design mugs,561.05,321,9,62.33888888888888,2009-12-03 12:31:00,2010-01-07 12:34:00,35,Short,336,Inactive,1,Churned,Churned,Medium
,red rose and lace c/cover,560.5,190,48,11.677083333333334,2009-12-01 13:47:00,2010-12-05 14:25:00,369,Medium,4,Active,0,Active,Weak,Medium
,"french blue metal door sign, 7",560.05,443,58,9.65603448275862,2010-08-17 11:21:00,2010-11-10 16:40:00,85,Short,29,Active,0,Active,Weak,Medium
,mousey long legs soft toy,559.78,203,52,10.764999999999999,2009-12-04 09:43:00,2010-12-06 16:57:00,367,Medium,3,Active,0,Active,Weak,Medium
85032A,romantic images gift wrap set,559.62,658,27,20.726666666666667,2009-12-02 13:00:00,2010-12-09 16:08:00,372,Medium,0,Active,0,Active,Weak,Medium
,set of 6 t-lights cacti,559.37,159,40,13.98425,2010-09-21 16:06:00,2010-12-08 14:25:00,77,Short,1,Active,0,Active,Weak,Medium
,candy spot apron,559.28,106,53,10.55245283018868,2009-12-01 14:35:00,2010-11-24 14:49:00,358,Medium,15,Active,0,Active,Weak,Medium
,hanging heart mirror decoration,558.04,812,78,7.154358974358974,2010-09-16 13:48:00,2010-12-09 11:30:00,83,Short,0,Active,0,Active,Weak,Medium
16162L,the king gift bag,557.43,8081,22,25.33772727272727,2009-12-09 12:45:00,2010-09-27 16:30:00,292,Medium,73,Inactive,1,Churned,Churned,Medium
,set of 36 doilies vintage christmas,557.4,444,2,278.7,2010-09-20 13:26:00,2010-10-08 14:35:00,18,Short,62,Inactive,1,Churned,Churned,Medium
,round cactus candle,556.78,294,42,13.256666666666666,2009-12-08 15:25:00,2010-11-26 11:24:00,352,Medium,13,Active,0,Active,Weak,Medium
,silver photo frame,554.78,271,45,12.328444444444443,2009-12-01 16:34:00,2010-11-25 15:19:00,358,Medium,14,Active,0,Active,Weak,Medium
,keep out girls door hanger,554.13,793,57,9.721578947368421,2009-12-01 14:28:00,2010-08-31 16:02:00,273,Medium,100,Inactive,1,Churned,Churned,Medium
,2 picture book eggs easter chicks,553.83,567,40,13.84575,2009-12-04 16:12:00,2010-08-27 15:14:00,265,Medium,104,Inactive,1,Churned,Churned,Medium
,pin cushion babushka red,553.0300000000001,161,42,13.167380952380954,2010-08-15 10:08:00,2010-12-08 12:08:00,115,Medium,1,Active,0,Active,Weak,Medium
,felt toadstool  small,552.4499999999999,587,70,7.892142857142856,2009-12-01 11:50:00,2010-12-09 12:16:00,373,Medium,0,Active,0,Active,Weak,Medium
,measuring tape russian doll pink,551.7,182,48,11.49375,2010-03-21 15:23:00,2010-08-20 12:20:00,151,Medium,111,Inactive,1,Churned,Churned,Medium
,set of 36 doilies spaceboy design,551.6,395,46,11.991304347826087,2010-06-25 13:37:00,2010-12-09 20:01:00,167,Medium,0,Active,0,Active,Weak,Medium
,2 picture book eggs easter ducks,550.11,561,40,13.75275,2009-12-04 16:12:00,2010-11-10 14:48:00,340,Medium,29,Active,0,Active,Weak,Medium
,"french blue metal door sign, 6",550.1,430,56,9.823214285714286,2010-08-17 11:21:00,2010-11-10 16:40:00,85,Short,29,Active,0,Active,Weak,Medium
,glass chalice green  large,549.12,201,37,14.84108108108108,2009-12-01 12:32:00,2010-11-14 11:50:00,347,Medium,25,Active,0,Active,Weak,Medium
,candy spot bread baskets,548.81,343,20,27.440499999999997,2009-12-14 17:16:00,2010-08-15 11:47:00,243,Medium,116,Inactive,1,Churned,Churned,Medium
,columbian candle rectangle,547.85,695,51,10.742156862745098,2009-12-10 17:09:00,2010-12-08 13:17:00,362,Medium,1,Active,0,Active,Weak,Medium
,set 3 jardin de femme scent candles,547.74,367,19,28.82842105263158,2009-12-01 14:28:00,2010-03-26 14:29:00,115,Medium,258,Inactive,1,Churned,Churned,Medium
,forked cactus candle,547.34,240,44,12.439545454545454,2009-12-06 14:00:00,2010-12-06 09:58:00,364,Medium,3,Active,0,Active,Weak,Medium
,felt farm animal rabbit,547.16,430,54,10.132592592592593,2009-12-04 11:07:00,2010-11-25 15:19:00,356,Medium,14,Active,0,Active,Weak,Medium
,red retrospot purse,547.03,169,49,11.163877551020407,2010-09-24 13:30:00,2010-12-09 16:31:00,76,Short,0,Active,0,Active,Weak,Medium
85188A,green metal swinging bunny,546.8,625,63,8.679365079365079,2009-12-09 09:42:00,2010-04-09 16:54:00,121,Medium,244,Inactive,1,Churned,Churned,Medium
,frog king watering can,545.16,197,60,9.086,2009-12-03 14:39:00,2010-11-23 12:01:00,354,Medium,16,Active,0,Active,Weak,Medium
,small camphor wood field  mushroom,545.15,406,60,9.085833333333333,2009-12-01 12:13:00,2010-12-08 12:46:00,372,Medium,1,Active,0,Active,Weak,Medium
,marakesh lantern large,544.5,30,12,45.375,2009-12-08 11:07:00,2010-07-14 11:52:00,218,Medium,148,Inactive,1,Churned,Churned,Medium
84596K,jelly babies yellow small bowl,543.41,428,93,5.843118279569892,2009-12-01 14:19:00,2010-11-16 17:03:00,350,Medium,23,Active,0,Active,Weak,Medium
,"card, billboard font",543.34,1300,100,5.433400000000001,2010-09-14 17:50:00,2010-11-19 12:43:00,65,Short,20,Active,0,Active,Weak,Medium
,green goose feather christmas tree,542.61,105,39,13.913076923076924,2009-12-04 09:43:00,2010-12-09 14:09:00,370,Medium,0,Active,0,Active,Weak,Medium
,folkart crown table decorations,542.47,523,76,7.137763157894737,2009-12-02 14:43:00,2010-11-18 13:55:00,350,Medium,21,Active,0,Active,Weak,Medium
,set/6 gingerbread star t-lights,540.21,381,71,7.608591549295775,2009-12-01 12:57:00,2010-10-22 11:40:00,324,Medium,48,At Risk,0,Active,At Risk,Medium
,botanical rose greeting card,539.98,1266,106,5.094150943396227,2009-12-03 12:10:00,2010-11-10 17:39:00,342,Medium,29,Active,0,Active,Weak,Medium
,multicolour honeycomb paper garland,538.9699999999999,305,52,10.364807692307691,2009-12-01 14:55:00,2010-12-03 11:36:00,366,Medium,6,Active,0,Active,Weak,Medium
82616C,midnight glamour scarf knitting kit,538.6,314,62,8.687096774193549,2009-12-02 12:06:00,2010-12-09 14:09:00,372,Medium,0,Active,0,Active,Weak,Medium
,green drawer knob acrylic edwardian,536.88,384,46,11.671304347826087,2010-10-17 11:23:00,2010-12-09 16:27:00,53,Short,0,Active,0,Active,Weak,Medium
84414B,fuschia/green stripe woolly blanket,536.24,78,9,59.58222222222222,2009-12-10 15:45:00,2010-03-25 11:28:00,104,Medium,259,Inactive,1,Churned,Churned,Medium
,red bird house tree decoration,535.89,659,87,6.159655172413793,2009-12-01 12:52:00,2010-11-19 13:07:00,353,Medium,20,Active,0,Active,Weak,Medium
,new baroque black photo album,535.69,54,38,14.097105263157896,2009-12-22 09:41:00,2010-12-09 14:15:00,352,Medium,0,Active,0,Active,Weak,Medium
,tall rococo candle holder,535.63,51,19,28.19105263157895,2009-12-16 11:57:00,2010-12-01 17:06:00,350,Medium,8,Active,0,Active,Weak,Medium
72800D,s/4 blue dinner candle silver flock,534.58,418,36,14.849444444444446,2009-12-04 13:41:00,2010-06-27 13:09:00,204,Medium,165,Inactive,1,Churned,Churned,Medium
,lovely bonbon sticker sheet,534.52,593,91,5.873846153846154,2009-12-01 14:28:00,2010-12-07 18:36:00,371,Medium,2,Active,0,Active,Weak,Medium
,silver charm necklace 70cm,534.27,71,34,15.713823529411764,2009-12-02 13:57:00,2010-10-25 11:54:00,326,Medium,45,At Risk,0,Active,At Risk,Medium
,large camphor wood field mushroom,532.3199999999999,96,36,14.786666666666665,2009-12-01 12:13:00,2010-12-08 12:46:00,372,Medium,1,Active,0,Active,Weak,Medium
,mini jigsaw dinosaur,531.72,1223,94,5.6565957446808515,2010-03-26 14:45:00,2010-12-09 14:09:00,257,Medium,0,Active,0,Active,Weak,Medium
,silver glitter flower votive holder,531.5600000000001,1510,21,25.312380952380956,2009-12-02 12:32:00,2010-12-03 15:45:00,366,Medium,6,Active,0,Active,Weak,Medium
,black silouette candle plate,531.23,498,34,15.624411764705883,2009-12-06 12:42:00,2010-11-16 07:52:00,344,Medium,23,Active,0,Active,Weak,Medium
,asstd design 3d paper stickers,530.7,632,21,25.271428571428572,2009-12-06 13:07:00,2010-12-02 10:27:00,360,Medium,7,Active,0,Active,Weak,Medium
,premium church candle,530.16,265,45,11.781333333333333,2009-12-01 12:22:00,2010-03-28 10:54:00,116,Medium,256,Inactive,1,Churned,Churned,Medium
,silver fishing gnome,529.9200000000001,72,33,16.058181818181822,2009-12-02 14:36:00,2010-11-26 16:09:00,359,Medium,13,Active,0,Active,Weak,Medium
,small marakesh lantern on stick,529.49,97,29,18.258275862068967,2009-12-02 10:00:00,2010-03-10 16:24:00,98,Short,274,Inactive,1,Churned,Churned,Medium
,pack of 12 circus parade tissues,528.34,1790,91,5.805934065934066,2010-05-06 11:50:00,2010-12-08 16:49:00,216,Medium,1,Active,0,Active,Weak,Medium
,magnets pack of 4 vintage labels,527.88,408,91,5.800879120879121,2010-03-29 10:10:00,2010-12-09 15:20:00,255,Medium,0,Active,0,Active,Weak,Medium
,metal sign his dinner is served,524.78,260,54,9.718148148148147,2009-12-01 14:40:00,2010-12-06 16:57:00,370,Medium,3,Active,0,Active,Weak,Medium
,childrens apron apple design,524.71,291,26,20.181153846153848,2010-09-26 12:51:00,2010-11-10 12:21:00,44,Short,29,Active,0,Active,Weak,Medium
,jam jar with green lid,524.12,662,38,13.792631578947368,2010-11-28 12:49:00,2010-12-09 14:09:00,11,Short,0,Active,0,Active,Weak,Medium
,rose scent candles in glass,523.15,643,54,9.687962962962963,2009-12-10 18:27:00,2010-08-04 14:41:00,236,Medium,127,Inactive,1,Churned,Churned,Medium
84989B,75 black fairy cake cases,522.9499999999999,1019,63,8.300793650793649,2009-12-03 13:03:00,2010-08-08 15:53:00,248,Medium,123,Inactive,1,Churned,Churned,Medium
,silver glass t-light set,522.34,158,40,13.0585,2009-12-01 13:29:00,2010-12-01 13:21:00,364,Medium,8,Active,0,Active,Weak,Medium
85226C,blue pull back racing car,522.3100000000001,989,83,6.292891566265061,2009-12-01 11:49:00,2010-11-09 13:50:00,343,Medium,30,Active,0,Active,Weak,Medium
,gold mini tape measure,521.34,723,100,5.2134,2009-12-03 15:34:00,2010-12-09 14:09:00,370,Medium,0,Active,0,Active,Weak,Medium
37444A,yellow breakfast cup and saucer,520.71,2661,29,17.95551724137931,2009-12-01 13:29:00,2010-12-07 18:36:00,371,Medium,2,Active,0,Active,Weak,Medium
35004S,set of 3 silver flying ducks,518.4,146,25,20.736,2009-12-01 14:28:00,2009-12-23 10:54:00,21,Short,351,Inactive,1,Churned,Churned,Medium
,stars gift tape,518.33,760,99,5.235656565656566,2009-12-01 14:28:00,2010-12-09 14:55:00,373,Medium,0,Active,0,Active,Weak,Medium
,green rose cushion cover,517.48,246,20,25.874000000000002,2009-12-18 12:33:00,2010-04-19 14:59:00,122,Medium,234,Inactive,1,Churned,Churned,Medium
84762A,white picnic barbecue bucket,517.4300000000001,59,29,17.84241379310345,2009-12-04 09:43:00,2010-06-30 11:08:00,208,Medium,162,Inactive,1,Churned,Churned,Medium
84993A,75 green petit four cases,517.25,1174,136,3.8033088235294117,2009-12-03 18:13:00,2010-12-09 10:04:00,370,Medium,0,Active,0,Active,At Risk,Medium
,green giant garden thermometer,517.2,72,29,17.83448275862069,2010-11-21 15:56:00,2010-12-09 14:27:00,17,Short,0,Active,0,Active,Weak,Medium
,pink pot plant candle,515.1800000000001,129,46,11.199565217391307,2009-12-10 09:49:00,2010-11-29 16:45:00,354,Medium,10,Active,0,Active,Weak,Medium
85170D,set/6 pink bird t-light candles,514.1,276,55,9.347272727272728,2009-12-01 12:13:00,2010-12-08 14:25:00,372,Medium,1,Active,0,Active,Weak,Medium
16169P,wrap green russian folkart,512.75,1700,46,11.146739130434783,2009-12-04 10:00:00,2010-11-09 16:01:00,340,Medium,30,Active,0,Active,Weak,Medium
,blue flock glass candleholder,512.73,1150,27,18.990000000000002,2009-12-01 17:08:00,2010-12-03 15:45:00,366,Medium,6,Active,0,Active,Weak,Medium
90120D,white murano twist bracelet,512.34,124,35,14.638285714285715,2009-12-07 18:02:00,2010-11-29 12:03:00,356,Medium,10,Active,0,Active,Weak,Medium
84849A,hello sailor blue soap holder,511.2,303,52,9.830769230769231,2009-12-08 14:56:00,2010-12-09 16:52:00,366,Medium,0,Active,0,Active,Weak,Medium
,small tall camphor wood toadstool,511.08,418,54,9.464444444444444,2009-12-07 17:56:00,2010-11-29 09:46:00,356,Medium,10,Active,0,Active,Weak,Medium
84952C,mirror love bird t-light holder,510.13,269,34,15.003823529411765,2009-12-02 12:38:00,2010-12-09 14:09:00,372,Medium,0,Active,0,Active,Weak,Medium
84968E,set of 16 vintage black cutlery,509.95,35,18,28.330555555555556,2010-08-19 13:32:00,2010-12-09 16:27:00,112,Medium,0,Active,0,Active,Weak,Medium
84782C,green 3 tier glass plate stand,509.9,74,18,28.327777777777776,2009-12-01 12:30:00,2010-09-06 10:19:00,278,Medium,94,Inactive,1,Churned,Churned,Medium
,dairy maid ceramic butter dish,509.62,114,48,10.617083333333333,2009-12-01 12:02:00,2010-05-20 14:06:00,170,Medium,203,Inactive,1,Churned,Churned,Medium
,daisy sketchbook,509.19,196,49,10.391632653061224,2009-12-07 11:19:00,2010-12-08 12:36:00,366,Medium,1,Active,0,Active,Weak,Medium
,retro pink spot washing up gloves,509.0,218,56,9.089285714285714,2009-12-01 10:52:00,2010-01-18 12:36:00,48,Short,325,Inactive,1,Churned,Churned,Medium
,assorted tutti frutti keyring ball,507.99999999999994,521,67,7.582089552238805,2009-12-02 14:36:00,2010-12-09 14:09:00,371,Medium,0,Active,0,Active,Weak,Medium
,set of 6 t-lights wedding cake,507.38,182,21,24.16095238095238,2010-09-20 14:08:00,2010-12-06 17:26:00,77,Short,3,Active,0,Active,Weak,Medium
,folding umbrella red/white polkadot,507.33000000000004,93,35,14.495142857142858,2010-09-23 13:54:00,2010-12-08 14:25:00,76,Short,1,Active,0,Active,Weak,Medium
90195A,purple gemstone bracelet,507.10999999999996,56,36,14.086388888888887,2009-12-02 14:36:00,2010-12-09 13:34:00,371,Medium,0,Active,0,Active,Weak,Medium
,ladle love heart pink,507.05,1094,150,3.380333333333333,2009-12-01 14:28:00,2010-12-09 14:09:00,372,Medium,0,Active,0,Active,At Risk,Medium
,red coat rack paris fashion,506.24,110,19,26.64421052631579,2010-11-19 10:58:00,2010-12-09 16:52:00,20,Short,0,Active,0,Active,Weak,Medium
,bird in tree mug,504.55,4643,8,63.06875,2009-12-17 11:43:00,2010-11-01 15:14:00,319,Medium,38,At Risk,0,Active,At Risk,Medium
84596G,small chocolates pink bowl,503.77,378,109,4.621743119266055,2009-12-01 14:19:00,2010-12-09 14:09:00,372,Medium,0,Active,0,Active,At Risk,Medium
90199C,5 strand glass necklace crystal,503.09999999999997,86,22,22.868181818181817,2009-12-01 11:37:00,2010-12-01 11:45:00,365,Medium,8,Active,0,Active,Weak,Medium
,jardin etched glass ginger jar,502.58,57,34,14.781764705882352,2009-12-06 10:51:00,2010-07-08 19:12:00,214,Medium,154,Inactive,1,Churned,Churned,Medium
,french chateau oval platter,502.2,196,23,21.83478260869565,2009-12-15 13:48:00,2010-11-26 13:22:00,345,Medium,13,Active,0,Active,Weak,Medium
,christmas decoupage candle,501.02,594,58,8.638275862068966,2009-12-02 13:51:00,2010-12-06 16:57:00,369,Medium,3,Active,0,Active,Weak,Medium
47591B,scotties des child's apron,500.83,300,98,5.110510204081632,2009-12-01 12:30:00,2010-07-19 13:46:00,230,Medium,143,Inactive,1,Churned,Churned,Medium
,green  diamante pen in gift box,500.69,272,39,12.838205128205129,2009-12-08 12:34:00,2010-12-06 10:08:00,362,Medium,3,Active,0,Active,Weak,Medium
,patchwork pencil case butterfly,500.49,251,33,15.166363636363636,2009-12-01 14:28:00,2010-06-30 08:36:00,210,Medium,162,Inactive,1,Churned,Churned,Medium
16202A,pastel pink photo album,500.32,756,28,17.86857142857143,2009-12-02 14:43:00,2010-11-19 13:16:00,351,Medium,20,Active,0,Active,Weak,Medium
,mini  zinc garden decorations,500.10999999999996,550,48,10.418958333333332,2009-12-13 13:39:00,2010-12-07 18:36:00,359,Medium,2,Active,0,Active,Weak,Medium
,decorative hanging shelving unit,499.55,9,6,83.25833333333334,2010-03-11 12:17:00,2010-11-23 13:59:00,257,Medium,16,Active,0,Active,Weak,Medium
35471A,set of 3 bird l.blue feather,499.31,421,83,6.01578313253012,2009-12-01 14:28:00,2010-11-14 16:16:00,348,Medium,25,Active,0,Active,Weak,Medium
85163A,white baroque wall clock,499.16999999999996,37,25,19.9668,2009-12-02 15:04:00,2010-11-28 14:57:00,360,Medium,11,Active,0,Active,Weak,Medium
,madras notebook large,499.03,132,28,17.822499999999998,2009-12-04 15:27:00,2010-12-05 15:12:00,365,Medium,4,Active,0,Active,Weak,Medium
84805B,blue climbing hydranga art flower,498.9,302,6,83.14999999999999,2010-01-07 12:34:00,2010-10-22 13:27:00,288,Medium,48,At Risk,0,Active,At Risk,Medium
,set/4 colourful mixing bowls,498.58,46,29,17.192413793103448,2009-12-14 11:48:00,2010-11-30 13:26:00,351,Medium,9,Active,0,Active,Weak,Medium
,denim patch pencil case butterfly,498.14,252,29,17.177241379310345,2009-12-06 12:26:00,2010-10-24 14:21:00,322,Medium,46,At Risk,0,Active,At Risk,Medium
47592A,carousel des child's overall,497.81,257,74,6.727162162162162,2009-12-02 13:32:00,2010-07-19 13:46:00,229,Medium,143,Inactive,1,Churned,Churned,Medium
35600D,pink and white christmas tree 180cm,497.7000000000001,141,13,38.28461538461539,2009-12-01 14:28:00,2010-09-28 14:23:00,300,Medium,72,Inactive,1,Churned,Churned,Medium
90010B,black/white glass/silver bracelet,496.65,54,29,17.125862068965517,2009-12-02 14:43:00,2010-12-09 14:09:00,371,Medium,0,Active,0,Active,Weak,Medium
,namaste swagat incense,496.5,1931,31,16.016129032258064,2010-01-22 14:40:00,2010-12-06 15:27:00,318,Medium,3,Active,0,Active,Weak,Medium
,blue  spotty  coffee mug,495.98,241,35,14.170857142857143,2009-12-04 12:37:00,2010-09-20 11:21:00,289,Medium,80,Inactive,1,Churned,Churned,Medium
,card dog and ball,495.27,1203,89,5.564831460674157,2010-06-02 11:11:00,2010-12-09 14:09:00,190,Medium,0,Active,0,Active,Weak,Medium
72800C,s/4 pink dinner candle silver flock,494.39,394,28,17.656785714285714,2009-12-07 15:26:00,2010-06-10 09:40:00,184,Medium,182,Inactive,1,Churned,Churned,Medium
47594B,scotties design washbag,493.84,238,66,7.482424242424242,2009-12-03 14:39:00,2010-11-29 13:50:00,360,Medium,10,Active,0,Active,Weak,Medium
,ballerina heart decoration.,492.17,347,21,23.436666666666667,2009-12-02 14:43:00,2010-03-02 12:24:00,89,Short,282,Inactive,1,Churned,Churned,Medium
,s/2 zinc heart design planters,491.5,50,29,16.948275862068964,2010-01-06 13:56:00,2010-10-05 13:12:00,271,Medium,65,Inactive,1,Churned,Churned,Medium
,daisy folkart heart decoration,491.38,344,71,6.920845070422535,2009-12-04 09:43:00,2010-11-18 10:33:00,349,Medium,21,Active,0,Active,Weak,Medium
,vintage keepsake box travelogue,490.61,107,31,15.826129032258065,2009-12-01 14:28:00,2010-12-06 11:10:00,369,Medium,3,Active,0,Active,Weak,Medium
,card wedding day,489.99,1176,90,5.444333333333334,2010-06-01 15:01:00,2010-12-07 15:28:00,189,Medium,2,Active,0,Active,Weak,Medium
,rose du sud childs apron,489.14,106,52,9.406538461538462,2009-12-01 11:51:00,2010-07-07 16:29:00,218,Medium,155,Inactive,1,Churned,Churned,Medium
47594A,carousel design washbag,488.83,239,58,8.428103448275861,2009-12-14 17:57:00,2010-12-06 11:26:00,356,Medium,3,Active,0,Active,Weak,Medium
82616B,frappucino scarf knitting kit,488.68,268,58,8.42551724137931,2009-12-01 11:37:00,2010-12-09 14:09:00,373,Medium,0,Active,0,Active,Weak,Medium
84706D,cherry blossom table clock,488.48999999999995,213,13,37.576153846153844,2009-12-18 17:15:00,2010-12-08 15:59:00,354,Medium,1,Active,0,Active,Weak,Medium
85023B,eau de nile jewelled photoframe,488.25,213,27,18.083333333333332,2009-12-03 13:49:00,2010-11-17 12:03:00,348,Medium,22,Active,0,Active,Weak,Medium
,vintage glass sugar caddy,488.16,76,32,15.255,2009-12-02 11:55:00,2010-04-13 13:31:00,132,Medium,240,Inactive,1,Churned,Churned,Medium
,christmas card singing angel,487.19,1406,98,4.971326530612245,2009-12-01 13:29:00,2010-12-09 15:16:00,373,Medium,0,Active,0,Active,Weak,Medium
,retrospot candle  large,486.81,441,24,20.28375,2010-09-29 13:14:00,2010-12-08 14:25:00,70,Short,1,Active,0,Active,Weak,Medium
,salt and pepper shakers toadstools,486.35,397,30,16.211666666666666,2010-10-15 11:45:00,2010-11-12 15:46:00,28,Short,27,Active,0,Active,Weak,Medium
,3 piece spaceboy cookie cutter set,485.15999999999997,225,49,9.901224489795919,2010-11-21 13:46:00,2010-12-09 10:16:00,17,Short,0,Active,0,Active,Weak,Medium
,oven mitt apple design,485.0,343,34,14.264705882352942,2010-09-26 16:06:00,2010-11-10 12:21:00,44,Short,29,Active,0,Active,Weak,Medium
85163B,black baroque wall clock,484.98,31,30,16.166,2009-12-22 09:52:00,2010-11-19 13:31:00,332,Medium,20,Active,0,Active,Weak,Medium
,multicolour honeycomb fan,483.45,253,49,9.866326530612245,2009-12-16 14:12:00,2010-12-05 12:42:00,353,Medium,4,Active,0,Active,Weak,Medium
79191C,retro plastic elephant tray,482.92999999999995,516,94,5.137553191489361,2009-12-02 11:52:00,2010-12-05 16:24:00,368,Medium,4,Active,0,Active,Weak,Medium
,old doc russel metal sign,482.73,213,98,4.9258163265306125,2010-01-22 10:01:00,2010-11-30 15:33:00,312,Medium,9,Active,0,Active,Weak,Medium
,set 3 wicker oval baskets w lids,482.7,26,16,30.16875,2010-10-26 08:11:00,2010-12-02 10:53:00,37,Short,7,Active,0,Active,Weak,Medium
17012C,origami lavender incense/candl set,481.15,441,32,15.0359375,2010-02-05 11:32:00,2010-12-07 15:28:00,305,Medium,2,Active,0,Active,Weak,Medium
,jingle bells tree decoration,481.09,285,50,9.6218,2009-12-04 09:43:00,2010-12-08 14:25:00,369,Medium,1,Active,0,Active,Weak,Medium
72801G,s/4 burgundy wine dinner candles,480.94,788,28,17.17642857142857,2009-12-01 12:14:00,2010-08-20 12:26:00,262,Medium,111,Inactive,1,Churned,Churned,Medium
,set/6 3d kit cards for kids,480.69,592,50,9.6138,2009-12-01 11:49:00,2010-03-18 10:20:00,106,Medium,266,Inactive,1,Churned,Churned,Medium
16244A,maxwell 2 tone pink 60 page photo a,479.40999999999997,186,28,17.121785714285714,2009-12-02 14:36:00,2010-03-15 15:58:00,103,Medium,269,Inactive,1,Churned,Churned,Medium
,glass chalice blue small,478.64,278,44,10.878181818181817,2009-12-13 15:54:00,2010-11-25 13:30:00,346,Medium,14,Active,0,Active,Weak,Medium
,teatime gel pens asst,478.4,2665,27,17.71851851851852,2009-12-04 15:26:00,2010-11-04 16:28:00,335,Medium,35,At Risk,0,Active,At Risk,Medium
85159A,"black tea,coffee,sugar jars",478.33000000000004,41,36,13.286944444444446,2009-12-07 17:56:00,2010-12-02 13:08:00,359,Medium,7,Active,0,Active,Weak,Medium
,assorted tutti frutti bracelet,478.17,662,68,7.031911764705883,2009-12-01 12:13:00,2010-12-08 14:25:00,372,Medium,1,Active,0,Active,Weak,Medium
37492C,green blue flower piggy bank,477.3,242,24,19.8875,2009-12-01 11:45:00,2010-05-18 13:04:00,168,Medium,205,Inactive,1,Churned,Churned,Medium
,s/4 rose    botanical  candle,477.12,127,38,12.55578947368421,2009-12-03 12:10:00,2010-07-25 15:38:00,234,Medium,137,Inactive,1,Churned,Churned,Medium
35915C,peach knitted hen,476.86,347,22,21.675454545454546,2009-12-03 14:39:00,2010-11-16 18:18:00,348,Medium,23,Active,0,Active,Weak,Medium
72750C,"f.fairy s/3 candle/glass, rose",476.4,232,15,31.759999999999998,2009-12-01 13:50:00,2010-03-30 13:13:00,118,Medium,254,Inactive,1,Churned,Churned,Medium
,gold washbag,475.94,1797,34,13.998235294117647,2009-12-04 09:43:00,2010-12-06 14:46:00,367,Medium,3,Active,0,Active,Weak,Medium
,black and white cat bowl,475.87,228,47,10.124893617021277,2010-06-23 16:31:00,2010-12-06 12:55:00,165,Medium,3,Active,0,Active,Weak,Medium
62096A,pink/yellow flowers handbag,475.28999999999996,289,83,5.726385542168674,2010-01-07 12:37:00,2010-12-08 15:38:00,335,Medium,1,Active,0,Active,Weak,Medium
84247G,"decoupage,greeting card,",475.13,1130,79,6.014303797468354,2009-12-03 15:56:00,2010-12-09 14:09:00,370,Medium,0,Active,0,Active,Weak,Medium
,dairy maid  small  milk jug,474.74,221,61,7.782622950819673,2009-12-03 12:40:00,2010-03-30 15:25:00,117,Medium,254,Inactive,1,Churned,Churned,Medium
47367B,pair padded hangers pink check,472.90000000000003,134,55,8.59818181818182,2009-12-14 18:37:00,2010-12-07 18:36:00,357,Medium,2,Active,0,Active,Weak,Medium
,teacup and saucer regency green,472.5,174,13,36.34615384615385,2010-08-12 15:06:00,2010-10-27 12:50:00,75,Short,43,At Risk,0,Active,At Risk,Medium
,camphor wood portobello mushroom,472.4,472,78,6.056410256410256,2009-12-01 12:13:00,2010-12-08 12:46:00,372,Medium,1,Active,0,Active,Weak,Medium
,72 cake cases dolly girl design,471.84999999999997,943,25,18.874,2010-09-19 12:15:00,2010-11-23 12:04:00,64,Short,16,Active,0,Active,Weak,Medium
,jardin etched glass butter dish,471.4,68,30,15.713333333333333,2009-12-06 12:52:00,2010-12-02 15:46:00,361,Medium,7,Active,0,Active,Weak,Medium
,new baroque jewellery box,471.38,55,27,17.458518518518517,2009-12-02 12:39:00,2010-11-26 15:16:00,359,Medium,13,Active,0,Active,Weak,Medium
,set/10 ivory polkadot party candles,471.25,377,21,22.44047619047619,2010-10-04 14:42:00,2010-12-09 12:17:00,65,Short,0,Active,0,Active,Weak,Medium
,black face lamb with pants,471.13,123,74,6.366621621621621,2009-12-01 12:56:00,2010-10-20 15:25:00,323,Medium,50,At Risk,0,Active,At Risk,Medium
35599B,black christmas tree 120cm,470.96000000000004,59,28,16.82,2009-12-02 12:06:00,2010-12-08 14:25:00,371,Medium,1,Active,0,Active,Weak,Medium
84846A,scented candle in digitalis tin,470.93,207,44,10.702954545454546,2009-12-04 09:49:00,2010-12-07 18:36:00,368,Medium,2,Active,0,Active,Weak,Medium
84509A,english rose placemats,470.74,119,33,14.264848484848486,2009-12-01 13:29:00,2010-02-17 10:04:00,77,Short,295,Inactive,1,Churned,Churned,Medium
90184C,black chunky bead bracelet w strap,470.71,52,33,14.263939393939394,2009-12-06 10:41:00,2010-12-06 16:57:00,365,Medium,3,Active,0,Active,Weak,Medium
84569B,pack 3 fire engine/car patches,470.03,373,60,7.833833333333333,2009-12-04 15:27:00,2010-12-06 12:44:00,366,Medium,3,Active,0,Active,Weak,Medium
,s/3 pink square planters roses,469.25999999999993,38,22,21.33,2009-12-03 14:39:00,2010-08-22 10:33:00,261,Medium,109,Inactive,1,Churned,Churned,Medium
,large skull windmill,468.97,222,39,12.024871794871796,2009-12-14 15:51:00,2010-12-08 14:25:00,358,Medium,1,Active,0,Active,Weak,Medium
,easter decoration sitting bunny,468.95,545,78,6.012179487179487,2009-12-13 15:38:00,2010-11-24 12:45:00,345,Medium,15,Active,0,Active,Weak,Medium
,"french blue metal door sign, no",468.94,356,48,9.769583333333333,2010-08-17 11:21:00,2010-11-17 13:05:00,92,Short,22,Active,0,Active,Weak,Medium
,assorted cheese fridge magnets,467.73,615,50,9.3546,2009-12-10 20:16:00,2010-12-08 12:08:00,362,Medium,1,Active,0,Active,Weak,Medium
72799B,purple pillar candle black flock,467.71000000000004,322,16,29.231875000000002,2009-12-01 13:47:00,2010-01-05 15:55:00,35,Short,338,Inactive,1,Churned,Churned,Medium
90200E,green sweetheart bracelet,467.54,110,50,9.3508,2009-12-01 10:49:00,2010-12-06 16:57:00,370,Medium,3,Active,0,Active,Weak,Medium
,white heart confetti in tube,465.48,254,47,9.903829787234043,2009-12-01 14:28:00,2010-11-16 14:46:00,350,Medium,23,Active,0,Active,Weak,Medium
,pink boudoir t-light holder,465.22999999999996,4199,19,24.485789473684207,2009-12-11 11:17:00,2010-09-27 16:30:00,290,Medium,73,Inactive,1,Churned,Churned,Medium
84798B,purple foxglove artiifcial flower,464.84999999999997,315,7,66.40714285714286,2010-01-07 12:34:00,2010-06-06 15:07:00,150,Medium,186,Inactive,1,Churned,Churned,Medium
,blue tiled tray,464.5,273,18,25.805555555555557,2009-12-02 15:38:00,2010-11-14 13:16:00,346,Medium,25,Active,0,Active,Weak,Medium
,rose du sud oven glove,464.03,147,63,7.365555555555555,2009-12-02 11:45:00,2010-12-09 16:27:00,372,Medium,0,Active,0,Active,Weak,Medium
84507C,blue circles design monkey doll,464.01,369,44,10.545681818181817,2009-12-01 14:19:00,2010-12-06 12:06:00,369,Medium,3,Active,0,Active,Weak,Medium
84972L,giant pink heart memo holder,462.15000000000003,117,46,10.046739130434784,2009-12-09 13:22:00,2010-07-14 12:05:00,216,Medium,148,Inactive,1,Churned,Churned,Medium
,basket/8 scented love token candles,461.53,122,45,10.256222222222222,2009-12-10 14:19:00,2010-10-10 16:01:00,304,Medium,60,At Risk,0,Active,At Risk,Medium
,set/4 badges beetles,461.48,358,62,7.443225806451613,2009-12-07 13:59:00,2010-12-07 15:28:00,365,Medium,2,Active,0,Active,Weak,Medium
,gold photo frame,461.43,258,40,11.53575,2009-12-01 16:34:00,2010-11-23 16:53:00,357,Medium,16,Active,0,Active,Weak,Medium
,pens assorted funky jeweled,460.83000000000004,525,27,17.067777777777778,2010-02-26 09:47:00,2010-12-07 15:28:00,284,Medium,2,Active,0,Active,Weak,Medium
,silver hanging t-light holder dome,459.2099999999999,273,36,12.755833333333332,2009-12-01 11:50:00,2010-05-11 10:56:00,160,Medium,212,Inactive,1,Churned,Churned,Medium
,red wall clock,459.0,60,1,459.0,2010-01-07 12:34:00,2010-01-07 12:34:00,0,Short,336,Inactive,1,Churned,Churned,Medium
,ivory wall clock,459.0,60,1,459.0,2010-01-07 12:34:00,2010-01-07 12:34:00,0,Short,336,Inactive,1,Churned,Churned,Medium
85136B,blue shark helicopter,457.87,57,45,10.174888888888889,2009-12-03 14:39:00,2010-11-19 11:55:00,350,Medium,20,Active,0,Active,Weak,Medium
,ceramic love heart money bank,456.81,327,38,12.021315789473684,2010-05-14 15:41:00,2010-12-08 14:25:00,207,Medium,1,Active,0,Active,Weak,Medium
,set/6 collage paper plates,456.59999999999997,696,62,7.364516129032258,2009-12-16 12:11:00,2010-12-05 12:42:00,354,Medium,4,Active,0,Active,Weak,Medium
35915B,blue knitted hen,456.51,343,17,26.853529411764704,2009-12-18 10:59:00,2010-10-07 16:48:00,293,Medium,63,Inactive,1,Churned,Churned,Medium
,set of 2 tea towels ping microwave,455.81000000000006,153,58,7.858793103448277,2009-12-07 13:59:00,2010-12-06 09:58:00,363,Medium,3,Active,0,Active,Weak,Medium
,"s/6 halloween ghost t lights, 5cm h",453.99,1059,58,7.827413793103449,2009-12-04 15:30:00,2010-09-30 19:57:00,300,Medium,70,Inactive,1,Churned,Churned,Medium
,set/4 badges dogs,453.71,325,73,6.215205479452054,2009-12-02 14:36:00,2010-12-06 09:58:00,368,Medium,3,Active,0,Active,Weak,Medium
,economy passport cover,451.67,207,33,13.686969696969697,2009-12-02 12:06:00,2010-09-02 13:57:00,274,Medium,98,Inactive,1,Churned,Churned,Medium
,toybox  wrap,451.5,1075,41,11.012195121951219,2009-12-16 17:06:00,2010-10-19 12:15:00,306,Medium,51,At Risk,0,Active,At Risk,Medium
37482P,cubic mug pink polka dot,451.41,120,29,15.565862068965519,2009-12-01 14:56:00,2010-09-20 10:20:00,292,Medium,80,Inactive,1,Churned,Churned,Medium
,pink hearts photo album,451.35,174,23,19.62391304347826,2009-12-01 14:40:00,2010-02-24 10:18:00,84,Short,288,Inactive,1,Churned,Churned,Medium
,mirror mosaic goblet candle holder,451.09000000000003,119,23,19.612608695652174,2009-12-07 11:46:00,2010-12-03 11:36:00,360,Medium,6,Active,0,Active,Weak,Medium
,pink goose feather tree 60cm,450.2,192,17,26.48235294117647,2009-12-06 13:45:00,2010-12-07 15:28:00,366,Medium,2,Active,0,Active,Weak,Medium
90195B,black gemstone bracelet,448.60999999999996,50,24,18.692083333333333,2009-12-01 10:59:00,2010-12-03 14:54:00,367,Medium,6,Active,0,Active,Weak,Medium
,mini jigsaw go to the fair,447.71,1043,47,9.525744680851064,2010-03-28 13:38:00,2010-12-08 14:25:00,255,Medium,1,Active,0,Active,Weak,Medium
17164D,ass col small sand frog p'weight,447.0,1150,28,15.964285714285714,2009-12-01 12:13:00,2010-03-19 10:02:00,107,Medium,265,Inactive,1,Churned,Churned,Medium
,set of 2 christmas decoupage candle,446.83,338,59,7.573389830508474,2010-08-16 12:12:00,2010-12-09 16:26:00,115,Medium,0,Active,0,Active,Weak,Medium
85086A,candy spot heart decoration,446.65,441,102,4.378921568627451,2009-12-01 14:28:00,2010-11-21 14:10:00,354,Medium,18,Active,0,Active,Weak,Medium
,alphabet hearts sticker sheet,446.13,498,82,5.440609756097561,2009-12-02 14:43:00,2010-12-08 08:58:00,370,Medium,1,Active,0,Active,Weak,Medium
,card cat and tree,445.99,1022,100,4.4599,2010-06-01 13:49:00,2010-12-06 16:57:00,188,Medium,3,Active,0,Active,Weak,Medium
,red retrospot toastrack,444.36,120,49,9.06857142857143,2010-03-31 17:28:00,2010-09-13 13:29:00,165,Medium,87,Inactive,1,Churned,Churned,Medium
85180B,pink hearts light chain,444.28,94,20,22.214,2009-12-01 14:28:00,2010-12-09 14:09:00,372,Medium,0,Active,0,Active,Weak,Medium
,easter decoration hanging bunny,444.26,655,69,6.438550724637681,2009-12-17 08:55:00,2010-06-25 15:13:00,190,Medium,167,Inactive,1,Churned,Churned,Medium
17012A,origami vanilla incense/candle set,442.78,408,33,13.417575757575756,2009-12-01 14:28:00,2010-12-09 14:09:00,372,Medium,0,Active,0,Active,Weak,Medium
90200A,purple sweetheart bracelet,442.47,104,54,8.193888888888889,2009-12-01 10:49:00,2010-12-09 14:09:00,373,Medium,0,Active,0,Active,Weak,Medium
35598B,black christmas tree 60cm,442.28,400,36,12.285555555555554,2009-12-01 14:28:00,2010-12-05 13:17:00,368,Medium,4,Active,0,Active,Weak,Medium
16243B,brown cozy square photo album,441.77,212,8,55.22125,2009-12-02 14:36:00,2010-03-11 10:13:00,98,Short,273,Inactive,1,Churned,Churned,Medium
,animal stickers,441.69,2109,68,6.495441176470588,2009-12-04 11:22:00,2010-12-06 12:34:00,367,Medium,3,Active,0,Active,Weak,Medium
84963B,blue painted kashmiri chair,441.65000000000003,15,5,88.33000000000001,2010-05-19 13:32:00,2010-11-02 17:29:00,167,Medium,37,At Risk,0,Active,At Risk,Medium
84247L,fawn and mushroom greeting card,441.19,1021,92,4.7955434782608695,2009-12-03 14:39:00,2010-12-09 10:04:00,370,Medium,0,Active,0,Active,Weak,Medium
,swiss chalet tree decoration,439.84,588,80,5.497999999999999,2009-12-01 13:31:00,2010-12-08 14:25:00,372,Medium,1,Active,0,Active,Weak,Medium
,piece of camo stationery set,439.53,2093,24,18.31375,2009-12-07 13:24:00,2010-11-23 13:59:00,351,Medium,16,Active,0,Active,Weak,Medium
62096B,purple/turq flowers handbag,439.49,255,81,5.425802469135802,2009-12-07 18:02:00,2010-11-11 13:50:00,338,Medium,28,Active,0,Active,Weak,Medium
16161M,wrap  pink flock,439.0,1050,39,11.256410256410257,2009-12-03 12:10:00,2010-12-02 18:15:00,364,Medium,7,Active,0,Active,Weak,Medium
,squarecushion cover pink union flag,438.96,62,28,15.677142857142856,2010-11-09 12:06:00,2010-12-08 16:48:00,29,Short,1,Active,0,Active,Weak,Medium
,party invites spaceman,438.89,539,64,6.85765625,2009-12-08 16:43:00,2010-12-02 10:27:00,358,Medium,7,Active,0,Active,Weak,Medium
,cherry blossom luggage tag,438.61,1933,50,8.7722,2009-12-02 14:43:00,2010-12-07 15:28:00,370,Medium,2,Active,0,Active,Weak,Medium
79030A,"tumbler, english rose",438.25,171,33,13.280303030303031,2009-12-01 14:28:00,2010-07-29 10:43:00,239,Medium,133,Inactive,1,Churned,Churned,Medium
85129C,beaded crystal heart blue small,437.93,337,53,8.262830188679246,2009-12-02 15:04:00,2010-12-07 15:28:00,370,Medium,2,Active,0,Active,Weak,Medium
,danish rose round sewing box,437.72,102,35,12.506285714285715,2009-12-06 13:40:00,2010-12-06 14:36:00,365,Medium,3,Active,0,Active,Weak,Medium
,easter bunny wreath,437.39,69,26,16.822692307692307,2009-12-22 09:52:00,2010-08-27 15:14:00,248,Medium,104,Inactive,1,Churned,Churned,Medium
,pink glass candleholder,437.35,125,42,10.413095238095238,2009-12-01 13:31:00,2010-12-08 14:25:00,372,Medium,1,Active,0,Active,Weak,Medium
90161C,ant copper lime boudicca bracelet,436.26,87,51,8.554117647058824,2009-12-02 14:43:00,2010-12-09 14:09:00,371,Medium,0,Active,0,Active,Weak,Medium
47310M,"small pop box,funky monkey",435.74,337,52,8.379615384615384,2009-12-09 09:51:00,2010-12-05 11:49:00,361,Medium,4,Active,0,Active,Weak,Medium
,plasmatronic lamp,435.45,35,16,27.215625,2010-03-08 12:45:00,2010-12-06 12:06:00,272,Medium,3,Active,0,Active,Weak,Medium
,folkart star christmas decorations,434.8,336,27,16.103703703703705,2009-12-03 12:40:00,2010-12-09 10:33:00,370,Medium,0,Active,0,Active,Weak,Medium
,floral pink monster,434.79,123,38,11.441842105263158,2009-12-01 14:28:00,2010-11-15 09:32:00,348,Medium,24,Active,0,Active,Weak,Medium
gift_0001_30,dotcomgiftshop gift voucher £30.00,434.56,17,17,25.56235294117647,2009-12-23 15:30:00,2010-11-04 14:49:00,315,Medium,35,At Risk,0,Active,At Risk,Medium
,party pizza dish red white spot,434.07,488,34,12.766764705882352,2009-12-02 11:48:00,2010-04-21 10:58:00,139,Medium,232,Inactive,1,Churned,Churned,Medium
85025B,eau de nile heart shape photo frame,433.64,242,58,7.476551724137931,2009-12-07 11:39:00,2010-12-03 11:36:00,360,Medium,6,Active,0,Active,Weak,Medium
84510F,set of 4 new england coasters,432.75,1099,38,11.388157894736842,2009-12-02 12:44:00,2010-10-07 16:28:00,309,Medium,63,Inactive,1,Churned,Churned,Medium
,felt egg cosy ladybird,431.40999999999997,510,54,7.9890740740740736,2009-12-06 11:13:00,2010-11-29 16:45:00,358,Medium,10,Active,0,Active,Weak,Medium
,bunny decoration magic garden,431.34999999999997,516,69,6.251449275362319,2009-12-13 13:39:00,2010-11-29 09:46:00,350,Medium,10,Active,0,Active,Weak,Medium
84858B,blue riviera handbag,431.0,326,9,47.888888888888886,2010-04-28 10:50:00,2010-06-02 14:48:00,35,Short,190,Inactive,1,Churned,Churned,Medium
,columbian cube candle,430.95,533,18,23.941666666666666,2009-12-21 12:20:00,2010-12-08 13:17:00,352,Medium,1,Active,0,Active,Weak,Medium
82011C,bathroom scales footprints in sand,430.63,82,53,8.125094339622642,2009-12-07 18:02:00,2010-12-08 15:17:00,365,Medium,1,Active,0,Active,Weak,Medium
,blue polkadot pudding bowl,429.49,2545,10,42.949,2010-09-27 16:30:00,2010-12-05 15:12:00,68,Short,4,Active,0,Active,Weak,Medium
,robot mug in display box,428.68,314,81,5.292345679012346,2009-12-01 14:28:00,2010-12-03 12:24:00,366,Medium,6,Active,0,Active,Weak,Medium
,set/12 funky felt flower peg in bag,428.43,201,42,10.200714285714286,2009-12-01 12:56:00,2010-12-08 17:20:00,372,Medium,1,Active,0,Active,Weak,Medium
,jardin etched glass small bell jar,428.27000000000004,73,20,21.413500000000003,2010-03-26 15:32:00,2010-11-28 13:40:00,246,Medium,11,Active,0,Active,Weak,Medium
84966B,blue kashmiri boxed mirror,428.0,33,4,107.0,2010-01-19 12:18:00,2010-11-02 17:29:00,287,Medium,37,At Risk,0,Active,At Risk,Medium
,felt farm animal white bunny,427.09999999999997,466,74,5.771621621621621,2009-12-14 18:37:00,2010-12-08 14:25:00,358,Medium,1,Active,0,Active,Weak,Medium
,dairy maid toastrack,426.65000000000003,129,44,9.69659090909091,2010-04-13 14:27:00,2010-12-09 14:09:00,239,Medium,0,Active,0,Active,Weak,Medium
84707B,pink jewelled mirror trinket tray,426.39,47,35,12.182571428571428,2009-12-08 15:00:00,2010-12-09 14:09:00,365,Medium,0,Active,0,Active,Weak,Medium
,chest 7 drawer ma campagne,425.09999999999997,18,11,38.64545454545454,2010-10-13 10:05:00,2010-12-09 14:25:00,57,Short,0,Active,0,Active,Weak,Medium
,lighthouse printed metal sign,424.6,74,39,10.887179487179488,2009-12-08 14:03:00,2010-11-21 10:49:00,347,Medium,18,Active,0,Active,Weak,Medium
85071C,"charlie+lola""extremely busy"" sign",424.53,608,37,11.473783783783784,2009-12-06 16:17:00,2010-12-01 14:05:00,359,Medium,8,Active,0,Active,Weak,Medium
84660C,pink stitched wall clock,424.2,81,56,7.575,2009-12-02 12:06:00,2010-12-09 16:31:00,372,Medium,0,Active,0,Active,Weak,Medium
,little flower shopper bag,424.0,400,1,424.0,2010-01-07 12:34:00,2010-01-07 12:34:00,0,Short,336,Inactive,1,Churned,Churned,Medium
,decorative net canopy leopard,423.73,101,25,16.9492,2009-12-14 18:37:00,2010-09-09 11:20:00,268,Medium,91,Inactive,1,Churned,Churned,Medium
,small polkadot chocolate gift bag,422.97999999999996,490,31,13.644516129032256,2010-09-24 12:43:00,2010-12-09 13:34:00,76,Short,0,Active,0,Active,Weak,Medium
,oven mitt apples design,422.90999999999997,279,59,7.1679661016949145,2010-10-07 11:33:00,2010-12-09 13:24:00,63,Short,0,Active,0,Active,Weak,Medium
,small marakesh metal  lantern,422.9,124,30,14.096666666666666,2009-12-02 12:09:00,2010-01-18 13:20:00,47,Short,325,Inactive,1,Churned,Churned,Medium
,pin cushion russian doll pink,422.45000000000005,122,34,12.425,2010-03-18 14:09:00,2010-08-03 14:56:00,138,Medium,128,Inactive,1,Churned,Churned,Medium
,medium chinese style scissor,421.9,911,42,10.045238095238094,2009-12-03 14:36:00,2010-12-09 14:10:00,370,Medium,0,Active,0,Active,Weak,Medium
,money box first ade design,421.84000000000003,344,51,8.271372549019608,2010-03-26 13:46:00,2010-11-24 13:56:00,243,Medium,15,Active,0,Active,Weak,Medium
,cushion cover pink union jack,421.52,64,27,15.611851851851851,2010-11-08 11:54:00,2010-12-08 17:20:00,30,Short,1,Active,0,Active,Weak,Medium
,oval wall mirror diamante,421.33,35,23,18.31869565217391,2010-11-04 12:39:00,2010-12-09 16:26:00,35,Short,0,Active,0,Active,Weak,Medium
51020B,stripy design shower cap,421.3,890,47,8.963829787234042,2009-12-04 14:24:00,2010-12-08 12:46:00,368,Medium,1,Active,0,Active,Weak,Medium
,"cake tin, round, vintage red,cream",421.05,59,10,42.105000000000004,2010-10-15 09:33:00,2010-11-25 09:46:00,41,Short,14,Active,0,Active,Weak,Medium
,tea time breakfast basket,420.87,185,55,7.652181818181818,2009-12-02 12:46:00,2010-12-05 13:00:00,368,Medium,4,Active,0,Active,Weak,Medium
46776C,woven frost cushion cover,420.73,143,39,10.78794871794872,2009-12-10 09:49:00,2010-12-06 16:57:00,361,Medium,3,Active,0,Active,Weak,Medium
84875D,blue square compact mirror,420.0,320,29,14.482758620689655,2009-12-03 13:25:00,2010-11-28 15:25:00,360,Medium,11,Active,0,Active,Weak,Medium
84967C,green kashmiri occasional table,419.85,9,4,104.9625,2010-05-19 13:32:00,2010-10-11 15:00:00,145,Medium,59,At Risk,0,Active,At Risk,Medium
,round georgian silver mirror,419.25,135,16,26.203125,2010-02-28 13:55:00,2010-04-08 17:44:00,39,Short,245,Inactive,1,Churned,Churned,Medium
35095B,red victorian fabric oval box,418.59,1095,83,5.043253012048193,2009-12-01 16:34:00,2010-12-09 14:09:00,372,Medium,0,Active,0,Active,Weak,Medium
72750A,flower fairy set of 3 lily candles,417.7,206,8,52.2125,2010-03-01 13:29:00,2010-04-23 11:12:00,52,Short,230,Inactive,1,Churned,Churned,Medium
84532B,fairy cakes rectangluar boxes,417.58,54,31,13.470322580645162,2009-12-02 11:53:00,2010-03-31 12:52:00,119,Medium,253,Inactive,1,Churned,Churned,Medium
85097B,blue rocking singing canary,417.17,106,40,10.42925,2009-12-02 12:32:00,2010-08-09 12:22:00,249,Medium,122,Inactive,1,Churned,Churned,Medium
72803B,ocean scent candle jewelled drawer,416.35,93,37,11.252702702702702,2009-12-03 14:28:00,2010-12-03 11:28:00,364,Medium,6,Active,0,Active,Weak,Medium
,danish rose trinket trays,416.32,64,23,18.10086956521739,2010-01-19 17:49:00,2010-11-26 16:38:00,310,Medium,13,Active,0,Active,Weak,Medium
,enamel blue rim oval tray set/2,416.01,49,39,10.666923076923077,2010-05-27 19:53:00,2010-11-21 15:56:00,177,Medium,18,Active,0,Active,Weak,Medium
,"wrap, billboard fonts design",415.8,990,39,10.661538461538461,2010-09-07 10:59:00,2010-12-06 12:23:00,90,Short,3,Active,0,Active,Weak,Medium
,small pink glass sundae dish,414.88,215,46,9.019130434782609,2009-12-07 17:18:00,2010-12-09 14:09:00,366,Medium,0,Active,0,Active,Weak,Medium
85186A,easter bunny garland of flowers,414.78000000000003,909,83,4.997349397590362,2009-12-01 14:28:00,2010-12-09 14:09:00,372,Medium,0,Active,0,Active,Weak,Medium
84529C,yellow knitted kids rucksack,414.74,78,37,11.209189189189189,2009-12-16 10:39:00,2010-06-04 15:50:00,170,Medium,188,Inactive,1,Churned,Churned,Medium
,empire design rosette,414.46999999999997,307,59,7.024915254237287,2009-12-03 12:28:00,2010-11-26 13:16:00,358,Medium,13,Active,0,Active,Weak,Medium
,pack of 12 pink polkadot tissues,414.33,1144,92,4.503586956521739,2010-09-23 13:54:00,2010-12-09 14:09:00,77,Short,0,Active,0,Active,Weak,Medium
,magic garden mount fuji,413.12,157,39,10.592820512820513,2009-12-01 11:45:00,2010-11-30 14:15:00,364,Medium,9,Active,0,Active,Weak,Medium
,bunny wooden painted with flower,412.84,439,84,4.914761904761905,2009-12-04 16:12:00,2010-11-22 11:57:00,352,Medium,17,Active,0,Active,Weak,Medium
,s/3 tear drop cut glass decoration,412.77,465,34,12.14029411764706,2009-12-01 14:28:00,2010-02-07 11:57:00,67,Short,305,Inactive,1,Churned,Churned,Medium
84509C,set of 4 dotty placemats,411.78000000000003,85,34,12.111176470588235,2010-03-22 16:16:00,2010-09-22 16:01:00,183,Medium,78,Inactive,1,Churned,Churned,Medium
,kasbah lantern with glass,410.64,72,29,14.16,2009-12-02 09:50:00,2010-10-01 13:40:00,303,Medium,69,Inactive,1,Churned,Churned,Medium
40046A,red daisy paper lampshade,409.57,305,56,7.31375,2009-12-02 16:24:00,2010-10-31 12:56:00,332,Medium,39,At Risk,0,Active,At Risk,Medium
16169F,wrap blizzard,409.5,975,34,12.044117647058824,2009-12-01 11:50:00,2010-10-17 16:08:00,320,Medium,53,At Risk,0,Active,At Risk,Medium
84595B,large trifle design l blue bowl,408.8999999999999,230,16,25.556249999999995,2009-12-15 15:21:00,2010-06-27 13:11:00,193,Medium,165,Inactive,1,Churned,Churned,Medium
,pillowcushion cover pink union jack,408.83000000000004,67,22,18.58318181818182,2010-10-17 13:07:00,2010-11-08 15:19:00,22,Short,31,At Risk,0,Active,At Risk,Medium
,set of meadow  flower stickers,408.66,168,22,18.575454545454548,2009-12-01 09:24:00,2010-01-25 12:33:00,55,Short,318,Inactive,1,Churned,Churned,Medium
,lipstick pen baby pink,408.55,784,113,3.615486725663717,2010-05-07 13:58:00,2010-12-08 14:25:00,215,Medium,1,Active,0,Active,At Risk,Medium
,space owl,408.5,298,60,6.808333333333334,2009-12-02 11:47:00,2010-12-06 16:57:00,369,Medium,3,Active,0,Active,Weak,Medium
,bag for children vintage blue,408.0,96,1,408.0,2010-01-07 12:34:00,2010-01-07 12:34:00,0,Short,336,Inactive,1,Churned,Churned,Medium
17107D,"flower fairy,5 summer b'draw liners",408.0,160,43,9.488372093023257,2009-12-04 09:49:00,2010-12-09 16:53:00,370,Medium,0,Active,0,Active,Weak,Medium
,bag for children vintage pink,408.0,96,1,408.0,2010-01-07 12:34:00,2010-01-07 12:34:00,0,Short,336,Inactive,1,Churned,Churned,Medium
84968D,set of 16 vintage red cutlery,407.98,30,15,27.198666666666668,2010-08-11 10:16:00,2010-12-08 13:51:00,119,Medium,1,Active,0,Active,Weak,Medium
,pink dog bowl,406.54,128,45,9.034222222222223,2010-06-22 16:28:00,2010-12-08 14:25:00,168,Medium,1,Active,0,Active,Weak,Medium
,sweetheart wire fruit bowl,406.26,47,20,20.313,2010-10-18 09:36:00,2010-12-05 11:12:00,48,Short,4,Active,0,Active,Weak,Medium
,"cakestand, 3 tier, loveheart",405.5,46,7,57.92857142857143,2010-10-18 09:36:00,2010-12-02 10:53:00,45,Short,7,Active,0,Active,Weak,Medium
,gold wine goblet,404.15000000000003,89,11,36.74090909090909,2009-12-01 10:18:00,2010-11-24 17:11:00,358,Medium,15,Active,0,Active,Weak,Medium
,green polkadot bowl,403.88,310,50,8.0776,2010-09-23 14:15:00,2010-12-07 18:36:00,75,Short,2,Active,0,Active,Weak,Medium
37444B,blue breakfast cup and saucer,403.7,2008,26,15.526923076923076,2009-12-01 13:29:00,2010-12-09 14:15:00,373,Medium,0,Active,0,Active,Weak,Medium
,beech wood photo frame,403.64,290,19,21.24421052631579,2009-12-01 14:28:00,2010-01-27 12:39:00,56,Short,316,Inactive,1,Churned,Churned,Medium
,retrospot candle  medium,403.57,384,22,18.34409090909091,2010-10-03 12:40:00,2010-12-09 14:09:00,67,Short,0,Active,0,Active,Weak,Medium
,floral soft car toy,402.37,99,32,12.5740625,2009-12-02 16:24:00,2010-12-06 09:58:00,368,Medium,3,Active,0,Active,Weak,Medium
84984B,red peony cushion cover,401.8,292,5,80.36,2010-03-01 10:07:00,2010-08-18 17:30:00,170,Medium,113,Inactive,1,Churned,Churned,Medium
85170C,set/6 eau de nil bird t-lights,401.32,214,37,10.846486486486487,2009-12-02 11:34:00,2010-12-09 10:45:00,371,Medium,0,Active,0,Active,Weak,Medium
84932B,small pink peony folding stool,401.3,189,17,23.605882352941176,2009-12-04 10:00:00,2010-04-26 11:36:00,143,Medium,227,Inactive,1,Churned,Churned,Medium
,rose du sud washbag,400.82,75,45,8.90711111111111,2009-12-16 12:17:00,2010-12-08 14:25:00,357,Medium,1,Active,0,Active,Weak,Medium
,pink butterfly handbag w bobbles,400.75,85,60,6.679166666666666,2010-02-04 14:19:00,2010-12-07 18:36:00,306,Medium,2,Active,0,Active,Weak,Medium
,cockle shell dish,400.41,164,52,7.7001923076923084,2009-12-01 13:31:00,2010-12-08 14:25:00,372,Medium,1,Active,0,Active,Weak,Medium
85194S,hanging spring flower egg small,400.29,563,59,6.784576271186441,2010-01-05 14:12:00,2010-11-29 11:51:00,327,Medium,10,Active,0,Active,Weak,Medium
,set of 3 vintage tea time boxes,399.62,143,21,19.02952380952381,2009-12-02 16:59:00,2010-03-02 12:24:00,89,Short,282,Inactive,1,Churned,Churned,Medium
,mini cake stand t-light holder,399.47999999999996,902,44,9.079090909090908,2010-10-15 13:48:00,2010-12-09 11:30:00,54,Short,0,Active,0,Active,Weak,Medium
,green birdhouse decoration,398.69,537,78,5.111410256410257,2009-12-15 18:33:00,2010-12-08 14:25:00,357,Medium,1,Active,0,Active,Weak,Medium
,jardin de femme scented candle,398.03999999999996,657,13,30.618461538461535,2009-12-02 12:09:00,2010-03-26 14:29:00,114,Medium,258,Inactive,1,Churned,Churned,Medium
84876D,blue heart compact mirror,398.02,207,20,19.901,2009-12-16 17:01:00,2010-12-09 11:30:00,357,Medium,0,Active,0,Active,Weak,Medium
,cakes and rabbits design flannel,397.98999999999995,474,101,3.94049504950495,2009-12-07 18:02:00,2010-12-07 15:28:00,364,Medium,2,Active,0,Active,Weak,Medium
D,discount,397.89,196,5,79.578,2010-04-15 18:08:00,2010-11-30 11:57:00,228,Medium,9,Active,0,Active,Weak,Medium
85130D,beaded crystal heart pink large,397.80999999999995,228,46,8.648043478260869,2009-12-02 14:36:00,2010-12-05 12:43:00,367,Medium,4,Active,0,Active,Weak,Medium
,fridge magnets us diner assorted,396.9,522,14,28.349999999999998,2010-11-19 14:30:00,2010-12-09 10:04:00,19,Short,0,Active,0,Active,Weak,Medium
85167A,white grand baroque photo frame,396.8,176,14,28.342857142857145,2009-12-03 17:46:00,2010-03-31 12:52:00,117,Medium,253,Inactive,1,Churned,Churned,Medium
,ass colour glowing tiaras,396.17,469,36,11.004722222222222,2009-12-06 15:32:00,2010-12-05 13:00:00,363,Medium,4,Active,0,Active,Weak,Medium
,ivory hanging decoration  egg,395.14,439,54,7.317407407407408,2010-01-11 14:39:00,2010-11-26 11:20:00,318,Medium,13,Active,0,Active,Weak,Medium
,lillies canvas picture,394.85,233,5,78.97,2010-03-03 11:53:00,2010-08-20 12:28:00,170,Medium,111,Inactive,1,Churned,Churned,Medium
84597C,retro pink ball ashtray,394.73,319,32,12.3353125,2009-12-02 12:06:00,2010-12-05 15:12:00,368,Medium,4,Active,0,Active,Weak,Medium
90209B,green enamel+glass hair comb,394.01,205,48,8.208541666666667,2009-12-09 09:42:00,2010-12-08 14:25:00,364,Medium,1,Active,0,Active,Weak,Medium
72801E,s/4 festive green dinner candles,393.39,723,25,15.7356,2009-12-01 11:57:00,2010-08-20 12:26:00,262,Medium,111,Inactive,1,Churned,Churned,Medium
85019C,curious  images notebook set,393.22,244,15,26.21466666666667,2009-12-04 13:23:00,2010-12-01 14:03:00,362,Medium,8,Active,0,Active,Weak,Medium
,3 traditional cookie cutters  set,392.4,204,8,49.05,2010-11-22 12:26:00,2010-12-02 14:49:00,10,Short,7,Active,0,Active,Weak,Medium
90200B,black sweetheart bracelet,391.12,92,38,10.292631578947368,2009-12-01 10:49:00,2010-12-01 12:23:00,365,Medium,8,Active,0,Active,Weak,Medium
84596L,biscuits small bowl light blue,390.84,286,87,4.492413793103448,2009-12-01 09:06:00,2010-12-07 15:54:00,371,Medium,2,Active,0,Active,Weak,Medium
,silver teddy bear,390.52,165,39,10.013333333333334,2009-12-02 16:18:00,2010-12-06 15:13:00,368,Medium,3,Active,0,Active,Weak,Medium
84707A,silver jewelled mirror trinket tray,390.45,34,20,19.5225,2009-12-07 15:42:00,2010-12-06 16:58:00,364,Medium,3,Active,0,Active,Weak,Medium
,english rose ironing board cover,390.0,104,41,9.512195121951219,2009-12-03 16:12:00,2010-03-29 11:55:00,115,Medium,255,Inactive,1,Churned,Churned,Medium
,paperweight home sweet home,389.61,165,37,10.530000000000001,2010-03-30 12:27:00,2010-11-29 16:45:00,244,Medium,10,Active,0,Active,Weak,Medium
,white ceramic party set (5pcs),389.3,100,20,19.465,2009-12-02 14:36:00,2010-07-14 14:17:00,223,Medium,148,Inactive,1,Churned,Churned,Medium
,pop-art fluorescent pens,389.22,6193,3,129.74,2010-01-07 14:20:00,2010-02-18 13:29:00,41,Short,294,Inactive,1,Churned,Churned,Medium
85186C,bunny egg garland,389.02,872,74,5.257027027027027,2009-12-01 14:28:00,2010-11-10 14:48:00,344,Medium,29,Active,0,Active,Weak,Medium
,set/4 badges cute creatures,388.21999999999997,286,57,6.810877192982455,2009-12-01 16:17:00,2010-12-09 14:09:00,372,Medium,0,Active,0,Active,Weak,Medium
,classical rose candlestand,387.16,368,36,10.754444444444445,2009-12-02 14:43:00,2010-12-07 18:36:00,370,Medium,2,Active,0,Active,Weak,Medium
,rose pink metal folding chair,385.98,44,14,27.57,2009-12-03 14:39:00,2010-06-16 14:34:00,194,Medium,176,Inactive,1,Churned,Churned,Medium
85027L,french chateau large platter,385.95,121,23,16.780434782608694,2010-01-17 14:53:00,2010-12-05 16:41:00,322,Medium,4,Active,0,Active,Weak,Medium
,first class holiday purse,385.93000000000006,699,31,12.449354838709679,2009-12-06 13:29:00,2010-12-08 14:25:00,367,Medium,1,Active,0,Active,Weak,Medium
84809A,white chrysanthemums art flower,384.53999999999996,233,15,25.636,2010-01-27 12:19:00,2010-12-08 12:06:00,314,Medium,1,Active,0,Active,Weak,Medium
,gold ear muff headphones,384.14,71,38,10.108947368421052,2009-12-04 09:43:00,2010-12-08 14:38:00,369,Medium,1,Active,0,Active,Weak,Medium
84663A,grass hopper wooden wall clock,384.09000000000003,103,32,12.002812500000001,2009-12-07 14:58:00,2010-12-03 11:36:00,360,Medium,6,Active,0,Active,Weak,Medium
79030D,"tumbler, baroque",384.03000000000003,435,16,24.001875000000002,2009-12-08 12:05:00,2010-12-06 10:36:00,362,Medium,3,Active,0,Active,Weak,Medium
,teacup and saucer regency pink,384.0,144,9,42.666666666666664,2010-08-12 15:06:00,2010-10-27 12:50:00,75,Short,43,At Risk,0,Active,At Risk,Medium
90161D,ant copper pink boudicca bracelet,383.9,77,43,8.927906976744186,2009-12-06 11:58:00,2010-12-09 14:09:00,368,Medium,0,Active,0,Active,Weak,Medium
,"cake tin, 3 tier red/ivory",383.4,28,8,47.925,2010-10-14 14:11:00,2010-11-25 09:46:00,41,Short,14,Active,0,Active,Weak,Medium
84802B,purple anemone artificial flower,383.03000000000003,407,16,23.939375000000002,2009-12-02 12:06:00,2010-10-22 13:27:00,324,Medium,48,At Risk,0,Active,At Risk,Medium
,scandinavian 3 hearts napkin ring,382.64,352,40,9.565999999999999,2009-12-03 12:28:00,2010-12-06 16:57:00,368,Medium,3,Active,0,Active,Weak,Medium
,pink gingham cat with scarf,382.24,138,45,8.494222222222222,2009-12-03 14:39:00,2010-11-29 16:45:00,361,Medium,10,Active,0,Active,Weak,Medium
46776E,woven candy cushion cover,382.09,140,41,9.319268292682926,2010-01-04 13:03:00,2010-12-07 15:28:00,337,Medium,2,Active,0,Active,Weak,Medium
85159B,"white tea,coffee,sugar jars",382.0,38,30,12.733333333333333,2009-12-02 14:36:00,2010-11-29 10:37:00,361,Medium,10,Active,0,Active,Weak,Medium
,zinc heart lattice 2 wall planter,381.62,57,13,29.355384615384615,2009-12-02 14:36:00,2010-10-25 13:40:00,326,Medium,45,At Risk,0,Active,At Risk,Medium
16207B,pink heart red handbag,381.51,236,28,13.625357142857142,2009-12-11 13:49:00,2010-11-12 11:21:00,335,Medium,27,Active,0,Active,Weak,Medium
90035B,"pearl & shell 42""neckl. pink",380.89,43,4,95.2225,2009-12-02 13:00:00,2010-06-24 18:06:00,204,Medium,168,Inactive,1,Churned,Churned,Medium
,set of 4 napkin charms instrument,380.73,152,32,11.8978125,2010-07-21 14:38:00,2010-12-08 14:25:00,139,Medium,1,Active,0,Active,Weak,Medium
72750B,"f.fairy s/3 candle/glass,lavender",380.35,193,9,42.26111111111111,2009-12-14 15:51:00,2010-02-17 09:53:00,64,Short,295,Inactive,1,Churned,Churned,Medium
,christmas card stack of presents,379.04,1190,57,6.649824561403509,2009-12-01 17:08:00,2010-12-08 12:24:00,371,Medium,1,Active,0,Active,Weak,Medium
,decoration  pink chick magic garden,378.07,421,65,5.816461538461539,2009-12-02 14:43:00,2010-12-03 11:36:00,365,Medium,6,Active,0,Active,Weak,Medium
,wrap monster fun,378.0,900,34,11.117647058823529,2010-05-27 15:28:00,2010-11-29 15:23:00,185,Medium,10,Active,0,Active,Weak,Medium
,"pink/white ""keep clean"" bullet bin",377.99,102,38,9.947105263157894,2009-12-04 09:43:00,2010-12-08 15:56:00,369,Medium,1,Active,0,Active,Weak,Medium
84533B,fairy cakes round nesting boxes,377.93,59,24,15.747083333333334,2009-12-01 16:34:00,2010-03-12 11:19:00,100,Short,272,Inactive,1,Churned,Churned,Medium
,pink flower fabric pony,377.9,91,42,8.997619047619047,2009-12-01 18:13:00,2010-12-05 15:21:00,368,Medium,4,Active,0,Active,Weak,Medium
,card psychedelic apples,377.44,868,78,4.838974358974359,2010-09-16 09:54:00,2010-12-08 14:25:00,83,Short,1,Active,0,Active,Weak,Medium
,ass des phone sponge craft sticker,377.0,580,18,20.944444444444443,2009-12-08 13:56:00,2010-12-05 13:05:00,361,Medium,4,Active,0,Active,Weak,Medium
,12 pencils small tube posy,376.34,549,76,4.951842105263157,2009-12-02 11:34:00,2010-10-04 14:30:00,306,Medium,66,Inactive,1,Churned,Churned,Medium
85033G,set/6 gold reindeer t-light candles,376.05,236,32,11.7515625,2009-12-01 14:28:00,2010-09-21 12:37:00,293,Medium,79,Inactive,1,Churned,Churned,Medium
,zinc heart lattice tray oval,376.02,326,21,17.905714285714286,2009-12-08 15:00:00,2010-11-21 15:56:00,348,Medium,18,Active,0,Active,Weak,Medium
,birdcage decoration tealight holder,375.44,304,44,8.532727272727273,2010-01-11 08:53:00,2010-12-05 14:52:00,328,Medium,4,Active,0,Active,Weak,Medium
,blue birdhouse decoration,375.28999999999996,520,73,5.1409589041095884,2009-12-13 12:04:00,2010-12-07 15:28:00,359,Medium,2,Active,0,Active,Weak,Medium
,dog bowl vintage cream,374.75,91,30,12.491666666666667,2010-10-15 12:28:00,2010-11-24 15:09:00,40,Short,15,Active,0,Active,Weak,Medium
,skulls square tissue box,374.73,261,78,4.804230769230769,2009-12-02 14:43:00,2010-12-07 15:32:00,370,Medium,2,Active,0,Active,Weak,Medium
79071B,english rose metal waste bin,374.70000000000005,122,55,6.812727272727273,2010-02-01 13:25:00,2010-11-28 14:40:00,300,Medium,11,Active,0,Active,Weak,Medium
84798A,pink foxglove artiifcial flower,373.8,172,6,62.300000000000004,2010-01-05 14:12:00,2010-10-10 11:58:00,277,Medium,60,At Risk,0,Active,At Risk,Medium
,birthday party cordon barrier tape,372.69,315,28,13.310357142857143,2010-11-04 16:16:00,2010-12-09 15:20:00,34,Short,0,Active,0,Active,Weak,Medium
,classical rose urn,372.3,94,17,21.900000000000002,2009-12-03 17:46:00,2010-09-05 11:42:00,275,Medium,95,Inactive,1,Churned,Churned,Medium
90184B,amethyst chunky bead bracelet w str,372.28999999999996,41,27,13.788518518518517,2009-12-01 14:28:00,2010-12-08 13:14:00,371,Medium,1,Active,0,Active,Weak,Medium
84859C,pink disco handbag,372.2,220,17,21.894117647058824,2009-12-11 11:10:00,2010-11-19 11:12:00,343,Medium,20,Active,0,Active,Weak,Medium
90161B,ant copper turq boudicca bracelet,371.55,74,41,9.06219512195122,2009-12-02 14:43:00,2010-12-06 16:57:00,369,Medium,3,Active,0,Active,Weak,Medium
,doorstop russian doll retrospot,371.1,102,36,10.308333333333334,2010-03-12 11:19:00,2010-08-02 11:44:00,143,Medium,129,Inactive,1,Churned,Churned,Medium
,set/4 bird mirror magnets,370.94,248,46,8.06391304347826,2009-12-03 14:39:00,2010-12-09 14:10:00,370,Medium,0,Active,0,Active,Weak,Medium
,economy holiday purse,370.92,881,29,12.790344827586207,2009-12-08 15:12:00,2010-11-29 12:36:00,355,Medium,10,Active,0,Active,Weak,Medium
,seaside frisbee,370.54,308,26,14.251538461538463,2010-03-25 14:22:00,2010-06-23 16:03:00,90,Short,169,Inactive,1,Churned,Churned,Medium
90120A,pink murano twist bracelet,370.19,87,39,9.492051282051282,2009-12-07 17:56:00,2010-12-08 14:25:00,365,Medium,1,Active,0,Active,Weak,Medium
,yellow easter egg hunt start post,370.17,187,25,14.8068,2010-01-28 10:08:00,2010-04-06 15:37:00,68,Short,247,Inactive,1,Churned,Churned,Medium
,silver bracelet w pastel flower,370.02,49,24,15.417499999999999,2009-12-14 18:03:00,2010-12-06 09:58:00,356,Medium,3,Active,0,Active,Weak,Medium
,asstd fruit+flowers fridge magnets,369.96,684,28,13.212857142857143,2009-12-01 13:19:00,2010-11-28 14:49:00,362,Medium,11,Active,0,Active,Weak,Medium
,round pink heart mirror,369.88,166,39,9.484102564102564,2009-12-04 09:43:00,2010-12-08 12:17:00,369,Medium,1,Active,0,Active,Weak,Medium
84952B,black love bird t-light holder,369.59999999999997,241,19,19.452631578947365,2009-12-01 12:13:00,2010-12-05 12:42:00,369,Medium,4,Active,0,Active,Weak,Medium
BANK CHARGES,bank charges,369.24,23,23,16.05391304347826,2009-12-08 14:29:00,2010-12-02 15:08:00,359,Medium,7,Active,0,Active,Weak,Medium
84859B,blue disco handbag,368.65,251,7,52.66428571428571,2010-02-03 13:52:00,2010-09-29 12:54:00,237,Medium,71,Inactive,1,Churned,Churned,Medium
,sprig lavender artificial flower,368.3,454,21,17.538095238095238,2010-01-21 14:01:00,2010-11-29 13:53:00,311,Medium,10,Active,0,Active,Weak,Medium
,blue rose patch purse pink butterfl,367.95,223,66,5.575,2009-12-06 12:26:00,2010-12-07 10:06:00,365,Medium,2,Active,0,Active,Weak,Medium
85019A,romantic images notebook set,367.69,237,17,21.628823529411765,2010-01-05 15:55:00,2010-12-01 14:03:00,329,Medium,8,Active,0,Active,Weak,Medium
47503G,ass floral print tape measure,367.36,284,35,10.496,2009-12-02 13:39:00,2010-03-12 11:19:00,99,Short,272,Inactive,1,Churned,Churned,Medium
47504G,english rose tape measure,366.81,266,57,6.435263157894737,2009-12-01 14:40:00,2010-05-11 11:29:00,160,Medium,212,Inactive,1,Churned,Churned,Medium
84569A,pack 3 iron on dog patches,366.6,282,50,7.332000000000001,2009-12-02 14:43:00,2010-12-07 15:28:00,370,Medium,2,Active,0,Active,Weak,Medium
35915A,cream knitted hen,365.76,288,1,365.76,2009-12-18 10:59:00,2009-12-18 10:59:00,0,Short,356,Inactive,1,Churned,Churned,Medium
,sweetheart wire wall tidy,365.39,33,16,22.836875,2010-11-09 15:45:00,2010-12-09 14:08:00,29,Short,0,Active,0,Active,Weak,Medium
,queen of the skies passport cover,364.25,150,62,5.875,2009-12-01 14:28:00,2010-12-08 12:46:00,371,Medium,1,Active,0,Active,Weak,Medium
16169M,wrap daisy carpet,363.75,1400,34,10.698529411764707,2009-12-03 10:37:00,2010-10-10 10:48:00,311,Medium,60,At Risk,0,Active,At Risk,Medium
,blue polkadot washing up gloves,363.49,154,66,5.507424242424243,2010-09-24 16:06:00,2010-12-09 14:09:00,75,Short,0,Active,0,Active,Weak,Medium
,mini painted garden decoration,363.04999999999995,384,43,8.443023255813953,2009-12-02 14:36:00,2010-12-01 17:06:00,364,Medium,8,Active,0,Active,Weak,Medium
,bird decoration red retrospot,362.74,424,41,8.847317073170732,2010-09-29 13:54:00,2010-12-09 14:49:00,71,Short,0,Active,0,Active,Weak,Medium
,vintage notebook beauty girl,362.34000000000003,99,46,7.876956521739131,2009-12-02 13:00:00,2010-12-08 13:23:00,371,Medium,1,Active,0,Active,Weak,Medium
,pink paisley square tissue box,362.28999999999996,305,67,5.407313432835821,2009-12-02 11:53:00,2010-12-06 16:57:00,369,Medium,3,Active,0,Active,Weak,Medium
85230E,strawbry scented votive candle,360.96,1344,42,8.594285714285714,2009-12-08 13:08:00,2010-11-24 16:53:00,351,Medium,15,Active,0,Active,Weak,Medium
,red and white spot tape,360.93,483,71,5.083521126760563,2009-12-02 12:32:00,2010-10-12 13:35:00,314,Medium,58,At Risk,0,Active,At Risk,Medium
,mirrored wall art skulls,360.88,170,26,13.879999999999999,2009-12-18 17:15:00,2010-12-01 16:21:00,347,Medium,8,Active,0,Active,Weak,Medium
,blond doll doorstop,360.33000000000004,219,12,30.027500000000003,2009-12-10 14:44:00,2010-11-15 12:43:00,339,Medium,24,Active,0,Active,Weak,Medium
,mirror mosaic t-light holder,359.84999999999997,220,28,12.851785714285713,2009-12-01 12:22:00,2010-11-23 13:21:00,357,Medium,16,Active,0,Active,Weak,Medium
,blue patch purse pink heart,359.76,217,72,4.996666666666666,2009-12-03 17:57:00,2010-12-09 14:09:00,370,Medium,0,Active,0,Active,Weak,Medium
84402D,pink dress jewellery stand,358.93,373,13,27.61,2009-12-01 11:51:00,2010-03-19 13:51:00,108,Medium,265,Inactive,1,Churned,Churned,Medium
,plasters in tin mr strong,357.0,228,11,32.45454545454545,2010-04-09 12:08:00,2010-07-08 14:06:00,90,Short,154,Inactive,1,Churned,Churned,Medium
,light pink flock glass candleholder,356.09999999999997,804,18,19.78333333333333,2009-12-02 12:32:00,2010-10-04 16:44:00,306,Medium,66,Inactive,1,Churned,Churned,Medium
,cat bowl vintage cream,356.06,110,26,13.694615384615386,2010-10-15 15:38:00,2010-12-05 10:45:00,50,Short,4,Active,0,Active,Weak,Medium
,assorted shapes photo clip silver,355.66999999999996,751,17,20.92176470588235,2010-01-19 13:09:00,2010-11-22 17:33:00,307,Medium,17,Active,0,Active,Weak,Medium
,pink milkshake glass,355.33,200,26,13.666538461538462,2009-12-01 14:28:00,2010-06-21 13:18:00,201,Medium,171,Inactive,1,Churned,Churned,Medium
,roses white round candle,355.05,827,14,25.360714285714288,2009-12-01 13:47:00,2009-12-14 18:37:00,13,Short,360,Inactive,1,Churned,Churned,Medium
85131D,beaded crystal heart pink on stick,354.85,595,59,6.014406779661018,2010-08-06 12:13:00,2010-12-09 14:09:00,125,Medium,0,Active,0,Active,Weak,Medium
,set/6  angel t-lights white/gold,353.39,687,83,4.257710843373494,2009-12-02 14:43:00,2010-11-28 14:57:00,361,Medium,11,Active,0,Active,Weak,Medium
,white goose feather tree 60cm,352.11,109,21,16.767142857142858,2009-12-08 17:44:00,2010-12-09 14:09:00,365,Medium,0,Active,0,Active,Weak,Medium
16168M,funky monkey gift bag medium,351.89,1342,63,5.585555555555556,2009-12-09 14:31:00,2010-12-08 15:38:00,364,Medium,1,Active,0,Active,Weak,Medium
46126A,elvis wallhanging / curtain,350.15,265,40,8.75375,2009-12-03 20:03:00,2010-11-28 14:57:00,359,Medium,11,Active,0,Active,Weak,Medium
,gift bag psychedelic apples,350.13000000000005,528,51,6.86529411764706,2010-09-15 16:28:00,2010-12-09 13:11:00,84,Short,0,Active,0,Active,Weak,Medium
,buttons and stripes notebook,349.63,87,32,10.9259375,2009-12-02 13:26:00,2010-12-08 12:36:00,370,Medium,1,Active,0,Active,Weak,Medium
84858C,pink riviera handbag,349.39,161,24,14.557916666666666,2009-12-18 17:24:00,2010-11-19 13:16:00,335,Medium,20,Active,0,Active,Weak,Medium
72750A,"f.fairy s/3 candle/glass,lily/vally",349.15000000000003,177,8,43.643750000000004,2009-12-02 16:18:00,2010-02-17 09:53:00,76,Short,295,Inactive,1,Churned,Churned,Medium
,space boy birthday card,349.12,823,67,5.210746268656717,2009-12-01 09:46:00,2010-07-08 14:06:00,219,Medium,154,Inactive,1,Churned,Churned,Medium
51020A,summer fun design shower cap,348.22999999999996,979,33,10.552424242424241,2009-12-16 17:34:00,2010-12-05 15:12:00,353,Medium,4,Active,0,Active,Weak,Medium
71101E,standing fairy pole support,347.63,431,25,13.9052,2009-12-13 13:39:00,2010-11-11 15:47:00,333,Medium,28,Active,0,Active,Weak,Medium
84249D,fairy cake greetings card,347.3,823,64,5.4265625,2009-12-02 12:26:00,2010-08-23 14:38:00,264,Medium,108,Inactive,1,Churned,Churned,Medium
85205B,pink felt easter rabbit garland,346.23,119,32,10.8196875,2010-01-11 09:37:00,2010-11-08 09:20:00,300,Medium,31,At Risk,0,Active,At Risk,Medium
35810B,enamel blue rim coffee container,345.71999999999997,174,43,8.04,2009-12-02 13:57:00,2010-12-05 10:36:00,367,Medium,4,Active,0,Active,Weak,Medium
,blue giant garden thermometer,345.04,56,18,19.16888888888889,2010-11-22 12:26:00,2010-12-09 14:28:00,17,Short,0,Active,0,Active,Weak,Medium
,folding umbrella blackblue polkadot,344.28000000000003,70,29,11.871724137931036,2010-09-23 13:54:00,2010-11-29 16:13:00,67,Short,10,Active,0,Active,Weak,Medium
,antique cream cutlery cupboard,344.24,26,15,22.949333333333335,2009-12-08 14:56:00,2010-11-14 13:19:00,340,Medium,25,Active,0,Active,Weak,Medium
,starfish soap dish,344.09,120,41,8.392439024390244,2009-12-06 10:51:00,2010-11-29 16:45:00,358,Medium,10,Active,0,Active,Weak,Medium
17129F,blue glass gems in bag,342.93,327,27,12.70111111111111,2010-07-14 17:13:00,2010-12-07 18:36:00,146,Medium,2,Active,0,Active,Weak,Medium
,green polkadot plate,342.89,194,33,10.39060606060606,2010-09-23 11:58:00,2010-12-05 12:13:00,73,Short,4,Active,0,Active,Weak,Medium
,set/6 garden gnome t-light candles,342.75,118,22,15.579545454545455,2009-12-01 13:31:00,2009-12-13 11:28:00,11,Short,361,Inactive,1,Churned,Churned,Medium
79190A,retro plastic 70's tray,342.2,535,81,4.224691358024692,2009-12-02 12:32:00,2010-12-09 14:09:00,372,Medium,0,Active,0,Active,Weak,Medium
,bank account  greeting  card,341.88,801,72,4.748333333333333,2009-12-02 12:39:00,2010-12-02 10:39:00,364,Medium,7,Active,0,Active,Weak,Medium
,set/3 christmas briar candles,341.53,90,23,14.849130434782607,2009-12-01 15:36:00,2010-07-29 19:56:00,240,Medium,133,Inactive,1,Churned,Churned,Medium
,pink cat bowl,340.58,154,43,7.920465116279069,2010-06-23 14:49:00,2010-12-08 17:20:00,168,Medium,1,Active,0,Active,Weak,Medium
84859A,silver disco handbag,340.54,164,23,14.80608695652174,2009-12-11 11:10:00,2010-10-25 11:10:00,318,Medium,45,At Risk,0,Active,At Risk,Medium
35095A,blue victorian fabric oval box,340.35,888,69,4.932608695652174,2009-12-01 16:34:00,2010-12-08 14:25:00,371,Medium,1,Active,0,Active,Weak,Medium
75149N,string crystals natural,340.0,272,25,13.6,2009-12-04 14:33:00,2010-05-04 13:49:00,150,Medium,219,Inactive,1,Churned,Churned,Medium
18096C,white round porcelain tlight holder,339.84,125,26,13.07076923076923,2009-12-01 13:29:00,2010-02-24 09:24:00,84,Short,288,Inactive,1,Churned,Churned,Medium
79303B,blue star block table lamp,339.57,109,10,33.957,2009-12-02 14:43:00,2010-08-09 18:29:00,250,Medium,122,Inactive,1,Churned,Churned,Medium
90002D,flower burst silver ring crystal,339.53,97,28,12.126071428571427,2009-12-02 13:57:00,2010-12-06 16:57:00,369,Medium,3,Active,0,Active,Weak,Medium
84925A,wake up cockerel wall thermometer,339.29,179,17,19.95823529411765,2009-12-02 11:33:00,2010-03-28 14:53:00,116,Medium,256,Inactive,1,Churned,Churned,Medium
84596J,mixed nuts light green bowl,336.58,247,75,4.487733333333333,2009-12-09 09:42:00,2010-12-07 15:54:00,363,Medium,2,Active,0,Active,Weak,Medium
,wall mirror rectangle diamante pink,336.35999999999996,27,17,19.785882352941172,2010-11-04 14:49:00,2010-12-09 16:27:00,35,Short,0,Active,0,Active,Weak,Medium
90175D,tigris eye chunky charm bracelet,335.68,37,22,15.258181818181818,2009-12-02 13:57:00,2010-12-07 16:20:00,370,Medium,2,Active,0,Active,Weak,Medium
,silver book mark with beads,335.65999999999997,178,66,5.085757575757575,2009-12-01 14:28:00,2010-12-08 14:25:00,371,Medium,1,Active,0,Active,Weak,Medium
,red retrospot tissue box,335.43,423,39,8.600769230769231,2010-10-05 11:24:00,2010-12-08 16:49:00,64,Short,1,Active,0,Active,Weak,Medium
,danish rose deluxe coaster,335.34999999999997,383,34,9.863235294117645,2009-12-22 09:41:00,2010-11-28 15:31:00,341,Medium,11,Active,0,Active,Weak,Medium
,vip holiday purse,334.81,680,37,9.048918918918918,2009-12-08 16:43:00,2010-11-30 12:28:00,356,Medium,9,Active,0,Active,Weak,Medium
17084N,fairy dreams incense,334.35,1534,90,3.7150000000000003,2009-12-02 16:02:00,2010-12-09 14:50:00,371,Medium,0,Active,0,Active,Weak,Medium
17109A,flower fairy incense lily,333.61,709,13,25.662307692307692,2009-12-02 11:45:00,2010-03-26 14:29:00,114,Medium,258,Inactive,1,Churned,Churned,Medium
,candy heart hanging decoration,333.25,227,50,6.665,2009-12-08 12:33:00,2010-11-30 12:25:00,356,Medium,9,Active,0,Active,Weak,Medium
84563A,pink & white breakfast tray,333.16,46,29,11.488275862068967,2009-12-07 17:56:00,2010-12-05 13:55:00,362,Medium,4,Active,0,Active,Weak,Medium
,beauty speed expresso cups,332.9,464,11,30.263636363636362,2009-12-04 12:59:00,2010-03-17 13:09:00,103,Medium,267,Inactive,1,Churned,Churned,Medium
47583B,set of 3 wicker basket tea and cake,332.6,27,6,55.43333333333334,2009-12-16 10:45:00,2010-02-17 16:40:00,63,Short,295,Inactive,1,Churned,Churned,Medium
,french paisley cushion cover,332.23,121,21,15.82047619047619,2009-12-07 18:02:00,2010-12-07 15:28:00,364,Medium,2,Active,0,Active,Weak,Medium
,teatime round pencil sharpener,331.76,2001,38,8.730526315789474,2009-12-07 18:02:00,2010-11-24 13:56:00,351,Medium,15,Active,0,Active,Weak,Medium
,denim patch purse pink butterfly,331.65,201,63,5.264285714285714,2009-12-06 12:26:00,2010-12-05 11:40:00,363,Medium,4,Active,0,Active,Weak,Medium
84800L,large white/pink rose art flower,331.43,290,16,20.714375,2010-01-19 13:09:00,2010-11-29 13:53:00,314,Medium,10,Active,0,Active,Weak,Medium
84801A,pink hydrangea art flower,330.84,226,10,33.083999999999996,2010-01-05 14:12:00,2010-10-22 13:27:00,289,Medium,48,At Risk,0,Active,At Risk,Medium
84030c,knitted rainbow hot water bottle,330.78,53,19,17.409473684210525,2009-12-01 14:28:00,2010-03-05 14:37:00,94,Short,279,Inactive,1,Churned,Churned,Medium
,classic french style basket brown,330.75,49,28,11.8125,2010-01-20 11:57:00,2010-11-30 11:50:00,313,Medium,9,Active,0,Active,Weak,Medium
,assorted easter decorations  bells,330.28,308,5,66.056,2010-10-17 11:58:00,2010-11-24 13:34:00,38,Short,15,Active,0,Active,Weak,Medium
84508B,stripes design teddy,328.81,120,48,6.850208333333334,2009-12-04 16:52:00,2010-12-06 12:06:00,366,Medium,3,Active,0,Active,Weak,Medium
72739B,white chocolate scent candle,328.39,394,28,11.728214285714285,2009-12-01 11:41:00,2010-01-26 12:46:00,56,Short,317,Inactive,1,Churned,Churned,Medium
,card suki birthday,327.68,768,69,4.748985507246377,2010-09-16 09:54:00,2010-12-09 14:09:00,84,Short,0,Active,0,Active,Weak,Medium
,green goose feather tree 60cm,326.85,135,17,19.226470588235294,2010-09-13 09:56:00,2010-12-09 14:09:00,87,Short,0,Active,0,Active,Weak,Medium
,"birthday card, retro spot",326.79,771,63,5.187142857142858,2010-09-20 10:20:00,2010-12-08 14:25:00,79,Short,1,Active,0,Active,Weak,Medium
,pink knitted cow stuffed toy,326.33,84,53,6.157169811320754,2009-12-01 14:28:00,2010-07-04 13:31:00,214,Medium,158,Inactive,1,Churned,Churned,Medium
,queen of skies luggage tag,326.21,223,95,3.4337894736842105,2009-12-01 12:13:00,2010-12-08 13:23:00,372,Medium,1,Active,0,Active,Weak,Medium
84706A,english rose table clock,325.88,137,7,46.55428571428571,2009-12-17 09:09:00,2010-02-28 11:36:00,73,Short,284,Inactive,1,Churned,Churned,Medium
,louvre chalkboard,325.6,49,5,65.12,2009-12-08 15:12:00,2010-02-17 16:55:00,71,Short,295,Inactive,1,Churned,Churned,Medium
,space boy gift wrap,325.5,775,27,12.055555555555555,2009-12-04 08:40:00,2010-07-08 14:06:00,216,Medium,154,Inactive,1,Churned,Churned,Medium
,christmas card screen print,325.38,990,65,5.005846153846154,2009-12-06 13:07:00,2010-12-09 14:09:00,368,Medium,0,Active,0,Active,Weak,Medium
,ridged glass finger bowl,324.22999999999996,215,24,13.509583333333332,2009-12-03 19:13:00,2010-12-01 13:21:00,362,Medium,8,Active,0,Active,Weak,Medium
,set of 4 napkin charms 3 keys,323.65,122,32,10.1140625,2010-06-24 12:49:00,2010-12-05 13:55:00,164,Medium,4,Active,0,Active,Weak,Medium
84875B,green square compact mirror,322.5,246,21,15.357142857142858,2010-04-18 12:07:00,2010-12-09 11:30:00,234,Medium,0,Active,0,Active,Weak,Medium
,painted pink rabbit,322.44,365,58,5.559310344827586,2010-01-11 09:37:00,2010-11-22 12:59:00,315,Medium,17,Active,0,Active,Weak,Medium
,gold fishing gnome,321.65000000000003,61,23,13.984782608695653,2009-12-17 10:20:00,2010-12-09 14:50:00,357,Medium,0,Active,0,Active,Weak,Medium
,ant white sweetheart table w 3 draw,320.0,3,3,106.66666666666667,2010-05-16 15:33:00,2010-07-26 12:34:00,70,Short,136,Inactive,1,Churned,Churned,Medium
,danish rose folding chair,319.6,8,4,79.9,2010-04-26 14:12:00,2010-11-10 14:27:00,198,Medium,29,Active,0,Active,Weak,Medium
,paisley pattern  stickers,318.75,455,51,6.25,2009-12-02 14:43:00,2010-12-06 09:58:00,368,Medium,3,Active,0,Active,Weak,Medium
,paperweight kings choice,318.67,179,33,9.656666666666666,2010-04-06 11:21:00,2010-12-01 14:32:00,239,Medium,8,Active,0,Active,Weak,Medium
85033S,set/6 silver reindeer t-lights,317.34999999999997,258,49,6.476530612244897,2009-12-01 12:13:00,2010-11-08 14:48:00,342,Medium,31,At Risk,0,Active,At Risk,Medium
84933C,large blue oriental folding stool,317.0,136,6,52.833333333333336,2009-12-04 10:00:00,2010-01-22 13:41:00,49,Short,321,Inactive,1,Churned,Churned,Medium
17091B,jasmine tea incense in tin,316.98,276,51,6.215294117647059,2009-12-06 14:10:00,2010-09-09 19:23:00,277,Medium,91,Inactive,1,Churned,Churned,Medium
84984A,green peony cushion cover,315.4,236,6,52.56666666666666,2010-03-18 10:51:00,2010-08-18 17:30:00,153,Medium,113,Inactive,1,Churned,Churned,Medium
84760S,small hanging glass+zinc lantern,315.26,191,29,10.87103448275862,2009-12-09 09:42:00,2010-12-01 15:37:00,357,Medium,8,Active,0,Active,Weak,Medium
85071D,charlie+lola my room door sign,314.67,487,29,10.850689655172415,2009-12-01 13:29:00,2010-12-02 09:43:00,365,Medium,7,Active,0,Active,Weak,Medium
84933A,large green peony folding stool,314.34999999999997,131,6,52.39166666666666,2009-12-01 12:30:00,2010-02-01 17:16:00,62,Short,311,Inactive,1,Churned,Churned,Medium
,mirror cornice,313.84,20,11,28.530909090909088,2010-10-12 13:39:00,2010-12-07 15:39:00,56,Short,2,Active,0,Active,Weak,Medium
84809B,pink chrysanthemums art flower,313.8,278,7,44.82857142857143,2010-01-27 12:19:00,2010-10-24 13:24:00,270,Medium,46,At Risk,0,Active,At Risk,Medium
84804B,blue delphinium artificial flower,313.6000000000001,256,13,24.12307692307693,2010-01-05 13:58:00,2010-09-09 17:46:00,247,Medium,91,Inactive,1,Churned,Churned,Medium
,blue  tile hook,313.28999999999996,114,22,14.240454545454543,2010-01-07 19:34:00,2010-12-07 18:36:00,333,Medium,2,Active,0,Active,Weak,Medium
,boom box speaker girls,312.6,48,30,10.42,2009-12-02 14:43:00,2010-12-07 15:28:00,370,Medium,2,Active,0,Active,Weak,Medium
,ant white high rise bird box,312.5,50,4,78.125,2009-12-18 11:32:00,2010-01-12 15:57:00,25,Short,331,Inactive,1,Churned,Churned,Medium
,set 3 wicker storage baskets,312.35,13,10,31.235000000000003,2010-10-27 15:04:00,2010-11-29 13:00:00,32,Short,10,Active,0,Active,Weak,Medium
,first class luggage tag,311.82,246,71,4.391830985915493,2009-12-01 14:28:00,2010-11-22 11:25:00,355,Medium,17,Active,0,Active,Weak,Medium
84984C,oriental blue cushion cover,311.57,219,8,38.94625,2010-03-01 10:07:00,2010-11-14 15:22:00,258,Medium,25,Active,0,Active,Weak,Medium
90010E,amber glass/silver bracelet,311.12,35,20,15.556000000000001,2009-12-01 17:08:00,2010-12-06 10:08:00,369,Medium,3,Active,0,Active,Weak,Medium
,six string scandinavian heart decs,311.03000000000003,94,27,11.51962962962963,2009-12-01 13:07:00,2010-04-09 14:58:00,129,Medium,244,Inactive,1,Churned,Churned,Medium
62095B,turqoise ice cream sunhat,310.83,292,21,14.80142857142857,2010-02-01 09:52:00,2010-11-28 14:57:00,300,Medium,11,Active,0,Active,Weak,Medium
,pink gingham rose floor cushion,310.44,56,14,22.174285714285713,2009-12-02 12:06:00,2010-03-03 09:10:00,90,Short,281,Inactive,1,Churned,Churned,Medium
84802A,white anemone artificial flower,309.27000000000004,183,23,13.446521739130436,2009-12-11 11:26:00,2010-11-29 13:53:00,353,Medium,10,Active,0,Active,Weak,Medium
84933B,large pink peony folding stool,309.15,136,6,51.525,2009-12-01 12:30:00,2010-01-22 13:52:00,52,Short,321,Inactive,1,Churned,Churned,Medium
,vintage dog food container,308.64,36,6,51.44,2010-10-18 08:11:00,2010-11-02 11:33:00,15,Short,37,At Risk,0,Active,At Risk,Medium
,flower windmill,308.38,242,33,9.344848484848484,2009-12-01 14:28:00,2010-08-31 15:36:00,273,Medium,100,Inactive,1,Churned,Churned,Medium
,queen of the skies holiday purse,308.17,1051,26,11.852692307692308,2009-12-10 15:45:00,2010-12-08 14:25:00,362,Medium,1,Active,0,Active,Weak,Medium
17013D,origami rose incense in tube,307.94,534,19,16.20736842105263,2009-12-09 09:42:00,2010-12-08 14:25:00,364,Medium,1,Active,0,Active,Weak,Medium
90184A,amber chunky bead bracelet w strap,307.84,34,17,18.108235294117645,2009-12-06 10:41:00,2010-12-08 13:14:00,367,Medium,1,Active,0,Active,Weak,Medium
90160C,turq+red boudicca large bracelet,307.18,44,20,15.359,2009-12-22 14:31:00,2010-12-06 16:57:00,349,Medium,3,Active,0,Active,Weak,Medium
,measuring tape russian doll blue,306.81,103,28,10.9575,2010-03-21 14:16:00,2010-08-20 12:20:00,151,Medium,111,Inactive,1,Churned,Churned,Medium
84671B,crochet bear with blue stripes,306.77,109,32,9.5865625,2009-12-01 12:13:00,2010-01-11 09:34:00,40,Short,332,Inactive,1,Churned,Churned,Medium
85026B,eau de nile jewelled t-light holder,305.78,231,19,16.093684210526316,2009-12-01 14:28:00,2010-12-07 16:20:00,371,Medium,2,Active,0,Active,Weak,Medium
,blue paisley tissue box,304.01,289,53,5.736037735849057,2009-12-18 14:08:00,2010-12-08 16:49:00,355,Medium,1,Active,0,Active,Weak,Medium
gift_0001_20,dotcomgiftshop gift voucher £20.00,304.01,18,17,17.882941176470588,2009-12-14 18:37:00,2010-11-26 11:20:00,346,Medium,13,Active,0,Active,Weak,Medium
,large glass sundae dish clear,303.96,1005,5,60.791999999999994,2010-01-11 09:37:00,2010-03-30 14:29:00,78,Short,254,Inactive,1,Churned,Churned,Medium
,set of 4 rose botanical candles,303.87,80,20,15.1935,2010-08-11 14:39:00,2010-12-01 16:57:00,112,Medium,8,Active,0,Active,Weak,Medium
,box/12 mother & chick in basket/bow,303.86,137,28,10.852142857142857,2010-01-31 11:01:00,2010-03-28 10:13:00,55,Short,256,Inactive,1,Churned,Churned,Medium
,mini jigsaw leap frog,302.82,743,32,9.463125,2010-03-28 11:20:00,2010-12-08 14:25:00,255,Medium,1,Active,0,Active,Weak,Medium
72753D,s/3 flwr fairy summer candles,302.4,144,9,33.599999999999994,2009-12-06 15:41:00,2010-01-17 11:55:00,41,Short,326,Inactive,1,Churned,Churned,Medium
,jardin etched glass candlehldr long,301.95,61,16,18.871875,2009-12-01 13:29:00,2010-05-02 11:48:00,151,Medium,221,Inactive,1,Churned,Churned,Medium
,glass chalice blue  large,301.8,122,18,16.766666666666666,2009-12-01 12:32:00,2010-04-09 12:33:00,129,Medium,244,Inactive,1,Churned,Churned,Medium
72225C,lavender scent cake candle,300.78,1302,21,14.322857142857142,2009-12-17 19:33:00,2010-11-24 15:03:00,341,Medium,15,Active,0,Active,Weak,Medium
47563A,retro longboard ironing board cover,300.68,61,49,6.136326530612245,2009-12-02 15:41:00,2010-12-06 09:58:00,368,Medium,3,Active,0,Active,Weak,Medium
85130C,beaded crystal heart blue  large,300.66999999999996,177,22,13.66681818181818,2010-01-05 13:23:00,2010-11-18 17:10:00,317,Medium,21,Active,0,Active,Weak,Medium
,enamel dog bowl cream,300.48,76,3,100.16000000000001,2010-10-15 11:47:00,2010-10-25 16:43:00,10,Short,45,At Risk,0,Active,At Risk,Medium
,multicolour  confetti in tube,300.3,182,20,15.015,2010-03-03 13:57:00,2010-12-08 12:24:00,279,Medium,1,Active,0,Active,Weak,Medium
85019B,blossom  images notebook set,299.5,206,11,27.227272727272727,2010-03-18 20:02:00,2010-11-24 13:36:00,250,Medium,15,Active,0,Active,Weak,Medium
84801B,white hydrangea art flower,298.8,192,15,19.92,2009-12-17 17:46:00,2010-11-17 13:05:00,334,Medium,22,Active,0,Active,Weak,Medium
,silver fabric mirror,298.72,424,25,11.9488,2009-12-06 11:13:00,2010-11-28 14:33:00,357,Medium,11,Active,0,Active,Weak,Medium
72800B,4 purple flock dinner candles,298.11,207,21,14.195714285714287,2010-08-04 15:48:00,2010-12-05 10:52:00,122,Medium,4,Active,0,Active,Weak,Medium
,set/4 spring flower decoration,297.98,98,25,11.9192,2010-05-16 15:52:00,2010-12-09 13:03:00,206,Medium,0,Active,0,Active,Weak,Medium
90198A,vintage rose bead bracelet raspberr,297.94,70,41,7.266829268292683,2009-12-14 17:16:00,2010-12-07 18:36:00,358,Medium,2,Active,0,Active,Weak,Medium
35981C,white snow scandinavian stocking,297.62,589,67,4.442089552238806,2009-12-02 12:43:00,2010-10-17 16:17:00,319,Medium,53,At Risk,0,Active,At Risk,Medium
,candy stripe rose c/cover,297.5,50,19,15.657894736842104,2009-12-03 12:10:00,2010-09-26 13:53:00,297,Medium,74,Inactive,1,Churned,Churned,Medium
,silver rococo candle stick,297.3,54,13,22.86923076923077,2010-01-14 14:10:00,2010-11-29 13:42:00,318,Medium,10,Active,0,Active,Weak,Medium
90013B,black vintage earrings,296.47,72,51,5.813137254901961,2009-12-02 14:43:00,2010-12-09 14:09:00,371,Medium,0,Active,0,Active,Weak,Medium
,acrylic geometric lamp,295.2,16,12,24.599999999999998,2009-12-10 14:07:00,2010-11-29 12:36:00,353,Medium,10,Active,0,Active,Weak,Medium
,crochet rose purse with suede back,295.16,97,25,11.806400000000002,2009-12-06 11:13:00,2010-11-30 13:23:00,359,Medium,9,Active,0,Active,Weak,Medium
,set 5 mini doughnut fridge magnet,295.08000000000004,372,7,42.15428571428572,2009-12-07 10:41:00,2010-02-15 11:57:00,70,Short,297,Inactive,1,Churned,Churned,Medium
,red retrospot shopping bag,293.94,110,27,10.886666666666667,2010-09-30 13:13:00,2010-12-08 14:36:00,69,Short,1,Active,0,Active,Weak,Medium
84877B,green round compact mirror,293.87,147,22,13.357727272727272,2009-12-01 14:28:00,2010-11-30 10:12:00,363,Medium,9,Active,0,Active,Weak,Medium
,silver hoop earrings with flower,293.81,48,28,10.493214285714286,2009-12-01 11:37:00,2010-12-03 16:21:00,367,Medium,6,Active,0,Active,Weak,Medium
85230A,opium scented votive candle,293.76,1152,30,9.792,2009-12-13 11:34:00,2010-11-23 15:07:00,345,Medium,16,Active,0,Active,Weak,Medium
90198B,vintage rose bead bracelet black,293.75,69,33,8.901515151515152,2009-12-07 17:56:00,2010-12-03 14:54:00,360,Medium,6,Active,0,Active,Weak,Medium
,buttons design jewellery box,293.02,75,32,9.156875,2009-12-06 13:08:00,2010-10-03 14:36:00,301,Medium,67,Inactive,1,Churned,Churned,Medium
72801F,s/4 festive red dinner candles,292.5,234,25,11.7,2009-12-01 12:14:00,2010-01-28 12:59:00,58,Short,315,Inactive,1,Churned,Churned,Medium
,s/4 groovy cat magnets,292.23999999999995,157,51,5.730196078431372,2009-12-01 14:14:00,2010-11-17 12:53:00,350,Medium,22,Active,0,Active,Weak,Medium
,white with black cats bowl,292.08,434,73,4.001095890410959,2009-12-01 14:28:00,2010-05-26 12:47:00,175,Medium,197,Inactive,1,Churned,Churned,Medium
,set 72 cake cases vintage christmas,291.6,672,4,72.9,2010-09-20 13:26:00,2010-10-14 12:48:00,23,Short,56,At Risk,0,Active,At Risk,Medium
90120B,blue murano twist bracelet,291.56,69,28,10.412857142857144,2009-12-09 12:57:00,2010-12-03 11:36:00,358,Medium,6,Active,0,Active,Weak,Medium
84529A,pink knitted kids rucksack,290.78,50,19,15.304210526315789,2009-12-16 10:39:00,2010-04-20 16:21:00,125,Medium,233,Inactive,1,Churned,Churned,Medium
,folk art metal heart t-light holder,290.36,622,58,5.006206896551724,2009-12-02 14:43:00,2010-12-08 13:17:00,370,Medium,1,Active,0,Active,Weak,Medium
,ivory hanging decoration  chicken,290.16999999999996,311,29,10.005862068965516,2009-12-02 15:04:00,2010-03-29 16:47:00,117,Medium,255,Inactive,1,Churned,Churned,Medium
72800D,4 blue dinner candles silver flock,289.56,138,20,14.478,2010-08-11 15:46:00,2010-12-05 10:52:00,115,Medium,4,Active,0,Active,Weak,Medium
17012B,origami jasmine incense/candle set,289.16999999999996,203,46,6.2863043478260865,2009-12-08 15:49:00,2010-12-09 14:09:00,365,Medium,0,Active,0,Active,Weak,Medium
,folkart clip on stars,289.0,406,34,8.5,2009-12-04 09:43:00,2010-12-09 14:09:00,370,Medium,0,Active,0,Active,Weak,Medium
,clam shell small,288.55,132,38,7.593421052631579,2009-12-09 09:42:00,2010-12-07 15:28:00,363,Medium,2,Active,0,Active,Weak,Medium
,geisha girl chopsticks set/5,288.35,131,22,13.106818181818182,2009-12-01 11:45:00,2009-12-22 15:13:00,21,Short,352,Inactive,1,Churned,Churned,Medium
,economy luggage tag,287.92,212,77,3.7392207792207794,2009-12-01 14:28:00,2010-12-05 15:12:00,369,Medium,4,Active,0,Active,Weak,Medium
,3 tier sweetheart garden shelf,287.6,8,7,41.08571428571429,2010-11-07 14:17:00,2010-12-09 20:01:00,32,Short,0,Active,0,Active,Weak,Medium
,hearts gift tape,287.24,400,62,4.6329032258064515,2009-12-04 09:43:00,2010-12-09 20:01:00,370,Medium,0,Active,0,Active,Weak,Medium
,funky girlz asst magnetic memo pad,287.01,438,38,7.552894736842105,2009-12-02 10:02:00,2010-11-12 13:43:00,345,Medium,27,Active,0,Active,Weak,Medium
90010A,midnight blue glass/silver bracelet,285.5,32,16,17.84375,2009-12-03 14:39:00,2010-12-03 16:21:00,365,Medium,6,Active,0,Active,Weak,Medium
72801G,4 burgundy wine dinner candles,285.32,502,27,10.567407407407407,2010-08-22 15:12:00,2010-12-06 12:06:00,105,Medium,3,Active,0,Active,Weak,Medium
,vintage bead pink jewel box,284.81,57,31,9.18741935483871,2009-12-09 14:48:00,2010-11-23 11:43:00,348,Medium,16,Active,0,Active,Weak,Medium
,mirrored wall art stars,284.44,113,27,10.534814814814816,2009-12-07 13:35:00,2010-12-01 16:21:00,359,Medium,8,Active,0,Active,Weak,Medium
90014A,silver/mop orbit necklace,284.41999999999996,28,19,14.969473684210524,2009-12-07 18:02:00,2010-11-28 13:53:00,355,Medium,11,Active,0,Active,Weak,Medium
,party time design flannel,283.62,539,42,6.752857142857143,2009-12-07 17:56:00,2010-11-29 14:21:00,356,Medium,10,Active,0,Active,Weak,Medium
,heart shape button frame,283.49,139,28,10.124642857142858,2009-12-01 14:28:00,2010-01-22 11:28:00,51,Short,321,Inactive,1,Churned,Churned,Medium
79190D,retro plastic daisy tray,282.58,495,91,3.1052747252747253,2009-12-02 14:43:00,2010-12-09 13:34:00,371,Medium,0,Active,0,Active,Weak,Medium
,pastel colour honeycomb fan,282.5,139,38,7.434210526315789,2009-12-16 15:48:00,2010-12-01 17:06:00,350,Medium,8,Active,0,Active,Weak,Medium
,mini jigsaw fido,282.24,672,10,28.224,2010-03-26 13:46:00,2010-07-08 14:06:00,104,Medium,154,Inactive,1,Churned,Churned,Medium
,botanical lavender gift wrap,281.5,675,26,10.826923076923077,2009-12-22 12:05:00,2010-11-28 14:56:00,341,Medium,11,Active,0,Active,Weak,Medium
90124B,blue murano twist necklace,281.46,28,20,14.072999999999999,2009-12-08 15:49:00,2010-12-01 17:06:00,358,Medium,8,Active,0,Active,Weak,Medium
90160B,red boudicca large bracelet,281.19,41,17,16.540588235294116,2009-12-02 14:43:00,2010-11-10 16:56:00,343,Medium,29,Active,0,Active,Weak,Medium
,madras notebook medium,280.58,101,25,11.223199999999999,2009-12-04 15:27:00,2010-11-11 11:18:00,341,Medium,28,Active,0,Active,Weak,Medium
,set/4 modern vintage cotton napkins,280.53000000000003,93,31,9.049354838709679,2009-12-16 17:01:00,2010-12-05 14:17:00,353,Medium,4,Active,0,Active,Weak,Medium
,painted yellow wooden daisy,280.48,289,50,5.6096,2010-01-28 09:09:00,2010-11-22 13:02:00,298,Medium,17,Active,0,Active,Weak,Medium
,box/12 chick & egg in basket,280.4,138,55,5.098181818181818,2010-01-31 15:40:00,2010-06-14 13:36:00,133,Medium,178,Inactive,1,Churned,Churned,Medium
,card party games,280.37,642,65,4.313384615384615,2010-09-21 15:46:00,2010-12-08 16:49:00,78,Short,1,Active,0,Active,Weak,Medium
90209C,pink enamel+glass hair comb,280.29,139,37,7.575405405405406,2009-12-01 10:49:00,2010-12-03 11:36:00,367,Medium,6,Active,0,Active,Weak,Medium
,wire flower t-light holder,280.08,222,43,6.513488372093023,2009-12-01 12:22:00,2010-11-23 13:26:00,357,Medium,16,Active,0,Active,Weak,Medium
,rectangular shaped mirror,279.97,163,20,13.998500000000002,2009-12-09 09:51:00,2010-12-01 17:06:00,357,Medium,8,Active,0,Active,Weak,Medium
46776D,woven sunset cushion cover,279.78,64,39,7.173846153846153,2009-12-04 15:30:00,2010-11-17 09:23:00,347,Medium,22,Active,0,Active,Weak,Medium
90035C,"pearl & shell 42""neckl. ivory",279.5,26,4,69.875,2009-12-02 13:00:00,2010-06-24 18:06:00,204,Medium,168,Inactive,1,Churned,Churned,Medium
90180A,black+white necklace w tassel,279.34999999999997,28,20,13.967499999999998,2009-12-02 13:57:00,2010-12-02 13:32:00,364,Medium,7,Active,0,Active,Weak,Medium
84086C,pink/purple retro radio,279.32,83,39,7.162051282051282,2009-12-09 09:42:00,2010-12-07 18:36:00,363,Medium,2,Active,0,Active,Weak,Medium
,kitty pencil erasers,279.21999999999997,1228,130,2.1478461538461535,2009-12-02 14:36:00,2010-12-09 14:09:00,371,Medium,0,Active,0,Active,At Risk,Medium
,candy spot bunny,279.19,86,24,11.632916666666667,2009-12-02 16:24:00,2010-11-26 15:36:00,358,Medium,13,Active,0,Active,Weak,Medium
72739C,dark chocolate scentcandle,279.08,326,23,12.13391304347826,2009-12-02 14:36:00,2010-01-27 12:39:00,55,Short,316,Inactive,1,Churned,Churned,Medium
84625B,blck new baroque candlestick candle,279.0,180,17,16.41176470588235,2009-12-04 12:37:00,2010-03-24 11:56:00,109,Medium,260,Inactive,1,Churned,Churned,Medium
,vintage gold tinsel reel,279.0,275,67,4.164179104477612,2009-12-01 13:41:00,2010-11-21 10:38:00,354,Medium,18,Active,0,Active,Weak,Medium
,heavens scent fragrance oils asstd,278.46999999999997,1139,22,12.657727272727271,2009-12-04 14:24:00,2010-11-28 15:14:00,359,Medium,11,Active,0,Active,Weak,Medium
,gift bag birthday,277.51,425,34,8.162058823529412,2010-09-15 16:28:00,2010-12-08 15:38:00,83,Short,1,Active,0,Active,Weak,Medium
,pink poodle hanging decoration,277.39,540,59,4.701525423728813,2009-12-02 14:36:00,2010-12-09 16:27:00,372,Medium,0,Active,0,Active,Weak,Medium
,pink party sunglasses,277.05,167,15,18.470000000000002,2009-12-07 13:35:00,2010-12-06 12:15:00,363,Medium,3,Active,0,Active,Weak,Medium
90058B,crystal stud earrings assorted col,276.52,470,14,19.75142857142857,2009-12-23 16:21:00,2010-10-11 14:15:00,291,Medium,59,At Risk,0,Active,At Risk,Medium
84313C,orange tv tray table,276.48,44,30,9.216000000000001,2010-01-11 09:34:00,2010-11-28 11:49:00,321,Medium,11,Active,0,Active,Weak,Medium
,set of 4 napkin charms crowns,276.3,114,26,10.626923076923077,2010-07-23 14:16:00,2010-12-06 12:47:00,135,Medium,3,Active,0,Active,Weak,Medium
,silver standing gnome,276.25,53,26,10.625,2009-12-14 18:37:00,2010-12-09 14:50:00,359,Medium,0,Active,0,Active,Weak,Medium
84966C,green kashmiri boxed mirror,276.0,23,2,138.0,2010-09-03 17:23:00,2010-11-02 17:29:00,60,Short,37,At Risk,0,Active,At Risk,Medium
,jade drop earrings w filigree,275.21,55,31,8.87774193548387,2009-12-01 14:28:00,2010-12-09 15:53:00,373,Medium,0,Active,0,Active,Weak,Medium
18094C,white and blue ceramic oil burner,274.93,221,45,6.109555555555556,2010-02-18 18:29:00,2010-12-08 14:59:00,292,Medium,1,Active,0,Active,Weak,Medium
,white honeycomb paper fan,274.37,111,22,12.471363636363636,2009-12-02 14:43:00,2010-04-07 14:12:00,125,Medium,246,Inactive,1,Churned,Churned,Medium
,large pink glass sundae dish,274.32,81,31,8.849032258064517,2010-01-18 11:39:00,2010-12-07 15:28:00,323,Medium,2,Active,0,Active,Weak,Medium
17011F,origami sandlewood incense+flower,274.05,305,14,19.575,2009-12-16 12:39:00,2010-12-01 14:32:00,350,Medium,8,Active,0,Active,Weak,Medium
,botanical lavender birthday card,273.44,633,63,4.34031746031746,2009-12-01 09:46:00,2010-12-02 16:12:00,366,Medium,7,Active,0,Active,Weak,Medium
,blue wire spiral candle holder,273.07,42,19,14.372105263157895,2010-01-28 09:09:00,2010-12-05 16:24:00,311,Medium,4,Active,0,Active,Weak,Medium
84924D,la palmiera metal sign calendar,272.61,764,15,18.174,2009-12-04 13:22:00,2010-11-11 12:13:00,341,Medium,28,Active,0,Active,Weak,Medium
79303D,lilac flower block table lamp,272.45,78,19,14.339473684210526,2009-12-01 14:28:00,2010-08-09 18:31:00,251,Medium,122,Inactive,1,Churned,Churned,Medium
35096A,blue victorian fabric heart box,272.45,765,50,5.449,2009-12-02 10:09:00,2010-03-05 13:21:00,93,Short,279,Inactive,1,Churned,Churned,Medium
,candy spot cushion cover,271.12,82,22,12.323636363636364,2009-12-04 12:28:00,2010-12-06 16:57:00,367,Medium,3,Active,0,Active,Weak,Medium
,square floor cushion vintage pink,270.47,19,14,19.319285714285716,2009-12-03 10:49:00,2010-01-11 09:37:00,38,Short,332,Inactive,1,Churned,Churned,Medium
90175C,blue glass chunky charm bracelet,270.3,30,16,16.89375,2009-12-01 14:28:00,2010-12-05 10:54:00,368,Medium,4,Active,0,Active,Weak,Medium
84898F,yellow flowers felt handbag kit,268.82,126,37,7.265405405405406,2009-12-01 12:14:00,2010-12-05 14:25:00,369,Medium,4,Active,0,Active,Weak,Medium
,black box mirror lantern,268.75,55,10,26.875,2009-12-13 14:38:00,2010-10-26 10:22:00,316,Medium,44,At Risk,0,Active,At Risk,Medium
84924F,psychedelic metal sign calendar,266.65,965,7,38.09285714285714,2009-12-22 14:31:00,2010-09-27 16:30:00,279,Medium,73,Inactive,1,Churned,Churned,Medium
,black flower candle plate,266.21999999999997,319,39,6.826153846153845,2009-12-16 17:58:00,2010-11-29 16:32:00,347,Medium,10,Active,0,Active,Weak,Medium
85039C,s/4 black mini rose candle in bowl,265.44,240,53,5.008301886792453,2009-12-03 14:39:00,2010-12-09 14:09:00,370,Medium,0,Active,0,Active,Weak,Medium
84931B,blue scottie dog w flower pattern,264.65,97,34,7.783823529411764,2009-12-14 17:57:00,2010-11-29 16:45:00,349,Medium,10,Active,0,Active,Weak,Medium
,yellow coat rack paris fashion,264.59000000000003,51,18,14.699444444444445,2010-11-19 10:58:00,2010-12-09 16:52:00,20,Short,0,Active,0,Active,Weak,Medium
90160D,pink boudicca large bracelet,264.52000000000004,38,13,20.34769230769231,2009-12-06 11:58:00,2010-08-10 12:37:00,247,Medium,121,Inactive,1,Churned,Churned,Medium
,hanging wood and felt heart,264.52,545,105,2.5192380952380953,2009-12-14 17:57:00,2010-12-07 18:36:00,358,Medium,2,Active,0,Active,Weak,Medium
,set of 6 dots chopsticks,263.63,211,18,14.64611111111111,2009-12-03 14:39:00,2010-04-01 15:04:00,119,Medium,252,Inactive,1,Churned,Churned,Medium
,transparent acrylic tape dispenser,263.08,901,23,11.438260869565216,2010-01-11 09:30:00,2010-11-21 16:15:00,314,Medium,18,Active,0,Active,Weak,Medium
,white sage incense,263.03,1063,51,5.157450980392157,2009-12-10 12:10:00,2010-12-08 14:25:00,363,Medium,1,Active,0,Active,Weak,Medium
,ruby glass cluster bracelet,262.51,43,21,12.50047619047619,2009-12-04 09:43:00,2010-11-08 15:02:00,339,Medium,31,At Risk,0,Active,At Risk,Medium
35833P,4 pink flock christmas balls,261.67,139,45,5.814888888888889,2009-12-06 14:03:00,2010-12-08 15:12:00,367,Medium,1,Active,0,Active,Weak,Medium
,vintage blue tinsel reel,261.66,397,49,5.340000000000001,2009-12-06 13:07:00,2010-12-02 15:46:00,361,Medium,7,Active,0,Active,Weak,Medium
,s/12 mini rabbit easter,261.59999999999997,143,41,6.380487804878048,2010-01-13 17:44:00,2010-12-05 13:42:00,325,Medium,4,Active,0,Active,Weak,Medium
,small zinc/glass candleholder,261.52,392,14,18.68,2009-12-02 11:55:00,2010-11-16 07:52:00,348,Medium,23,Active,0,Active,Weak,Medium
,fridge magnets les enfants assorted,261.44,302,17,15.378823529411765,2010-11-19 10:51:00,2010-12-08 13:53:00,19,Short,1,Active,0,Active,Weak,Medium
72799D,blue pillar candle silver flock,260.67,78,18,14.481666666666667,2009-12-01 13:29:00,2010-09-29 13:20:00,301,Medium,71,Inactive,1,Churned,Churned,Medium
,gingham babushka doorstop,260.61,70,22,11.84590909090909,2010-08-19 12:48:00,2010-12-09 11:48:00,111,Medium,0,Active,0,Active,Weak,Medium
16207A,pink strawberry handbag,260.43,83,42,6.200714285714286,2009-12-01 11:34:00,2010-10-15 14:27:00,318,Medium,55,At Risk,0,Active,At Risk,Medium
,hanging wood and felt butterfly,260.28,572,99,2.629090909090909,2009-12-08 15:49:00,2010-12-06 09:58:00,362,Medium,3,Active,0,Active,Weak,Medium
,school desk and chair,260.0,4,4,65.0,2010-11-24 10:35:00,2010-11-28 12:07:00,4,Short,11,Active,0,Active,Weak,Medium
,red retrospot luggage tag,259.02,180,62,4.177741935483871,2010-09-23 16:40:00,2010-12-09 16:26:00,76,Short,0,Active,0,Active,Weak,Medium
,cakes and bows gift  tape,258.8,288,73,3.545205479452055,2009-12-02 12:32:00,2010-12-08 14:25:00,371,Medium,1,Active,0,Active,Weak,Medium
,coffee scent pillar candle,258.49,263,60,4.308166666666667,2009-12-04 15:30:00,2010-12-06 12:41:00,366,Medium,3,Active,0,Active,Weak,Medium
84613C,blue new baroque flock candlestick,258.06,62,12,21.505,2010-03-15 16:13:00,2010-12-08 12:35:00,267,Medium,1,Active,0,Active,Weak,Medium
,party time pencil erasers,258.01,1127,111,2.3244144144144143,2009-12-01 16:17:00,2010-12-09 14:09:00,372,Medium,0,Active,0,Active,At Risk,Medium
,big pink poodle,257.1,30,6,42.85,2009-12-02 10:00:00,2010-01-25 15:54:00,54,Short,318,Inactive,1,Churned,Churned,Medium
,gold scroll glass t-light holder,256.47,113,22,11.657727272727273,2009-12-04 09:43:00,2010-11-30 13:02:00,361,Medium,9,Active,0,Active,Weak,Medium
90120C,green murano twist bracelet,255.6,60,38,6.726315789473684,2009-12-01 14:28:00,2010-12-09 14:09:00,372,Medium,0,Active,0,Active,Weak,Medium
,folk art metal star t-light holder,255.26,481,50,5.1052,2009-12-02 14:43:00,2010-12-08 14:25:00,370,Medium,1,Active,0,Active,Weak,Medium
84741C,citrus garland felt flowers,255.14,125,37,6.895675675675675,2009-12-06 16:17:00,2010-08-29 15:45:00,265,Medium,102,Inactive,1,Churned,Churned,Medium
,skulls tape,254.48000000000002,356,53,4.801509433962265,2009-12-02 12:32:00,2010-12-09 20:01:00,372,Medium,0,Active,0,Active,Weak,Medium
,fridge magnets la vie en rose,252.88,268,15,16.858666666666668,2010-11-19 14:30:00,2010-12-08 10:40:00,18,Short,1,Active,0,Active,Weak,Medium
,vintage design gift tags,252.45,272,29,8.705172413793104,2009-12-01 09:28:00,2010-09-30 12:16:00,303,Medium,70,Inactive,1,Churned,Churned,Medium
,dark pink flock glass candleholder,252.29,553,13,19.406923076923075,2009-12-03 16:09:00,2010-03-02 10:37:00,88,Short,282,Inactive,1,Churned,Churned,Medium
,blue polkadot purse,251.96,372,21,11.998095238095239,2010-09-24 16:06:00,2010-12-03 14:54:00,69,Short,6,Active,0,Active,Weak,Medium
10123C,hearts wrapping tape,251.81,646,61,4.128032786885246,2009-12-01 14:28:00,2010-12-03 11:19:00,366,Medium,6,Active,0,Active,Weak,Medium
17012E,origami opium incense/candle set,251.71999999999997,226,24,10.488333333333332,2009-12-16 12:39:00,2010-12-09 14:09:00,358,Medium,0,Active,0,Active,Weak,Medium
,pair of enamel flower cluster slide,251.59,105,30,8.386333333333333,2009-12-01 14:28:00,2010-11-17 09:23:00,350,Medium,22,Active,0,Active,Weak,Medium
,vintage bead pink purse,251.49000000000007,76,18,13.971666666666671,2009-12-02 10:02:00,2010-12-09 16:08:00,372,Medium,0,Active,0,Active,Weak,Medium
84673A,pink fly swat,251.12,408,56,4.484285714285714,2009-12-02 14:43:00,2010-11-25 15:59:00,358,Medium,14,Active,0,Active,Weak,Medium
90178A,amber chunky glass+bead necklace,251.06,21,15,16.737333333333332,2009-12-01 17:08:00,2010-12-07 11:59:00,370,Medium,2,Active,0,Active,Weak,Medium
85169D,pink love bird candle,250.41,171,39,6.42076923076923,2009-12-14 17:57:00,2010-12-03 11:36:00,353,Medium,6,Active,0,Active,Weak,Medium
90013A,midnight blue vintage earrings,250.38,66,47,5.327234042553191,2009-12-03 14:39:00,2010-12-07 15:28:00,369,Medium,2,Active,0,Active,Weak,Medium
84563B,blue & white breakfast tray,249.69,35,22,11.349545454545455,2009-12-20 13:28:00,2010-12-05 13:55:00,350,Medium,4,Active,0,Active,Weak,Medium
,ninja rabbit pink,249.57999999999998,190,37,6.745405405405405,2009-12-04 15:11:00,2010-12-06 10:08:00,366,Medium,3,Active,0,Active,Weak,Medium
,"card, gingham rose",249.44,596,47,5.307234042553191,2010-09-12 14:34:00,2010-11-22 11:58:00,70,Short,17,Active,0,Active,Weak,Medium
85230B,cinnamon scented votive candle,248.71999999999997,904,32,7.772499999999999,2009-12-08 13:08:00,2010-12-09 12:49:00,365,Medium,0,Active,0,Active,Weak,Medium
,sweet pudding sticker sheet,248.24999999999997,265,48,5.171874999999999,2009-12-01 14:28:00,2010-12-08 14:25:00,371,Medium,1,Active,0,Active,Weak,Medium
,childrens dolly girl mug,248.1,140,28,8.860714285714286,2010-11-24 16:18:00,2010-12-09 14:55:00,14,Short,0,Active,0,Active,Weak,Medium
,botanical lily gift wrap,248.0,600,23,10.782608695652174,2009-12-22 12:05:00,2010-11-10 11:36:00,322,Medium,29,Active,0,Active,Weak,Medium
90036E,"flower glass garld neckl36""amethyst",247.92000000000002,31,17,14.583529411764706,2009-12-08 15:49:00,2010-11-22 11:25:00,348,Medium,17,Active,0,Active,Weak,Medium
,"round snack boxes ,set 4, fruits",247.8,84,5,49.56,2010-01-07 16:46:00,2010-01-24 12:05:00,16,Short,319,Inactive,1,Churned,Churned,Medium
90082B,diamante bow brooch red colour,247.64999999999998,39,17,14.567647058823528,2009-12-15 13:21:00,2010-12-05 15:12:00,355,Medium,4,Active,0,Active,Weak,Medium
,blue gingham rose floor cushion,247.26,29,15,16.483999999999998,2009-12-14 12:58:00,2010-04-23 11:21:00,129,Medium,230,Inactive,1,Churned,Churned,Medium
,hanging heart basket,246.34000000000003,135,14,17.595714285714287,2009-12-04 09:43:00,2010-07-18 12:07:00,226,Medium,144,Inactive,1,Churned,Churned,Medium
,roses blue base cushion cover,246.03,51,33,7.455454545454545,2009-12-21 17:14:00,2010-07-29 10:26:00,219,Medium,133,Inactive,1,Churned,Churned,Medium
90161A,ant copper red boudicca bracelet,245.32,49,25,9.8128,2009-12-06 11:58:00,2010-12-07 15:28:00,366,Medium,2,Active,0,Active,Weak,Medium
84924A,wake up cockerel calendar sign,244.91,58,32,7.6534375,2009-12-04 13:22:00,2010-12-08 11:38:00,368,Medium,1,Active,0,Active,Weak,Medium
,blue owl decoration,244.8,96,1,244.8,2010-01-07 12:34:00,2010-01-07 12:34:00,0,Short,336,Inactive,1,Churned,Churned,Medium
,pink owl decoration,244.8,96,1,244.8,2010-01-07 12:34:00,2010-01-07 12:34:00,0,Short,336,Inactive,1,Churned,Churned,Medium
,heart buttons jewellery box,244.8,32,18,13.600000000000001,2009-12-09 14:48:00,2010-11-26 12:00:00,351,Medium,13,Active,0,Active,Weak,Medium
,mock lobster fridge magnet,244.79999999999998,240,73,3.353424657534246,2009-12-08 17:24:00,2010-12-09 14:09:00,365,Medium,0,Active,0,Active,Weak,Medium
DCGS0076,sunjar led night night light,243.7,15,13,18.746153846153845,2009-12-03 14:39:00,2010-12-09 14:09:00,370,Medium,0,Active,0,Active,Weak,Medium
84877D,blue round compact mirror,243.03,70,28,8.679642857142857,2009-12-09 09:42:00,2010-12-09 14:09:00,365,Medium,0,Active,0,Active,Weak,Medium
,long silver necklace pastel flower,242.25,19,12,20.1875,2009-12-02 13:57:00,2010-11-16 16:46:00,349,Medium,23,Active,0,Active,Weak,Medium
,crystal stiletto phone charm,242.08999999999997,279,21,11.528095238095236,2009-12-01 12:56:00,2010-12-09 14:09:00,373,Medium,0,Active,0,Active,Weak,Medium
84993B,75 black petit four cases,241.75,526,83,2.9126506024096384,2009-12-03 11:34:00,2010-12-08 12:56:00,370,Medium,1,Active,0,Active,Weak,Medium
,set of 6 halloween ghost t-lights,241.67999999999998,557,46,5.253913043478261,2010-10-04 12:37:00,2010-12-09 14:09:00,66,Short,0,Active,0,Active,Weak,Medium
90014C,silver/black orbit necklace,241.48,24,16,15.0925,2009-12-02 16:18:00,2010-11-28 13:53:00,360,Medium,11,Active,0,Active,Weak,Medium
85032C,curious images gift wrap set,240.65,209,22,10.938636363636364,2009-12-04 14:29:00,2010-12-09 16:08:00,370,Medium,0,Active,0,Active,Weak,Medium
90175B,pink glass chunky charm bracelet,240.51,27,19,12.658421052631578,2009-12-09 09:42:00,2010-12-06 16:57:00,362,Medium,3,Active,0,Active,Weak,Medium
47021G,set/6 bead coasters gauze bag gold,240.22,134,45,5.338222222222222,2009-12-01 13:29:00,2010-12-06 16:57:00,370,Medium,3,Active,0,Active,Weak,Medium
84673B,blue fly swat,239.8,328,70,3.4257142857142857,2009-12-01 14:28:00,2010-12-07 18:36:00,371,Medium,2,Active,0,Active,Weak,Medium
,decorative plant pot with frieze,238.5,30,12,19.875,2010-10-22 09:06:00,2010-12-01 15:35:00,40,Short,8,Active,0,Active,Weak,Medium
84247N,pack/12 blue folkart cards,238.48000000000005,93,37,6.445405405405407,2010-01-11 14:39:00,2010-12-08 12:46:00,330,Medium,1,Active,0,Active,Weak,Medium
,pin cushion russian doll blue,238.06,68,23,10.350434782608696,2010-03-23 08:55:00,2010-07-22 12:26:00,121,Medium,140,Inactive,1,Churned,Churned,Medium
,pop's greasy spoon metal sign,237.73,114,42,5.660238095238095,2009-12-01 14:28:00,2010-02-18 13:15:00,78,Short,294,Inactive,1,Churned,Churned,Medium
44217M,multicolour feathers curtain,236.40000000000003,72,3,78.80000000000001,2010-02-15 13:20:00,2010-02-15 13:29:00,0,Short,297,Inactive,1,Churned,Churned,Medium
,large glass rose scented candle,236.33,684,3,78.77666666666667,2010-01-12 09:47:00,2010-04-19 10:36:00,97,Short,234,Inactive,1,Churned,Churned,Medium
,mirrored wall art poppies,236.29999999999998,117,26,9.088461538461537,2009-12-01 11:37:00,2010-11-29 09:38:00,362,Medium,10,Active,0,Active,Weak,Medium
,botanical lily greeting card,236.14,553,51,4.630196078431372,2009-12-03 12:10:00,2010-11-10 17:39:00,342,Medium,29,Active,0,Active,Weak,Medium
85131B,beaded crystal heart green on stick,235.98,356,53,4.452452830188679,2009-12-16 17:58:00,2010-12-09 14:09:00,357,Medium,0,Active,0,Active,Weak,Medium
,sweet valencia candle+cup,235.9,164,47,5.019148936170213,2009-12-02 14:43:00,2010-03-02 17:13:00,90,Short,282,Inactive,1,Churned,Churned,Medium
,set/6 collage paper cups,235.67000000000002,319,42,5.611190476190477,2009-12-06 13:48:00,2010-11-28 14:49:00,357,Medium,11,Active,0,Active,Weak,Medium
,children's spaceboy mug,235.32,125,30,7.843999999999999,2010-11-24 13:13:00,2010-12-09 14:09:00,15,Short,0,Active,0,Active,Weak,Medium
84661B,black square table clock,235.04,129,23,10.219130434782608,2009-12-16 17:58:00,2010-12-03 11:36:00,351,Medium,6,Active,0,Active,Weak,Medium
,pink patch purse blue heart,234.29999999999998,142,47,4.985106382978723,2009-12-03 17:57:00,2010-09-15 11:22:00,285,Medium,85,Inactive,1,Churned,Churned,Medium
,pink mini tape measure,233.5,290,19,12.289473684210526,2009-12-02 12:44:00,2010-03-14 15:07:00,102,Medium,270,Inactive,1,Churned,Churned,Medium
,white brocante soap dish,233.1,74,20,11.655,2010-11-07 14:51:00,2010-12-09 14:09:00,31,Short,0,Active,0,Active,Weak,Medium
,english rose mug in gift box,232.89,143,10,23.288999999999998,2010-05-16 11:24:00,2010-06-08 11:51:00,23,Short,184,Inactive,1,Churned,Churned,Medium
,white hand towel with butterfly,232.35999999999999,48,29,8.012413793103448,2010-01-07 19:34:00,2010-12-09 14:09:00,335,Medium,0,Active,0,Active,Weak,Medium
16256B,flower pencil/rubber+5 mini pencils,232.35,524,35,6.638571428571429,2009-12-04 09:43:00,2010-06-10 18:50:00,188,Medium,182,Inactive,1,Churned,Churned,Medium
,set/6 black snowflake t-lights,232.08,402,54,4.297777777777778,2009-12-01 12:13:00,2010-11-17 14:05:00,351,Medium,22,Active,0,Active,Weak,Medium
16202C,beige photo album,230.59,97,12,19.215833333333332,2009-12-02 16:49:00,2010-05-06 12:40:00,154,Medium,217,Inactive,1,Churned,Churned,Medium
,"biscuit tin, red,ivory, vintage",230.55,37,7,32.93571428571429,2010-10-15 09:33:00,2010-11-15 10:46:00,31,Short,24,Active,0,Active,Weak,Medium
35637C,pink string curtain with pole,230.28,70,10,23.028,2010-01-14 08:30:00,2010-11-23 11:35:00,313,Medium,16,Active,0,Active,Weak,Medium
,new england ceramic cake server,229.57,89,46,4.990652173913043,2009-12-01 14:28:00,2010-08-24 17:21:00,266,Medium,107,Inactive,1,Churned,Churned,Medium
,assorted tutti frutti keyring,228.64999999999998,259,15,15.243333333333332,2009-12-01 11:45:00,2010-03-03 13:57:00,92,Short,281,Inactive,1,Churned,Churned,Medium
,children's circus parade mug,228.12,131,19,12.006315789473684,2010-11-25 13:32:00,2010-12-09 14:09:00,14,Short,0,Active,0,Active,Weak,Medium
,pink crystal heart phone charm,227.72,263,22,10.350909090909092,2009-12-01 12:56:00,2010-11-25 13:32:00,359,Medium,14,Active,0,Active,Weak,Medium
71028B,silver blue egg t-light holder,227.48,494,13,17.498461538461537,2009-12-01 13:47:00,2010-01-17 11:55:00,46,Short,326,Inactive,1,Churned,Churned,Medium
,blue spotty beaker,227.44,112,23,9.888695652173913,2009-12-07 13:35:00,2010-10-05 11:00:00,301,Medium,65,Inactive,1,Churned,Churned,Medium
,necklace+bracelet pink butterfly,227.32999999999998,108,45,5.051777777777778,2009-12-18 17:06:00,2010-11-16 12:50:00,332,Medium,23,Active,0,Active,Weak,Medium
,baking mould rose milk chocolate,227.25,81,3,75.75,2010-12-08 10:46:00,2010-12-09 10:04:00,0,Short,0,Active,0,Active,Weak,Medium
72801C,s/4 rose pink dinner candles,227.11,191,38,5.976578947368421,2009-12-11 15:40:00,2010-08-04 12:38:00,235,Medium,127,Inactive,1,Churned,Churned,Medium
,childrens apron dolly girl,226.81,107,17,13.341764705882353,2010-09-26 12:51:00,2010-11-07 14:52:00,42,Short,32,At Risk,0,Active,At Risk,Medium
,danish rose decorative plate,226.8,108,24,9.450000000000001,2010-02-08 13:56:00,2010-11-30 14:07:00,295,Medium,9,Active,0,Active,Weak,Medium
72750D,f.fairy s/3 candle/glass,226.5,110,11,20.59090909090909,2009-12-07 13:48:00,2010-01-28 11:40:00,51,Short,315,Inactive,1,Churned,Churned,Medium
84509C,dotty placemats,226.07000000000002,59,14,16.147857142857145,2009-12-01 14:56:00,2010-02-18 09:14:00,78,Short,294,Inactive,1,Churned,Churned,Medium
TEST001,this is a test product.,226.0,61,12,18.833333333333332,2009-12-14 08:34:00,2010-04-12 09:52:00,119,Medium,241,Inactive,1,Churned,Churned,Medium
84966A,pink kashmiri boxed mirror,225.95,13,4,56.4875,2010-01-19 12:18:00,2010-11-02 17:29:00,287,Medium,37,At Risk,0,Active,At Risk,Medium
72801D,s/4 sky blue dinner candles,225.89,187,42,5.378333333333333,2009-12-04 13:23:00,2010-08-04 12:39:00,242,Medium,127,Inactive,1,Churned,Churned,Medium
,gold teddy bear,225.8,72,25,9.032,2009-12-02 13:26:00,2010-10-08 15:19:00,310,Medium,62,Inactive,1,Churned,Churned,Medium
,set of 6 t-lights easter chicks,225.66,82,10,22.566,2010-09-20 14:49:00,2010-12-09 12:16:00,79,Short,0,Active,0,Active,Weak,Medium
35597B,blackchristmas tree 30cm,224.1,78,7,32.01428571428571,2009-12-13 15:54:00,2010-12-06 12:15:00,357,Medium,3,Active,0,Active,Weak,Medium
,hand towel pale blue w flowers,223.52,44,34,6.574117647058824,2009-12-04 13:23:00,2010-12-09 16:08:00,370,Medium,0,Active,0,Active,Weak,Medium
90164B,white  rosebud pearl bracelet,221.96,29,20,11.098,2009-12-02 14:43:00,2010-11-29 16:45:00,362,Medium,10,Active,0,Active,Weak,Medium
,asstd multicolour circles mug,221.75,167,8,27.71875,2009-12-02 15:51:00,2010-12-05 16:41:00,368,Medium,4,Active,0,Active,Weak,Medium
47591A,carousel des child's apron,221.57,134,58,3.8201724137931032,2009-12-01 11:34:00,2010-07-09 15:20:00,220,Medium,153,Inactive,1,Churned,Churned,Medium
17011C,origami lavender incense+flower,221.4,335,2,110.7,2009-12-14 18:03:00,2009-12-16 12:39:00,1,Short,358,Inactive,1,Churned,Churned,Medium
,"candle in jar collage , vanilla",221.08,82,20,11.054,2009-12-02 12:06:00,2010-03-12 13:08:00,100,Short,272,Inactive,1,Churned,Churned,Medium
16258B,daisy erasers in bag,221.06,1016,15,14.737333333333334,2009-12-02 11:52:00,2009-12-22 12:01:00,20,Short,352,Inactive,1,Churned,Churned,Medium
17013B,origami jasmine incense in tube,221.03,256,3,73.67666666666666,2009-12-09 09:42:00,2009-12-16 12:39:00,7,Short,358,Inactive,1,Churned,Churned,Medium
90129A,pink glass tassle bag charm,220.7,111,55,4.012727272727273,2009-12-14 14:33:00,2010-12-06 16:57:00,357,Medium,3,Active,0,Active,Weak,Medium
35833G,4 gold flock christmas balls,220.66000000000003,134,34,6.490000000000001,2009-12-06 14:03:00,2010-12-06 10:08:00,364,Medium,3,Active,0,Active,Weak,Medium
90124A,pink murano twist necklace,219.61999999999998,22,14,15.687142857142856,2009-12-02 14:43:00,2010-11-28 16:09:00,361,Medium,11,Active,0,Active,Weak,Medium
72225D,vanilla scent cake candle,219.45999999999998,962,11,19.95090909090909,2009-12-17 19:33:00,2010-05-13 10:15:00,146,Medium,210,Inactive,1,Churned,Churned,Medium
85168B,black baroque carriage clock,219.38,21,17,12.90470588235294,2009-12-02 13:10:00,2010-11-22 11:57:00,354,Medium,17,Active,0,Active,Weak,Medium
85168A,white baroque carriage clock,218.89999999999998,22,15,14.593333333333332,2009-12-02 13:10:00,2010-06-14 15:11:00,194,Medium,178,Inactive,1,Churned,Churned,Medium
35809B,enamel blue rim tea container,218.35999999999999,96,30,7.278666666666666,2009-12-02 13:57:00,2010-08-08 14:51:00,249,Medium,123,Inactive,1,Churned,Churned,Medium
,cherry blossom passport cover,218.35,93,53,4.1198113207547165,2009-12-01 14:28:00,2010-12-08 14:25:00,371,Medium,1,Active,0,Active,Weak,Medium
,vintage cat food container,218.14000000000001,34,5,43.628,2010-10-18 11:33:00,2010-11-02 11:33:00,15,Short,37,At Risk,0,Active,At Risk,Medium
,folding umbrella cream polkadot,218.07000000000002,43,13,16.774615384615387,2010-10-01 10:24:00,2010-12-01 11:49:00,61,Short,8,Active,0,Active,Weak,Medium
84951B,s/4 black lovebird coasters,217.81,97,32,6.8065625,2009-12-01 14:56:00,2010-02-10 17:59:00,71,Short,302,Inactive,1,Churned,Churned,Medium
,cardholder gingham heart,216.9,102,2,108.45,2010-07-16 15:26:00,2010-07-27 12:38:00,10,Short,135,Inactive,1,Churned,Churned,Medium
,pair butterfly hair clips,216.54,57,38,5.698421052631579,2009-12-09 09:51:00,2010-12-08 14:25:00,364,Medium,1,Active,0,Active,Weak,Medium
,old rose combo bead necklace,216.38,73,52,4.161153846153846,2009-12-01 11:37:00,2010-12-01 17:06:00,365,Medium,8,Active,0,Active,Weak,Medium
,s/3 puppies christmas decorations,216.33,108,15,14.422,2009-12-01 14:56:00,2009-12-22 15:09:00,21,Short,352,Inactive,1,Churned,Churned,Medium
37492A,yellow red flower piggy bank,216.07,108,11,19.64272727272727,2009-12-01 11:45:00,2009-12-23 07:57:00,21,Short,351,Inactive,1,Churned,Churned,Medium
,red poppy artificial flower,215.93,233,7,30.84714285714286,2010-01-07 11:52:00,2010-05-14 12:00:00,127,Medium,209,Inactive,1,Churned,Churned,Medium
84804A,cream delphinium artificial flower,215.80000000000004,148,10,21.580000000000005,2010-01-19 13:09:00,2010-07-05 15:42:00,167,Medium,157,Inactive,1,Churned,Churned,Medium
85169B,black love bird candle,215.62,152,37,5.827567567567567,2009-12-02 14:36:00,2010-12-09 12:49:00,371,Medium,0,Active,0,Active,Weak,Medium
90129B,turquoise glass tassle bag charm,215.21,93,44,4.891136363636364,2009-12-02 13:26:00,2010-12-06 16:57:00,369,Medium,3,Active,0,Active,Weak,Medium
,butterfly water transfer tattoos,215.0,284,24,8.958333333333334,2009-12-01 14:28:00,2009-12-21 17:14:00,20,Short,353,Inactive,1,Churned,Churned,Medium
90036D,"flower glass garland neckl.36""black",214.89000000000001,27,12,17.907500000000002,2009-12-01 11:37:00,2010-12-09 13:34:00,373,Medium,0,Active,0,Active,Weak,Medium
,mini hand warmer babushka design,214.8,108,5,42.96,2010-09-16 09:54:00,2010-10-27 11:13:00,41,Short,43,At Risk,0,Active,At Risk,Medium
,s/2 beach hut stools,214.65,27,14,15.332142857142857,2009-12-02 15:10:00,2010-08-15 15:26:00,256,Medium,116,Inactive,1,Churned,Churned,Medium
,door mat sweet home,214.47,34,11,19.497272727272726,2009-12-01 12:13:00,2009-12-16 17:01:00,15,Short,358,Inactive,1,Churned,Churned,Medium
,pin cushion babushka pink,214.4,64,22,9.745454545454546,2010-08-20 13:59:00,2010-12-02 11:20:00,103,Medium,7,Active,0,Active,Weak,Medium
,booze & women greeting card,214.26,491,55,3.8956363636363633,2009-12-01 14:28:00,2010-12-08 16:49:00,372,Medium,1,Active,0,Active,Weak,Medium
,folding umbrella pinkwhite polkadot,213.93,39,20,10.6965,2010-09-26 13:40:00,2010-12-03 11:28:00,67,Short,6,Active,0,Active,Weak,Medium
51012C,"feather duster, coal black",213.75,171,27,7.916666666666667,2009-12-01 12:13:00,2010-02-26 11:38:00,86,Short,286,Inactive,1,Churned,Churned,Medium
,riviera necklace,213.69,43,19,11.246842105263157,2010-01-20 17:50:00,2010-11-28 16:09:00,311,Medium,11,Active,0,Active,Weak,Medium
85032B,blossom images gift wrap set,213.35,196,19,11.228947368421052,2010-01-22 14:17:00,2010-11-24 14:49:00,306,Medium,15,Active,0,Active,Weak,Medium
,polkadot mug pink,213.11999999999998,134,20,10.655999999999999,2010-09-27 12:45:00,2010-12-08 14:25:00,72,Short,1,Active,0,Active,Weak,Medium
84857C,pink monte carlo handbag,212.7,99,7,30.385714285714283,2010-06-16 08:54:00,2010-08-24 15:14:00,69,Short,107,Inactive,1,Churned,Churned,Medium
,assorted monkey suction cup hook,212.58,561,22,9.662727272727274,2010-02-07 14:58:00,2010-12-03 14:54:00,298,Medium,6,Active,0,Active,Weak,Medium
90013C,green vintage earrings,212.43,53,32,6.6384375,2009-12-01 11:37:00,2010-12-09 14:09:00,373,Medium,0,Active,0,Active,Weak,Medium
84313A,pink tv tray table,212.42,38,19,11.18,2009-12-15 15:21:00,2010-10-10 14:18:00,298,Medium,60,At Risk,0,Active,At Risk,Medium
84247C,pack/12 blue reindeer card,212.40000000000003,72,22,9.654545454545456,2009-12-01 13:29:00,2010-11-29 11:54:00,362,Medium,10,Active,0,Active,Weak,Medium
84705C,pink flock photo frame,212.33,150,7,30.332857142857144,2009-12-04 15:26:00,2010-09-16 20:04:00,286,Medium,83,Inactive,1,Churned,Churned,Medium
47593B,scotties design baby bib,212.06,194,52,4.078076923076923,2009-12-02 13:32:00,2010-07-19 13:46:00,229,Medium,143,Inactive,1,Churned,Churned,Medium
84660B,black stitched wall clock,211.92000000000002,44,26,8.150769230769232,2009-12-01 11:51:00,2010-12-09 16:31:00,373,Medium,0,Active,0,Active,Weak,Medium
,oyster trinket box,211.75,67,12,17.645833333333332,2010-01-04 13:36:00,2010-11-11 12:40:00,310,Medium,28,Active,0,Active,Weak,Medium
46000R,polyester filler pad 45x30cm,211.7,206,27,7.84074074074074,2010-01-26 14:18:00,2010-12-08 10:39:00,315,Medium,1,Active,0,Active,Weak,Medium
,retrospot babushka doorstop,210.36,54,25,8.4144,2010-08-19 12:48:00,2010-12-08 13:03:00,111,Medium,1,Active,0,Active,Weak,Medium
,paperweight vintage paisley,208.9,85,23,9.082608695652175,2010-04-13 11:04:00,2010-12-06 10:08:00,236,Medium,3,Active,0,Active,Weak,Medium
,silver finch decoration,208.89000000000001,189,13,16.06846153846154,2009-12-01 12:13:00,2010-02-24 13:15:00,85,Short,288,Inactive,1,Churned,Churned,Medium
,gold fabric mirror,208.36,349,24,8.681666666666667,2009-12-02 11:52:00,2010-11-10 12:03:00,343,Medium,29,Active,0,Active,Weak,Medium
84597B,retro brown ball ashtray,208.12,164,22,9.46,2009-12-09 09:34:00,2010-08-29 15:45:00,263,Medium,102,Inactive,1,Churned,Churned,Medium
,red retrospot big bowl,207.9,42,13,15.992307692307692,2010-09-29 13:44:00,2010-12-08 12:45:00,69,Short,1,Active,0,Active,Weak,Medium
,dark bird house tree decoration,207.78,237,50,4.1556,2009-12-01 13:31:00,2010-12-09 14:09:00,373,Medium,0,Active,0,Active,Weak,Medium
,english rose tea set in gift box,207.69,49,15,13.846,2009-12-01 11:21:00,2010-02-22 17:14:00,83,Short,290,Inactive,1,Churned,Churned,Medium
90201B,black enamel flower ring,207.32999999999998,70,33,6.282727272727272,2009-12-02 14:36:00,2010-12-06 16:57:00,369,Medium,3,Active,0,Active,Weak,Medium
,blue egg  spoon,206.84,469,53,3.902641509433962,2009-12-03 07:57:00,2010-12-06 16:57:00,368,Medium,3,Active,0,Active,Weak,Medium
84870C,green geisha girl,206.81,53,16,12.925625,2009-12-14 17:57:00,2010-12-05 11:57:00,355,Medium,4,Active,0,Active,Weak,Medium
,pig mug in two colour designs,206.66,116,49,4.217551020408163,2009-12-02 14:43:00,2010-12-09 14:09:00,371,Medium,0,Active,0,Active,Weak,Medium
,36 pencils tube posy,206.65,155,39,5.2987179487179485,2009-12-01 14:28:00,2010-12-05 13:05:00,368,Medium,4,Active,0,Active,Weak,Medium
82011B,bathroom scales rubber ducks,205.7,51,28,7.346428571428571,2009-12-02 15:41:00,2010-12-05 13:17:00,367,Medium,4,Active,0,Active,Weak,Medium
,funky monkey cushion cover,204.88,142,27,7.588148148148148,2009-12-03 14:39:00,2010-12-06 09:58:00,367,Medium,3,Active,0,Active,Weak,Medium
17014D,origami rose incense cones,204.36,479,8,25.545,2010-01-14 09:41:00,2010-08-20 09:23:00,217,Medium,111,Inactive,1,Churned,Churned,Medium
90196A,purple gemstone necklace 45cm,204.0,16,8,25.5,2009-12-06 11:27:00,2010-12-09 13:34:00,368,Medium,0,Active,0,Active,Weak,Medium
90035A,"pearl & shell 42""neckl. green",203.93,19,13,15.686923076923078,2009-12-03 14:39:00,2010-11-28 16:09:00,360,Medium,11,Active,0,Active,Weak,Medium
,set/12 zinc christmas decorations,203.73,94,16,12.733125,2010-09-26 13:40:00,2010-10-20 14:42:00,24,Short,50,At Risk,0,Active,At Risk,Medium
35824B,"hanging flowers+mirror,blue",203.24,528,6,33.873333333333335,2009-12-10 08:29:00,2010-05-14 12:00:00,155,Medium,209,Inactive,1,Churned,Churned,Medium
84952A,clear love bird t-light holder,203.18,75,15,13.545333333333334,2009-12-06 14:10:00,2010-12-09 14:09:00,367,Medium,0,Active,0,Active,Weak,Medium
,brocante shelf with hooks,203.18,18,9,22.575555555555557,2010-11-10 12:54:00,2010-12-05 16:41:00,25,Short,4,Active,0,Active,Weak,Medium
90000D,copper/olive green flower necklace,203.01,33,22,9.227727272727272,2009-12-01 14:28:00,2010-12-07 15:28:00,371,Medium,2,Active,0,Active,Weak,Medium
,small glass rose scented candle,202.62,605,4,50.655,2010-01-21 14:30:00,2010-04-19 10:36:00,87,Short,234,Inactive,1,Churned,Churned,Medium
,goldie looking mirror,202.27,25,19,10.64578947368421,2009-12-14 17:57:00,2010-11-04 18:54:00,325,Medium,35,At Risk,0,Active,At Risk,Medium
72754A,flower fairy potpourri cushion lily,201.24,292,5,40.248000000000005,2009-12-04 15:26:00,2010-02-24 10:18:00,81,Short,288,Inactive,1,Churned,Churned,Medium
84429A,medium pink buddha head,201.10000000000002,57,22,9.140909090909092,2009-12-02 14:43:00,2010-12-06 16:57:00,369,Medium,3,Active,0,Active,Weak,Medium
,pink teatime print bowl,201.0,138,36,5.583333333333333,2009-12-02 14:36:00,2010-03-05 14:42:00,93,Short,279,Inactive,1,Churned,Churned,Medium
16258A,swirly circular rubbers in bag,200.32,596,45,4.451555555555555,2009-12-11 15:40:00,2010-12-06 09:58:00,359,Medium,3,Active,0,Active,Weak,Medium
,baking mould heart milk chocolate,199.65,91,6,33.275,2010-12-08 10:40:00,2010-12-09 13:34:00,1,Short,0,Active,0,Active,Weak,Medium
16156L,"wrap, carousel",199.5,475,18,11.083333333333334,2010-01-10 12:25:00,2010-11-19 12:50:00,313,Medium,20,Active,0,Active,Weak,Medium
90122B,jade crystal+glass bracelet,199.06,40,20,9.953,2009-12-06 12:17:00,2010-11-28 16:09:00,357,Medium,11,Active,0,Active,Weak,Medium
84870B,blue geisha girl,199.03,52,18,11.057222222222222,2009-12-07 11:35:00,2010-12-05 11:57:00,363,Medium,4,Active,0,Active,Weak,Medium
,food/drink sponge stickers,198.66,946,29,6.850344827586206,2010-08-23 12:56:00,2010-12-02 13:32:00,101,Medium,7,Active,0,Active,Weak,Medium
84985B,set of 72 black paper doilies,197.94,129,25,7.9176,2009-12-01 13:29:00,2010-05-26 12:54:00,175,Medium,197,Inactive,1,Churned,Churned,Medium
,72 round pink doilies,197.89999999999998,128,22,8.995454545454544,2009-12-01 12:13:00,2010-02-07 12:15:00,68,Short,305,Inactive,1,Churned,Churned,Medium
,easter bunny hanging garland,197.09,115,26,7.580384615384616,2010-01-22 09:48:00,2010-09-23 10:23:00,244,Medium,77,Inactive,1,Churned,Churned,Medium
90040B,murano style glass bracelet black,196.89,55,27,7.292222222222222,2009-12-03 14:39:00,2010-12-06 16:57:00,368,Medium,3,Active,0,Active,Weak,Medium
35817P,"acrylic jewel snowflake,pink",196.84,402,9,21.871111111111112,2010-05-14 12:00:00,2010-11-16 12:49:00,186,Medium,23,Active,0,Active,Weak,Medium
,blokey silver tool set,196.70000000000002,36,15,13.113333333333335,2009-12-01 13:41:00,2010-07-11 10:49:00,221,Medium,151,Inactive,1,Churned,Churned,Medium
,photo clip line,196.67,139,34,5.784411764705882,2009-12-18 11:18:00,2010-12-06 12:47:00,353,Medium,3,Active,0,Active,Weak,Medium
47504F,english rose torch,196.46,527,14,14.032857142857143,2009-12-01 12:13:00,2010-02-15 11:57:00,75,Short,297,Inactive,1,Churned,Churned,Medium
,"bread bin, diner style, mint",196.35,13,4,49.0875,2010-10-14 09:44:00,2010-12-05 15:40:00,52,Short,4,Active,0,Active,Weak,Medium
72801C,4 rose pink dinner candles,196.32999999999998,407,11,17.848181818181818,2010-08-04 15:48:00,2010-12-02 14:47:00,119,Medium,7,Active,0,Active,Weak,Medium
84931A,pink scottie dog w flower pattern,196.25,71,31,6.330645161290323,2009-12-01 14:28:00,2010-11-28 13:21:00,361,Medium,11,Active,0,Active,Weak,Medium
,large blue provencal ceramic ball,195.65,86,18,10.869444444444445,2009-12-09 13:00:00,2010-11-23 13:01:00,349,Medium,16,Active,0,Active,Weak,Medium
,pink  honeycomb paper fan,195.53,80,30,6.517666666666667,2009-12-03 14:39:00,2010-11-24 13:56:00,355,Medium,15,Active,0,Active,Weak,Medium
,"round snack boxes ,set4, woodland",194.70000000000002,66,3,64.9,2010-01-07 16:46:00,2010-01-14 10:35:00,6,Short,329,Inactive,1,Churned,Churned,Medium
90005A,jade green enamel hair comb,193.07,94,49,3.940204081632653,2009-12-01 14:28:00,2010-12-08 14:25:00,371,Medium,1,Active,0,Active,Weak,Medium
,kings choice small tube matches,193.04999999999998,117,16,12.065624999999999,2009-12-01 09:46:00,2010-02-21 12:42:00,82,Short,291,Inactive,1,Churned,Churned,Medium
,green easter egg hunt start post,192.87,85,16,12.054375,2010-01-29 09:21:00,2010-04-06 15:37:00,67,Short,247,Inactive,1,Churned,Churned,Medium
90129E,purple glass tassle bag charm,192.74,91,46,4.19,2009-12-16 12:17:00,2010-12-06 16:57:00,355,Medium,3,Active,0,Active,Weak,Medium
72801D,4 sky blue dinner candles,192.35,331,19,10.123684210526315,2010-08-04 16:27:00,2010-12-02 14:47:00,119,Medium,7,Active,0,Active,Weak,Medium
90082A,diamante bow brooch green colour,192.26,30,15,12.817333333333332,2009-12-02 13:00:00,2010-12-02 13:49:00,365,Medium,7,Active,0,Active,Weak,Medium
84899F,yellow purple daisy felt purse kit,192.17,121,53,3.6258490566037733,2009-12-01 12:14:00,2010-11-26 11:20:00,359,Medium,13,Active,0,Active,Weak,Medium
90185B,amethyst diamante expandable ring,191.66,45,23,8.333043478260869,2009-12-01 10:49:00,2010-12-02 13:49:00,366,Medium,7,Active,0,Active,Weak,Medium
,four rabbit easter decorations,191.5,998,9,21.27777777777778,2010-01-27 16:41:00,2010-03-12 16:18:00,43,Short,272,Inactive,1,Churned,Churned,Medium
,crystal sea horse phone charm,191.42,206,30,6.3806666666666665,2009-12-01 12:56:00,2010-12-09 14:09:00,373,Medium,0,Active,0,Active,Weak,Medium
47574B,english rose scented hanging heart,191.25,45,25,7.65,2010-01-06 13:56:00,2010-11-28 14:57:00,326,Medium,11,Active,0,Active,Weak,Medium
90196B,black gemstone necklace 45cm,191.25,15,10,19.125,2009-12-06 11:27:00,2010-12-03 14:54:00,362,Medium,6,Active,0,Active,Weak,Medium
,"cake tin, round, vintage mint,ivory",190.65,27,4,47.6625,2010-10-15 09:33:00,2010-11-25 09:46:00,41,Short,14,Active,0,Active,Weak,Medium
,new england milk jug w gift box,190.4,32,26,7.323076923076924,2009-12-02 13:33:00,2010-08-24 17:21:00,265,Medium,107,Inactive,1,Churned,Churned,Medium
,pink b'fly c/cover w bobbles,190.4,32,10,19.04,2009-12-03 16:21:00,2010-12-01 11:45:00,362,Medium,8,Active,0,Active,Weak,Medium
90163A,pink rosebud & pearl necklace,190.39000000000001,25,15,12.692666666666668,2009-12-04 09:43:00,2010-11-11 12:06:00,342,Medium,28,Active,0,Active,Weak,Medium
84255B,orange cocktail glass lamp,190.16,65,18,10.564444444444444,2009-12-03 13:32:00,2010-03-09 12:12:00,95,Short,275,Inactive,1,Churned,Churned,Medium
,assorted colour lizard suction hook,189.78,493,20,9.489,2010-02-07 14:58:00,2010-12-01 13:04:00,296,Medium,8,Active,0,Active,Weak,Medium
84926C,fairy cakes tile coaster,189.6,138,31,6.116129032258065,2009-12-01 14:28:00,2010-08-05 14:57:00,247,Medium,126,Inactive,1,Churned,Churned,Medium
,baking mould heart white chocolate,189.45,87,5,37.89,2010-12-08 10:40:00,2010-12-09 10:05:00,0,Short,0,Active,0,Active,Weak,Medium
84510C,set of 4 polkadots coasters,189.1,132,48,3.939583333333333,2009-12-02 12:39:00,2010-09-21 15:51:00,293,Medium,79,Inactive,1,Churned,Churned,Medium
,blue polkadot coffee mug,189.05,85,13,14.542307692307693,2010-10-01 14:57:00,2010-12-02 15:46:00,62,Short,7,Active,0,Active,Weak,Medium
84711A,silver oval shape trinket box,189.04999999999998,19,8,23.631249999999998,2009-12-13 12:04:00,2010-12-06 12:06:00,358,Medium,3,Active,0,Active,Weak,Medium
,candy spot hand bag,189.02,88,27,7.000740740740741,2009-12-02 11:53:00,2010-11-24 13:56:00,357,Medium,15,Active,0,Active,Weak,Medium
,plantpot single hook pistachio,188.95000000000002,167,4,47.237500000000004,2009-12-04 09:43:00,2010-01-12 15:57:00,39,Short,331,Inactive,1,Churned,Churned,Medium
85232A,set/3 polkadot stacking tins,188.91,35,15,12.594,2010-09-30 15:47:00,2010-11-29 09:46:00,59,Short,10,Active,0,Active,Weak,Medium
84706B,fairy cakes table clock,188.73,20,9,20.97,2009-12-03 15:09:00,2010-02-11 13:41:00,69,Short,301,Inactive,1,Churned,Churned,Medium
,blue cat biscuit barrel pink heart,188.72,30,15,12.581333333333333,2009-12-06 13:05:00,2010-11-28 14:57:00,357,Medium,11,Active,0,Active,Weak,Medium
,doorstop russian doll gingham,188.22,44,28,6.722142857142857,2010-03-12 11:19:00,2010-08-11 15:40:00,152,Medium,120,Inactive,1,Churned,Churned,Medium
,circus parade childrens egg cup,187.56,144,18,10.42,2010-11-24 16:18:00,2010-12-09 12:17:00,14,Short,0,Active,0,Active,Weak,Medium
,ninja rabbit black,187.17,137,35,5.347714285714285,2009-12-05 16:01:00,2010-12-06 16:57:00,366,Medium,3,Active,0,Active,Weak,Medium
,ant white iron basket,186.35000000000002,33,15,12.423333333333336,2009-12-06 12:26:00,2010-03-01 13:10:00,85,Short,283,Inactive,1,Churned,Churned,Medium
,popart col ballpoint pen asst,185.73,4313,10,18.573,2010-01-07 14:20:00,2010-11-16 12:50:00,312,Medium,23,Active,0,Active,Weak,Medium
90014B,gold m pearl  orbit necklace,185.59,18,14,13.256428571428572,2009-12-04 09:43:00,2010-12-06 09:58:00,367,Medium,3,Active,0,Active,Weak,Medium
84509C,set of 4 polkadot placemats,185.55,34,19,9.765789473684212,2010-09-28 17:47:00,2010-12-09 16:31:00,71,Short,0,Active,0,Active,Weak,Medium
,pink/blue disc/mirror string,185.44,217,24,7.726666666666667,2009-12-20 12:10:00,2010-12-06 16:57:00,351,Medium,3,Active,0,Active,Weak,Medium
,flag of st george chair,185.3,118,11,16.845454545454547,2010-01-27 16:34:00,2010-08-12 11:47:00,196,Medium,119,Inactive,1,Churned,Churned,Medium
,green floral feltcraft shoulder bag,185.11,43,19,9.74263157894737,2009-12-01 12:14:00,2010-01-12 09:47:00,41,Short,331,Inactive,1,Churned,Churned,Medium
35638B,pink/blue string curtain,184.95999999999998,61,6,30.826666666666664,2009-12-09 09:42:00,2010-11-24 15:03:00,350,Medium,15,Active,0,Active,Weak,Medium
,porcelain hanging bell small,184.61,126,15,12.307333333333334,2010-04-11 15:54:00,2010-11-29 09:46:00,231,Medium,10,Active,0,Active,Weak,Medium
47593B,scottie dogs baby bib,184.45,185,67,2.7529850746268654,2010-07-19 12:17:00,2010-12-09 14:09:00,143,Medium,0,Active,0,Active,Weak,Medium
35838A,s/6 multicolour ornamenetal candle,184.4,180,20,9.22,2009-12-07 13:48:00,2010-09-29 12:49:00,295,Medium,71,Inactive,1,Churned,Churned,Medium
84803A,pink allium  artificial flower,184.21,109,16,11.513125,2010-01-07 11:52:00,2010-11-18 13:51:00,315,Medium,21,Active,0,Active,Weak,Medium
84029D,leopard print hot water bottle,183.98000000000002,51,15,12.265333333333334,2009-12-07 15:26:00,2010-02-08 14:00:00,62,Short,304,Inactive,1,Churned,Churned,Medium
,dairy maid ceramic toastrack,183.06,59,19,9.634736842105264,2009-12-01 13:29:00,2010-05-20 14:06:00,170,Medium,203,Inactive,1,Churned,Churned,Medium
90206C,crystal diamante star brooch,182.97,36,27,6.776666666666666,2009-12-01 14:28:00,2010-12-01 17:06:00,365,Medium,8,Active,0,Active,Weak,Medium
84800M,medium white/pink rose art flower,182.91,123,16,11.431875,2010-01-28 17:13:00,2010-11-29 11:51:00,304,Medium,10,Active,0,Active,Weak,Medium
85230G,orange votive candle,182.64,696,23,7.94086956521739,2009-12-02 13:06:00,2010-12-09 12:49:00,371,Medium,0,Active,0,Active,Weak,Medium
,party pizza dish pink retrospot,181.54999999999998,185,24,7.564583333333332,2010-04-21 13:00:00,2010-10-12 08:08:00,173,Medium,58,At Risk,0,Active,At Risk,Medium
37379B,blue cherry blossom cup & saucer,181.5,1122,3,60.5,2010-03-04 09:32:00,2010-03-23 13:52:00,19,Short,261,Inactive,1,Churned,Churned,Medium
,mini jigsaw bunnies at home,181.44,432,9,20.16,2010-03-28 15:11:00,2010-09-20 13:08:00,175,Medium,80,Inactive,1,Churned,Churned,Medium
,space frog,181.37,139,28,6.4775,2009-12-01 14:28:00,2010-12-05 13:03:00,368,Medium,4,Active,0,Active,Weak,Medium
,fine silver necklace w pastel flowe,181.14,24,12,15.094999999999999,2009-12-13 12:31:00,2010-11-16 16:46:00,338,Medium,23,Active,0,Active,Weak,Medium
,freestyle canvas art picture,181.09999999999997,94,12,15.091666666666663,2009-12-03 15:50:00,2010-12-07 12:29:00,368,Medium,2,Active,0,Active,Weak,Medium
,bird box christmas tree decoration,181.01,211,40,4.52525,2009-12-01 12:13:00,2010-12-09 16:27:00,373,Medium,0,Active,0,Active,Weak,Medium
90201A,purple enamel flower ring,180.32999999999998,61,26,6.93576923076923,2009-12-13 11:34:00,2010-11-22 13:02:00,344,Medium,17,Active,0,Active,Weak,Medium
,cute cats tape,180.29000000000002,243,41,4.397317073170732,2009-12-02 12:32:00,2010-12-05 13:00:00,368,Medium,4,Active,0,Active,Weak,Medium
85170B,set/6 black bird t-light candles,180.16,78,23,7.833043478260869,2009-12-02 14:36:00,2010-12-09 14:19:00,371,Medium,0,Active,0,Active,Weak,Medium
46000U,polyester filler pad 30cmx30cm,180.0,164,26,6.923076923076923,2009-12-03 13:25:00,2010-11-05 12:09:00,336,Medium,34,At Risk,0,Active,At Risk,Medium
,lunchbag pink retrospot,179.91,108,14,12.850714285714286,2010-01-25 11:18:00,2010-02-03 15:34:00,9,Short,309,Inactive,1,Churned,Churned,Medium
47347B,blue flower t-light holder,179.88,240,11,16.35272727272727,2009-12-07 13:35:00,2010-03-08 15:49:00,91,Short,276,Inactive,1,Churned,Churned,Medium
,set/3 colour painted kashmiri stool,179.85000000000002,3,2,89.92500000000001,2010-02-22 13:40:00,2010-05-19 17:49:00,86,Short,204,Inactive,1,Churned,Churned,Medium
17011A,origami vanilla incense+flower,179.56,261,12,14.963333333333333,2009-12-22 09:41:00,2010-08-20 09:23:00,240,Medium,111,Inactive,1,Churned,Churned,Medium
90178B,purple chunky glass+bead necklace,179.45999999999998,15,10,17.945999999999998,2009-12-14 17:16:00,2010-11-12 11:31:00,332,Medium,27,Active,0,Active,Weak,Medium
84984D,oriental red cushion cover,179.35,119,6,29.891666666666666,2010-03-01 10:07:00,2010-11-29 17:00:00,273,Medium,10,Active,0,Active,Weak,Medium
90210B,clear acrylic faceted bangle,179.34,64,20,8.967,2009-12-10 14:19:00,2010-12-09 14:09:00,363,Medium,0,Active,0,Active,Weak,Medium
,s/60 pink fluffy chicks in box,179.1,82,11,16.28181818181818,2010-01-08 15:19:00,2010-02-19 14:11:00,41,Short,293,Inactive,1,Churned,Churned,Medium
82011A,"bathroom scales, tropical beach",179.08,41,22,8.14,2010-02-03 08:50:00,2010-10-22 12:22:00,261,Medium,48,At Risk,0,Active,At Risk,Medium
90185C,black diamante expandable ring,178.86,42,25,7.154400000000001,2009-12-01 10:49:00,2010-12-07 15:28:00,371,Medium,2,Active,0,Active,Weak,Medium
,silver lariat 40cm,178.78,14,11,16.252727272727274,2009-12-17 18:51:00,2010-11-22 13:59:00,339,Medium,17,Active,0,Active,Weak,Medium
90211B,jet black las vegas necklace 45cm,178.73000000000002,30,22,8.12409090909091,2009-12-02 14:36:00,2010-12-09 11:30:00,371,Medium,0,Active,0,Active,Weak,Medium
90199B,5 strand glass necklace amethyst,178.39,28,24,7.432916666666666,2009-12-01 14:59:00,2010-12-03 11:36:00,366,Medium,6,Active,0,Active,Weak,Medium
,party pizza dish blue retrospot,178.34,206,28,6.369285714285715,2010-04-08 16:45:00,2010-10-12 08:08:00,186,Medium,58,At Risk,0,Active,At Risk,Medium
,"cake tin, 3 tier mint/ivory",176.75,13,4,44.1875,2010-10-14 14:11:00,2010-11-25 09:46:00,41,Short,14,Active,0,Active,Weak,Medium
82607C,glass bonbon jar. superfines,175.60999999999999,115,43,4.083953488372092,2009-12-01 14:28:00,2010-03-09 12:48:00,97,Short,275,Inactive,1,Churned,Churned,Medium
,6 segment coloured snack bowl,175.48000000000002,21,11,15.952727272727275,2009-12-08 13:38:00,2010-06-09 14:04:00,183,Medium,183,Inactive,1,Churned,Churned,Medium
,chunky cracked glaze necklace ivory,175.48000000000002,16,11,15.952727272727275,2009-12-08 15:49:00,2010-12-06 10:08:00,362,Medium,3,Active,0,Active,Weak,Medium
90036C,"flower glass garland neckl.36""blue",175.43,22,10,17.543,2009-12-03 17:57:00,2010-11-12 17:00:00,343,Medium,27,Active,0,Active,Weak,Medium
,gold aperitif glass,175.04000000000002,85,6,29.173333333333336,2009-12-01 10:18:00,2010-11-23 11:26:00,357,Medium,16,Active,0,Active,Weak,Medium
84967A,pink kashmiri occasional table,174.9,3,3,58.300000000000004,2010-02-02 16:07:00,2010-10-24 10:41:00,263,Medium,46,At Risk,0,Active,At Risk,Medium
35911A,multicolour rabbit egg warmer,174.62,69,26,6.716153846153846,2009-12-02 15:41:00,2010-11-12 13:05:00,344,Medium,27,Active,0,Active,Weak,Medium
90186A,amethyst hoop earring floral leaf,174.52,59,25,6.9808,2009-12-03 14:39:00,2010-12-02 13:49:00,363,Medium,7,Active,0,Active,Weak,Medium
85129B,beaded crystal heart green small,174.03,135,29,6.00103448275862,2009-12-15 13:40:00,2010-12-09 10:33:00,358,Medium,0,Active,0,Active,Weak,Medium
90081A,lily brooch amethyst colour,173.5,35,17,10.205882352941176,2009-12-07 16:38:00,2010-12-02 13:49:00,359,Medium,7,Active,0,Active,Weak,Medium
84876B,green heart compact mirror,172.5,126,7,24.642857142857142,2009-12-10 19:35:00,2010-11-30 10:12:00,354,Medium,9,Active,0,Active,Weak,Medium
,st tropez necklace,172.38,34,30,5.7459999999999996,2009-12-01 14:28:00,2010-12-07 15:28:00,371,Medium,2,Active,0,Active,Weak,Medium
84800S,small white/pink rose art flower,171.97,281,10,17.197,2010-02-19 12:34:00,2010-10-22 13:38:00,245,Medium,48,At Risk,0,Active,At Risk,Medium
47593A,carousel design baby bib,171.91,165,54,3.1835185185185186,2009-12-07 13:59:00,2010-07-19 13:46:00,223,Medium,143,Inactive,1,Churned,Churned,Medium
84247K,"folk art greeting card,pack/12",171.53,54,20,8.5765,2009-12-02 14:06:00,2010-12-03 12:24:00,365,Medium,6,Active,0,Active,Weak,Medium
,cartoon  pencil sharpeners,171.21,811,37,4.627297297297297,2009-12-08 15:49:00,2010-12-07 18:36:00,364,Medium,2,Active,0,Active,Weak,Medium
85185C,cow  sock puppet,171.10000000000002,58,27,6.337037037037038,2009-12-02 13:26:00,2010-08-01 14:35:00,242,Medium,130,Inactive,1,Churned,Churned,Medium
84711B,pink oval shape trinket box,171.07,19,17,10.062941176470588,2009-12-02 14:36:00,2010-11-29 16:45:00,362,Medium,10,Active,0,Active,Weak,Medium
84706C,pink flock table clock,170.8,84,4,42.7,2009-12-01 13:20:00,2010-01-27 12:39:00,56,Short,316,Inactive,1,Churned,Churned,Medium
72800C,4 pink dinner candle silver flock,170.73000000000002,136,15,11.382000000000001,2010-08-04 16:08:00,2010-11-29 15:36:00,116,Medium,10,Active,0,Active,Weak,Medium
90122A,pink crystal+glass bracelet,169.36,34,17,9.962352941176471,2010-01-11 09:33:00,2010-11-28 16:09:00,321,Medium,11,Active,0,Active,Weak,Medium
,baking mould toffee cup chocolate,169.05,79,3,56.35,2010-12-08 10:40:00,2010-12-09 10:04:00,0,Short,0,Active,0,Active,Weak,Medium
,ivory shell heart necklace,168.75,27,16,10.546875,2010-01-21 13:21:00,2010-11-24 14:21:00,307,Medium,15,Active,0,Active,Weak,Medium
90129C,green glass tassle bag charm,168.6,75,36,4.683333333333334,2009-12-02 15:51:00,2010-12-06 16:57:00,369,Medium,3,Active,0,Active,Weak,Medium
,pop art push down rubber,168.53999999999996,2047,11,15.321818181818179,2009-12-16 13:23:00,2010-10-25 14:41:00,313,Medium,45,At Risk,0,Active,At Risk,Medium
90019A,silver m.o.p orbit bracelet,168.52,32,25,6.7408,2009-12-02 14:43:00,2010-12-07 18:36:00,370,Medium,2,Active,0,Active,Weak,Medium
90201D,green enamel flower ring,168.49,57,27,6.24037037037037,2009-12-18 17:06:00,2010-12-08 14:25:00,354,Medium,1,Active,0,Active,Weak,Medium
85205A,ivory felt easter rabbit garland,168.29999999999998,66,21,8.014285714285714,2010-02-02 12:47:00,2010-03-23 12:11:00,48,Short,261,Inactive,1,Churned,Churned,Medium
35818B,"acrylic jewel icicle, blue",168.27,377,8,21.03375,2010-04-13 14:27:00,2010-11-24 09:51:00,224,Medium,15,Active,0,Active,Weak,Medium
,mirrored wall art table lamp,168.12,83,19,8.84842105263158,2009-12-02 14:36:00,2010-12-01 15:15:00,364,Medium,8,Active,0,Active,Weak,Medium
90036A,flower garland necklace red,168.06,21,16,10.50375,2009-12-03 14:39:00,2010-11-23 16:53:00,355,Medium,16,Active,0,Active,Weak,Medium
,blue pudding spoon,167.88,392,41,4.0946341463414635,2009-12-07 13:59:00,2010-12-06 16:57:00,364,Medium,3,Active,0,Active,Weak,Medium
,french blue metal door sign 1,167.71,116,32,5.2409375,2010-11-08 17:34:00,2010-12-07 15:28:00,28,Short,2,Active,0,Active,Weak,Medium
,teatime push down rubber,167.7,371,23,7.291304347826086,2009-12-16 17:01:00,2010-12-07 15:28:00,355,Medium,2,Active,0,Active,Weak,Medium
,texrio tomatoes candle+cup,166.78,128,40,4.1695,2009-12-06 12:14:00,2010-05-13 15:42:00,158,Medium,210,Inactive,1,Churned,Churned,Medium
,set/3 rabbits flower skippping rope,166.17,165,38,4.372894736842105,2010-01-24 14:57:00,2010-09-28 17:18:00,247,Medium,72,Inactive,1,Churned,Churned,Medium
84951A,s/4 pistachio lovebird coasters,166.1,106,24,6.920833333333333,2009-12-01 11:34:00,2010-01-22 10:01:00,51,Short,321,Inactive,1,Churned,Churned,Medium
,red spotty beaker,165.75,85,16,10.359375,2010-01-26 10:09:00,2010-08-16 12:12:00,202,Medium,115,Inactive,1,Churned,Churned,Medium
10123G,army camo wrapping tape,165.55999999999997,2251,16,10.347499999999998,2009-12-01 14:28:00,2010-11-29 15:26:00,363,Medium,10,Active,0,Active,Weak,Medium
90201C,red enamel flower ring,165.51999999999998,56,25,6.620799999999999,2009-12-23 15:30:00,2010-11-22 11:37:00,333,Medium,17,Active,0,Active,Weak,Medium
84984D,oriental red c/cover,165.11,27,11,15.010000000000002,2009-12-01 13:47:00,2010-02-28 11:13:00,88,Short,284,Inactive,1,Churned,Churned,Medium
84806A,pink candystuft artificial flower,165.01999999999998,182,9,18.335555555555555,2010-01-24 15:54:00,2010-10-22 13:27:00,270,Medium,48,At Risk,0,Active,At Risk,Medium
,assorted bottle top  magnets,164.34,309,21,7.825714285714286,2010-11-19 13:09:00,2010-12-09 14:09:00,20,Short,0,Active,0,Active,Weak,Medium
,pin cushion babushka blue,164.29000000000002,47,16,10.268125000000001,2010-08-17 11:30:00,2010-12-06 10:08:00,110,Medium,3,Active,0,Active,Weak,Medium
,mirrored wall art foxy,164.01,40,14,11.715,2009-12-06 15:08:00,2010-12-01 12:31:00,359,Medium,8,Active,0,Active,Weak,Medium
,spaceboy childrens egg cup,163.88,118,22,7.449090909090909,2010-11-24 14:29:00,2010-12-09 12:17:00,14,Short,0,Active,0,Active,Weak,Medium
84927D,la palmiera tile hook,163.64,907,15,10.909333333333333,2010-04-18 15:53:00,2010-12-07 18:36:00,233,Medium,2,Active,0,Active,Weak,Medium
,folding umbrella chocolate polkadot,163.62,32,11,14.874545454545455,2010-10-03 16:04:00,2010-12-07 14:41:00,64,Short,2,Active,0,Active,Weak,Medium
85179A,green bitty light chain,162.87,29,15,10.858,2009-12-03 10:26:00,2010-12-06 10:08:00,367,Medium,3,Active,0,Active,Weak,Medium
,set/6 posies paper plates,162.64,178,27,6.023703703703704,2009-12-17 14:08:00,2010-12-03 12:01:00,350,Medium,6,Active,0,Active,Weak,Medium
17012F,origami sandlewood incense/cand set,162.6,143,18,9.033333333333333,2010-03-03 11:53:00,2010-12-07 15:28:00,279,Medium,2,Active,0,Active,Weak,Medium
,silver aperitif glass,162.32000000000002,79,6,27.053333333333338,2009-12-01 10:18:00,2010-11-19 11:12:00,353,Medium,20,Active,0,Active,Weak,Medium
,summer butterflies bag charm,162.0,61,32,5.0625,2009-12-06 12:28:00,2010-12-08 14:25:00,367,Medium,1,Active,0,Active,Weak,Medium
,floral dinosaur green,161.89000000000001,33,18,8.99388888888889,2009-12-02 15:04:00,2010-03-14 12:41:00,101,Medium,270,Inactive,1,Churned,Churned,Medium
90209A,purple enamel+glass hair comb,161.7,89,6,26.95,2009-12-01 10:49:00,2010-09-20 16:48:00,293,Medium,80,Inactive,1,Churned,Churned,Medium
85130B,beaded crystal heart green large,161.26,78,22,7.329999999999999,2010-01-11 09:35:00,2010-12-07 15:28:00,330,Medium,2,Active,0,Active,Weak,Medium
84706F,red peony table clock,161.1,18,7,23.014285714285712,2009-12-01 12:32:00,2010-11-10 14:27:00,344,Medium,29,Active,0,Active,Weak,Medium
,silver sleighbell  wreath,160.45,19,9,17.827777777777776,2009-12-01 12:02:00,2009-12-22 15:01:00,21,Short,352,Inactive,1,Churned,Churned,Medium
84535A,english rose notebook a6 size,160.37,208,43,3.7295348837209303,2009-12-01 14:28:00,2010-02-14 15:13:00,75,Short,298,Inactive,1,Churned,Churned,Medium
,candy stripe rose floor cushion,160.15,15,6,26.691666666666666,2010-01-14 11:59:00,2010-04-23 16:16:00,99,Short,230,Inactive,1,Churned,Churned,Medium
,mirrored wall art snowflakes,159.85,124,14,11.417857142857143,2009-12-04 15:16:00,2010-11-29 16:13:00,360,Medium,10,Active,0,Active,Weak,Medium
,ceramic heart cake money bank,159.6,120,5,31.919999999999998,2010-05-20 10:42:00,2010-06-29 09:32:00,39,Short,163,Inactive,1,Churned,Churned,Medium
85166A,white metal baroque photo frame,158.9,77,12,13.241666666666667,2009-12-02 14:43:00,2010-01-18 16:09:00,47,Short,325,Inactive,1,Churned,Churned,Medium
,cote d'azure necklace,158.79,32,15,10.586,2009-12-06 13:29:00,2010-11-14 12:47:00,342,Medium,25,Active,0,Active,Weak,Medium
,mug and coaster set red circles,158.76,378,2,79.38,2010-06-02 14:48:00,2010-06-29 15:17:00,27,Short,163,Inactive,1,Churned,Churned,Medium
,resin necklace w pastel beads,158.54,21,14,11.324285714285713,2009-12-02 13:57:00,2010-11-21 14:36:00,354,Medium,18,Active,0,Active,Weak,Medium
,food/drink spunge stickers,158.19,759,20,7.9094999999999995,2009-12-02 12:26:00,2010-07-29 08:04:00,238,Medium,133,Inactive,1,Churned,Churned,Medium
,door mat camouflage,158.04,39,2,79.02,2009-12-14 17:16:00,2009-12-15 19:09:00,1,Short,359,Inactive,1,Churned,Churned,Medium
,enamel cat bowl cream,157.8,52,3,52.6,2010-10-15 11:47:00,2010-10-25 16:43:00,10,Short,45,At Risk,0,Active,At Risk,Medium
,set/4 daisy mirror magnets,157.62,190,27,5.837777777777778,2009-12-03 12:40:00,2010-12-08 12:08:00,369,Medium,1,Active,0,Active,Weak,Medium
,blue white scarf hot water bottle,157.6,28,14,11.257142857142856,2009-12-01 11:45:00,2010-02-17 16:00:00,78,Short,295,Inactive,1,Churned,Churned,Medium
90185D,crystal diamante expandable ring,157.45,37,26,6.05576923076923,2009-12-03 14:39:00,2010-12-05 15:12:00,367,Medium,4,Active,0,Active,Weak,Medium
,flat palm t-light holder,156.65,133,24,6.527083333333334,2009-12-08 12:54:00,2010-09-16 14:08:00,282,Medium,84,Inactive,1,Churned,Churned,Medium
84806B,white candystuft artificial flower,156.45999999999998,142,12,13.038333333333332,2010-03-14 11:55:00,2010-11-29 11:51:00,259,Medium,10,Active,0,Active,Weak,Medium
90081C,lily brooch olive colour,155.96,31,22,7.08909090909091,2009-12-01 14:28:00,2010-12-06 10:08:00,369,Medium,3,Active,0,Active,Weak,Medium
84914A,pink rose picnic rug,155.7,6,5,31.139999999999997,2010-05-05 13:22:00,2010-06-09 17:34:00,35,Short,183,Inactive,1,Churned,Churned,Medium
90019C,silver black orbit bracelet,155.67,29,25,6.2268,2009-12-03 13:49:00,2010-12-08 14:25:00,370,Medium,1,Active,0,Active,Weak,Medium
16202E,black photo album,155.23,67,11,14.111818181818181,2009-12-02 16:18:00,2010-11-14 11:37:00,346,Medium,25,Active,0,Active,Weak,Medium
,"feltcraft hairband, s/2, red/blue",154.68,204,6,25.78,2010-03-10 10:01:00,2010-07-07 09:41:00,118,Medium,155,Inactive,1,Churned,Churned,Medium
47504H,english rose spirit level,154.54,53,25,6.1815999999999995,2009-12-03 14:39:00,2010-12-09 17:27:00,371,Medium,0,Active,0,Active,Weak,Medium
,necklace+bracelet set fruit salad,154.47,61,26,5.9411538461538465,2010-06-27 13:11:00,2010-12-03 11:19:00,158,Medium,6,Active,0,Active,Weak,Medium
37491C,green/blue ceramic candle holder,154.32000000000002,50,9,17.14666666666667,2009-12-11 15:40:00,2010-07-01 12:57:00,201,Medium,161,Inactive,1,Churned,Churned,Medium
,necklace+bracelet set blue blossom,154.23,68,26,5.931923076923076,2010-01-05 16:50:00,2010-12-08 14:25:00,336,Medium,1,Active,0,Active,Weak,Medium
,spotty coffee cup & saucer,153.78,40,14,10.984285714285715,2009-12-07 17:56:00,2010-09-19 16:27:00,285,Medium,81,Inactive,1,Churned,Churned,Medium
90042A,freshwater pearl bracelet gold,153.14,60,31,4.9399999999999995,2009-12-02 11:34:00,2010-11-28 16:09:00,361,Medium,11,Active,0,Active,Weak,Medium
,new baroque small necklace black,153.0,18,8,19.125,2009-12-06 11:27:00,2010-11-23 11:26:00,351,Medium,16,Active,0,Active,Weak,Medium
90013D,purple vintage earrings,152.94,40,14,10.924285714285714,2010-01-13 13:55:00,2010-11-15 17:04:00,306,Medium,24,Active,0,Active,Weak,Medium
84805A,cream climbing hydranga art flower,152.85,115,4,38.2125,2010-03-02 10:49:00,2010-10-11 13:48:00,223,Medium,59,At Risk,0,Active,At Risk,Medium
90040A,murano style glass bracelet red,152.76,39,29,5.267586206896551,2009-12-03 14:39:00,2010-11-23 16:53:00,355,Medium,16,Active,0,Active,Weak,Medium
,pink gingham rose cushion cover,152.6,23,9,16.955555555555556,2009-12-01 13:07:00,2010-02-01 12:10:00,61,Short,311,Inactive,1,Churned,Churned,Medium
37379A,pink cherry blossom cup & saucer,151.7,35,15,10.113333333333333,2009-12-02 14:36:00,2010-05-17 15:30:00,166,Medium,206,Inactive,1,Churned,Churned,Medium
47503A,ass floral print multi screwdriver,151.39,119,32,4.7309375,2009-12-02 14:43:00,2010-11-28 14:57:00,361,Medium,11,Active,0,Active,Weak,Medium
,pocket mirror woodland,151.25,121,18,8.402777777777779,2009-12-11 15:40:00,2010-12-06 12:23:00,359,Medium,3,Active,0,Active,Weak,Medium
DCGSSGIRL,girls party bag,151.2,45,10,15.12,2010-06-21 15:13:00,2010-11-29 09:46:00,160,Medium,10,Active,0,Active,Weak,Medium
,magic drawing slate fido,151.2,360,8,18.9,2010-03-28 13:38:00,2010-06-16 09:48:00,79,Short,176,Inactive,1,Churned,Churned,Medium
,porcelain cherub bell small,150.72,329,24,6.28,2009-12-10 13:59:00,2010-11-23 17:43:00,348,Medium,16,Active,0,Active,Weak,Medium
,blue polkadot egg cup,150.67,102,19,7.93,2010-09-24 15:35:00,2010-12-07 15:28:00,73,Short,2,Active,0,Active,Weak,Medium
,felt farm animal hen,150.10999999999999,109,28,5.361071428571428,2010-01-24 15:14:00,2010-11-29 16:45:00,309,Medium,10,Active,0,Active,Weak,Medium
90122C,turquoise crystal+glass bracelet,149.87,30,19,7.887894736842106,2009-12-14 18:37:00,2010-11-28 16:09:00,348,Medium,11,Active,0,Active,Weak,Medium
90210A,grey acrylic faceted bangle,149.79000000000002,54,11,13.617272727272729,2009-12-04 16:37:00,2010-11-28 13:05:00,358,Medium,11,Active,0,Active,Weak,Medium
,capiz chandelier,149.75,5,3,49.916666666666664,2010-03-18 16:37:00,2010-08-13 10:50:00,147,Medium,118,Inactive,1,Churned,Churned,Medium
,12 pink hen+chicks in basket,149.24,58,26,5.74,2010-01-31 11:01:00,2010-03-31 17:31:00,59,Short,253,Inactive,1,Churned,Churned,Medium
17108D,flower fairy summer bouquet sachet,149.1,355,23,6.482608695652174,2009-12-01 12:56:00,2010-03-28 14:53:00,117,Medium,256,Inactive,1,Churned,Churned,Medium
90040D,murano style glass bracelet pink,148.87,41,25,5.9548000000000005,2009-12-01 14:28:00,2010-09-14 12:06:00,286,Medium,86,Inactive,1,Churned,Churned,Medium
,red  egg  spoon,147.9,329,59,2.506779661016949,2009-12-03 07:57:00,2010-11-29 09:46:00,361,Medium,10,Active,0,Active,Weak,Medium
90197B,black glass bracelet w heart charms,147.79,29,24,6.157916666666666,2009-12-02 14:36:00,2010-11-22 11:37:00,354,Medium,17,Active,0,Active,Weak,Medium
35980C,redwhite stripe scandinavian heart,147.64,377,29,5.09103448275862,2009-12-14 15:51:00,2010-10-13 10:46:00,302,Medium,57,At Risk,0,Active,At Risk,Medium
,assorted colour metal cat,147.35,127,14,10.525,2010-02-08 14:00:00,2010-12-09 11:30:00,303,Medium,0,Active,0,Active,Weak,Medium
85131C,beaded crystal heart blue on stick,147.25,253,23,6.4021739130434785,2010-01-28 17:13:00,2010-12-06 10:08:00,311,Medium,3,Active,0,Active,Weak,Medium
,blue easter egg hunt start post,147.18,72,17,8.65764705882353,2010-01-29 09:21:00,2010-10-04 12:58:00,248,Medium,66,Inactive,1,Churned,Churned,Medium
,dot matrix canvas art picture,147.05,35,3,49.01666666666667,2010-03-03 11:53:00,2010-03-25 11:28:00,21,Short,259,Inactive,1,Churned,Churned,Medium
,frosted white base,146.66,237,31,4.730967741935483,2009-12-04 09:49:00,2010-12-08 14:25:00,369,Medium,1,Active,0,Active,Weak,Medium
84661A,white square table clock,146.26,119,24,6.094166666666666,2009-12-07 12:42:00,2010-10-19 15:36:00,316,Medium,51,At Risk,0,Active,At Risk,Medium
85024C,pink small jewelled photoframe,145.2,88,34,4.270588235294118,2009-12-04 15:16:00,2010-12-08 12:17:00,368,Medium,1,Active,0,Active,Weak,Medium
,red polkadot coffee  mug,145.01999999999998,57,13,11.155384615384614,2010-10-01 14:57:00,2010-12-07 18:36:00,67,Short,2,Active,0,Active,Weak,Medium
90024B,new baroque b'fly necklace red,144.96,17,16,9.06,2009-12-01 11:37:00,2010-11-05 11:49:00,339,Medium,34,At Risk,0,Active,At Risk,Medium
79161A,st george set of 10 party lights,144.55,49,14,10.325000000000001,2010-03-10 14:49:00,2010-11-26 13:49:00,260,Medium,13,Active,0,Active,Weak,Medium
90036F,"flower glass garld neckl36""turquois",144.23000000000002,18,12,12.019166666666669,2009-12-18 17:15:00,2010-12-08 14:25:00,354,Medium,1,Active,0,Active,Weak,Medium
84927E,flowers tile hook,144.15,435,16,9.009375,2010-02-02 09:39:00,2010-11-28 13:40:00,299,Medium,11,Active,0,Active,Weak,Medium
,green with metal bag charm,144.04,28,7,20.577142857142857,2009-12-08 15:49:00,2010-08-13 10:50:00,247,Medium,118,Inactive,1,Churned,Churned,Medium
,dolly girl childrens egg cup,143.8,110,17,8.458823529411765,2010-11-24 16:18:00,2010-12-09 12:17:00,14,Short,0,Active,0,Active,Weak,Medium
84926E,flowers tile coaster,143.76999999999998,113,13,11.059230769230767,2009-12-04 13:41:00,2010-11-23 11:26:00,353,Medium,16,Active,0,Active,Weak,Medium
,red retrospot washbag,142.99,49,18,7.943888888888889,2010-09-28 09:36:00,2010-12-09 16:26:00,72,Short,0,Active,0,Active,Weak,Medium
37482P,cubic mug pink polkadot,142.8,56,10,14.280000000000001,2010-10-03 10:50:00,2010-12-06 11:01:00,64,Short,3,Active,0,Active,Weak,Medium
,teal/fuschia col bead necklace,142.03,28,23,6.175217391304348,2009-12-02 14:36:00,2010-11-28 16:09:00,361,Medium,11,Active,0,Active,Weak,Medium
47503H,ass floral print spirit level,141.42,62,25,5.6568,2009-12-08 13:59:00,2010-12-06 16:57:00,363,Medium,3,Active,0,Active,Weak,Medium
90065B,black vint art dec crystal bracelet,141.37,20,14,10.097857142857142,2009-12-13 10:48:00,2010-11-18 16:10:00,340,Medium,21,Active,0,Active,Weak,Medium
72740A,large strawberry chocolate candle,141.23,65,12,11.769166666666665,2009-12-02 14:36:00,2010-01-05 12:13:00,33,Short,338,Inactive,1,Churned,Churned,Medium
47574A,english rose scented hanging flower,140.28,28,16,8.7675,2009-12-09 09:51:00,2010-12-07 09:13:00,362,Medium,2,Active,0,Active,Weak,Medium
,silver rococo candelabra,140.23,9,6,23.371666666666666,2009-12-02 15:41:00,2010-03-16 13:44:00,103,Medium,268,Inactive,1,Churned,Churned,Medium
84508C,blue circles design teddy,140.13,52,20,7.0065,2009-12-04 16:52:00,2010-12-08 14:25:00,368,Medium,1,Active,0,Active,Weak,Medium
,seagrass s/3 squ laundry box,139.95,12,2,69.975,2010-01-17 16:05:00,2010-09-03 17:24:00,229,Medium,97,Inactive,1,Churned,Churned,Medium
,"number tile cottage garden, 1",139.69,67,11,12.69909090909091,2010-10-17 13:46:00,2010-11-10 14:48:00,24,Short,29,Active,0,Active,Weak,Medium
35818P,"acrylic jewel icicle, pink",139.68,297,7,19.954285714285714,2010-05-14 12:00:00,2010-12-01 14:32:00,201,Medium,8,Active,0,Active,Weak,Medium
47592A,carousel childrens overall,139.56,74,27,5.168888888888889,2010-07-12 14:52:00,2010-09-13 11:28:00,62,Short,87,Inactive,1,Churned,Churned,Medium
,heart measuring spoons large,138.59999999999997,84,5,27.71999999999999,2009-12-01 07:46:00,2010-01-05 09:16:00,35,Short,338,Inactive,1,Churned,Churned,Medium
,clear crystal star phone charm,138.43,158,16,8.651875,2009-12-01 12:56:00,2010-12-09 14:09:00,373,Medium,0,Active,0,Active,Weak,Medium
,letter shape pencil sharpener,137.64000000000001,825,43,3.20093023255814,2009-12-04 15:16:00,2010-11-29 12:46:00,359,Medium,10,Active,0,Active,Weak,Medium
72754B,f fairy potpourri cushions lavender,137.54,170,8,17.1925,2009-12-01 11:51:00,2010-01-08 14:12:00,38,Short,335,Inactive,1,Churned,Churned,Medium
90042C,freshwater pearl bracelet ivory,137.51,54,21,6.548095238095238,2010-06-02 11:54:00,2010-11-28 16:09:00,179,Medium,11,Active,0,Active,Weak,Medium
90123D,white heart of glass bracelet,137.07999999999998,23,9,15.23111111111111,2009-12-04 09:43:00,2010-11-28 15:18:00,359,Medium,11,Active,0,Active,Weak,Medium
90060F,fire polished glass neckl green,136.92000000000002,23,13,10.532307692307693,2009-12-06 13:40:00,2010-12-03 11:36:00,361,Medium,6,Active,0,Active,Weak,Medium
,space cadet white,136.88,108,21,6.5180952380952375,2009-12-04 15:11:00,2010-12-02 15:46:00,363,Medium,7,Active,0,Active,Weak,Medium
84709A,silver oval jewelled mirror,136.85,23,13,10.526923076923076,2010-05-28 12:21:00,2010-10-26 16:47:00,151,Medium,44,At Risk,0,Active,At Risk,Medium
,french lattice cushion cover,136.59,75,9,15.176666666666668,2010-02-14 11:52:00,2010-12-01 14:32:00,290,Medium,8,Active,0,Active,Weak,Medium
35824P,"hanging flowers+mirror,pink",136.44,324,3,45.48,2010-03-22 14:34:00,2010-04-23 11:12:00,31,Short,230,Inactive,1,Churned,Churned,Medium
,hanging wood and felt flower,136.38,304,51,2.6741176470588233,2009-12-14 17:57:00,2010-12-06 09:58:00,356,Medium,3,Active,0,Active,Weak,Medium
,rose du sud childrens apron,135.93,31,18,7.551666666666667,2010-07-13 15:44:00,2010-11-05 11:17:00,114,Medium,34,At Risk,0,Active,At Risk,Medium
17011D,origami rose incense+flower,135.7,209,4,33.925,2009-12-15 18:33:00,2010-08-20 09:23:00,247,Medium,111,Inactive,1,Churned,Churned,Medium
,hand towel pink flower and daisy,135.5,24,18,7.527777777777778,2010-03-30 11:14:00,2010-12-09 16:08:00,254,Medium,0,Active,0,Active,Weak,Medium
90002A,flower burst silver ring opal,135.0,36,14,9.642857142857142,2009-12-07 12:32:00,2010-11-04 12:39:00,332,Medium,35,At Risk,0,Active,At Risk,Medium
,big polkadot mug,134.42,74,6,22.403333333333332,2010-09-24 11:11:00,2010-11-30 14:07:00,67,Short,9,Active,0,Active,Weak,Medium
,jacobs ladder small,134.08,2072,39,3.4379487179487183,2009-12-02 16:18:00,2010-11-07 13:47:00,339,Medium,32,At Risk,0,Active,At Risk,Medium
,"garland , wooden  "" happy easter""",133.89,105,11,12.17181818181818,2009-12-01 09:57:00,2010-02-03 14:51:00,64,Short,309,Inactive,1,Churned,Churned,Medium
84555A,yellow vw beetle ceramic money box,133.85000000000002,47,16,8.365625000000001,2010-02-02 15:49:00,2010-06-13 11:49:00,130,Medium,179,Inactive,1,Churned,Churned,Medium
,dolphin windmill,133.56,63,11,12.141818181818183,2010-03-03 13:57:00,2010-07-12 10:00:00,130,Medium,150,Inactive,1,Churned,Churned,Medium
90065A,white vintage crystal bracelet,133.21,19,12,11.100833333333334,2009-12-02 14:36:00,2010-10-11 15:08:00,313,Medium,59,At Risk,0,Active,At Risk,Medium
46137D,green chenille shaggy rug,132.75,45,4,33.1875,2010-01-29 14:44:00,2010-03-19 13:51:00,48,Short,265,Inactive,1,Churned,Churned,Medium
,space cadet red,132.45,109,19,6.971052631578947,2009-12-16 16:02:00,2010-12-02 15:46:00,350,Medium,7,Active,0,Active,Weak,Medium
90018A,silver m.o.p orbit drop earrings,132.14,31,21,6.2923809523809515,2009-12-14 17:16:00,2010-12-06 09:58:00,356,Medium,3,Active,0,Active,Weak,Medium
,green wire standing candle holder,132.09,28,18,7.338333333333334,2009-12-03 12:28:00,2010-11-28 14:28:00,360,Medium,11,Active,0,Active,Weak,Medium
,silver drop earrings with flower,132.09,35,19,6.952105263157895,2009-12-07 17:56:00,2010-11-10 14:03:00,337,Medium,29,Active,0,Active,Weak,Medium
84509E,set of 4 carousel placemats,132.09,68,7,18.87,2010-06-25 15:13:00,2010-11-29 16:45:00,157,Medium,10,Active,0,Active,Weak,Medium
,vintage bead pink evening bag,131.66,28,12,10.971666666666666,2009-12-02 10:02:00,2010-12-07 15:28:00,370,Medium,2,Active,0,Active,Weak,Medium
,white rose c/cover,130.9,22,13,10.069230769230769,2009-12-01 13:07:00,2010-05-20 16:05:00,170,Medium,203,Inactive,1,Churned,Churned,Medium
35609A,pink feather christmas decoration,130.72,446,23,5.683478260869565,2009-12-02 14:36:00,2010-11-30 15:21:00,363,Medium,9,Active,0,Active,Weak,Medium
,funky girl address book,130.71,273,8,16.33875,2009-12-10 16:21:00,2009-12-22 14:15:00,11,Short,352,Inactive,1,Churned,Churned,Medium
72140E,best dad candle letters,130.37,187,21,6.208095238095238,2009-12-07 18:02:00,2010-11-30 10:56:00,357,Medium,9,Active,0,Active,Weak,Medium
84559D,3d sheet of sea world stickers,130.09,149,32,4.0653125,2009-12-01 16:17:00,2010-11-15 17:01:00,349,Medium,24,Active,0,Active,Weak,Medium
90180B,purple amethyst necklace w tassel,130.07,13,9,14.452222222222222,2009-12-03 14:39:00,2010-11-15 11:49:00,346,Medium,24,Active,0,Active,Weak,Medium
84925E,flowers wall thermometer,130.05,75,3,43.35,2009-12-02 11:33:00,2010-01-12 15:57:00,41,Short,331,Inactive,1,Churned,Churned,Medium
,vintage notebook red rose,129.80000000000004,44,12,10.81666666666667,2009-12-09 12:18:00,2010-05-16 11:24:00,157,Medium,207,Inactive,1,Churned,Churned,Medium
90129D,amber glass tassle bag charm,129.79000000000002,54,28,4.635357142857144,2009-12-16 12:17:00,2010-12-06 16:57:00,355,Medium,3,Active,0,Active,Weak,Medium
84951A,set of 4 pistachio lovebird coaster,129.65,41,18,7.202777777777778,2010-02-22 16:49:00,2010-11-29 16:45:00,279,Medium,10,Active,0,Active,Weak,Medium
84858A,natural riviera handbag,128.83,53,8,16.10375,2009-12-04 09:43:00,2010-09-15 16:17:00,285,Medium,85,Inactive,1,Churned,Churned,Medium
,card billboard font,128.54,302,25,5.1415999999999995,2010-11-21 15:55:00,2010-12-09 13:34:00,17,Short,0,Active,0,Active,Weak,Medium
,bird decoration green polkadot,128.07999999999998,124,29,4.41655172413793,2010-09-28 14:07:00,2010-12-09 14:09:00,72,Short,0,Active,0,Active,Weak,Medium
,new baroque large necklace blk/whit,127.61,15,12,10.634166666666667,2009-12-03 14:39:00,2010-12-06 09:58:00,367,Medium,3,Active,0,Active,Weak,Medium
,"bread bin, diner style, pink",127.6,8,3,42.53333333333333,2010-10-18 09:40:00,2010-11-15 10:46:00,28,Short,24,Active,0,Active,Weak,Medium
84877A,pink round compact mirror,127.5,34,13,9.807692307692308,2009-12-17 17:54:00,2010-11-30 14:21:00,347,Medium,9,Active,0,Active,Weak,Medium
84782B,black 3 tier glass plate stand,127.5,10,6,21.25,2009-12-15 12:00:00,2010-06-06 12:27:00,173,Medium,186,Inactive,1,Churned,Churned,Medium
90016B,gold/m.o.p pendant orbit necklace,127.48,15,11,11.58909090909091,2009-12-16 14:59:00,2010-11-24 14:21:00,342,Medium,15,Active,0,Active,Weak,Medium
85018C,s/6 paper boxes curious images,127.2,36,4,31.8,2009-12-09 13:50:00,2010-11-24 13:16:00,349,Medium,15,Active,0,Active,Weak,Medium
16168S,funky monkey gift bag small,126.83,1283,11,11.53,2009-12-10 11:55:00,2010-02-05 15:04:00,57,Short,307,Inactive,1,Churned,Churned,Medium
,la strega canvas picture,126.30000000000001,74,8,15.787500000000001,2009-12-09 09:34:00,2010-08-04 08:05:00,237,Medium,127,Inactive,1,Churned,Churned,Medium
82607E,glass bonbon jar. d'amandes,126.25,101,25,5.05,2009-12-03 10:03:00,2010-10-31 16:26:00,332,Medium,39,At Risk,0,Active,At Risk,Low
,pink chick egg warmer + egg cup,126.19,50,17,7.422941176470588,2009-12-02 13:06:00,2010-12-06 16:57:00,369,Medium,3,Active,0,Active,Weak,Low
,vintage enamel & crystal earrings,125.82,25,18,6.989999999999999,2009-12-02 13:57:00,2010-12-09 14:09:00,372,Medium,0,Active,0,Active,Weak,Low
47592B,scotties design child's overall,125.6,64,28,4.485714285714286,2009-12-03 14:28:00,2010-06-28 12:38:00,206,Medium,164,Inactive,1,Churned,Churned,Low
90123A,pink heart of glass bracelet,124.95,21,10,12.495000000000001,2009-12-13 12:31:00,2010-11-28 15:18:00,350,Medium,11,Active,0,Active,Weak,Low
84614A,pink baroque flock candle holder,124.83,17,10,12.483,2010-02-18 10:26:00,2010-12-03 15:45:00,288,Medium,6,Active,0,Active,Weak,Low
,zinc heart lattice charger large,124.39,29,10,12.439,2009-12-03 14:39:00,2010-12-06 09:58:00,367,Medium,3,Active,0,Active,Weak,Low
90002C,flower burst silver ring midn't blu,124.38,33,19,6.546315789473684,2009-12-02 13:57:00,2010-08-18 16:21:00,259,Medium,113,Inactive,1,Churned,Churned,Low
17084P,dragons blood incense,123.99,593,33,3.7572727272727273,2009-12-07 13:48:00,2010-12-09 14:50:00,367,Medium,0,Active,0,Active,Weak,Low
,"glass jar, kings choice soap",123.90000000000002,42,8,15.487500000000002,2010-03-25 14:06:00,2010-06-29 15:28:00,96,Short,163,Inactive,1,Churned,Churned,Low
,bread bin diner style black,123.6,8,1,123.6,2010-10-17 12:34:00,2010-10-17 12:34:00,0,Short,53,At Risk,0,Active,At Risk,Low
,metal rabbit ladder easter,123.25999999999999,124,28,4.402142857142857,2009-12-04 16:12:00,2010-06-02 11:54:00,179,Medium,190,Inactive,1,Churned,Churned,Low
,folding shoe tidy,123.15,45,6,20.525000000000002,2010-05-12 12:20:00,2010-09-10 10:09:00,120,Medium,90,Inactive,1,Churned,Churned,Low
47593A,carousel ponies baby bib,122.9,106,32,3.840625,2010-07-15 15:02:00,2010-11-30 10:56:00,137,Medium,9,Active,0,Active,Weak,Low
,pink flower hanging heart,122.46,138,17,7.2035294117647055,2009-12-14 17:57:00,2010-03-17 16:33:00,92,Short,267,Inactive,1,Churned,Churned,Low
79308B,mosaic candle dish blue purple,122.4,144,2,61.2,2010-06-02 14:48:00,2010-06-29 15:17:00,27,Short,163,Inactive,1,Churned,Churned,Low
,candy spot egg warmer rabbit,121.37,121,19,6.387894736842106,2009-12-15 18:33:00,2010-12-06 16:57:00,355,Medium,3,Active,0,Active,Weak,Low
,mosaic glass ball candleholder,121.25,97,18,6.736111111111111,2010-06-07 15:31:00,2010-10-05 13:12:00,119,Medium,65,Inactive,1,Churned,Churned,Low
90000A,raspberry ant copper flower necklac,121.07000000000001,20,13,9.313076923076924,2009-12-01 11:37:00,2010-11-16 18:18:00,350,Medium,23,Active,0,Active,Weak,Low
,magic slate bunnies at home,120.96000000000001,288,6,20.16,2010-04-28 13:23:00,2010-07-08 14:06:00,71,Short,154,Inactive,1,Churned,Churned,Low
,magic slate fido,120.96000000000001,288,6,20.16,2010-04-08 10:52:00,2010-06-01 12:44:00,54,Short,191,Inactive,1,Churned,Churned,Low
,magic slate spaceboy,120.96000000000001,288,6,20.16,2010-04-23 11:46:00,2010-07-18 13:43:00,86,Short,144,Inactive,1,Churned,Churned,Low
84705B,fairy cakes photo frame,120.13,86,5,24.026,2009-12-01 14:55:00,2009-12-23 07:57:00,21,Short,351,Inactive,1,Churned,Churned,Low
84509F,new england placemats,120.0,32,10,12.0,2009-12-04 15:16:00,2010-02-18 09:14:00,75,Short,294,Inactive,1,Churned,Churned,Low
,blue metal wall shelf,119.39999999999999,12,9,13.266666666666666,2010-01-28 13:27:00,2010-07-01 17:30:00,154,Medium,161,Inactive,1,Churned,Churned,Low
84867A,pink baby girls photo album,119.39000000000001,17,5,23.878000000000004,2010-01-07 19:34:00,2010-05-05 14:28:00,117,Medium,218,Inactive,1,Churned,Churned,Low
90024E,new baroque b'fly necklace montana,119.17,14,9,13.241111111111111,2009-12-02 14:43:00,2010-08-18 17:41:00,259,Medium,113,Inactive,1,Churned,Churned,Low
90016C,silver/black pendant orbit necklace,119.11,14,11,10.828181818181818,2010-01-11 09:30:00,2010-10-29 14:12:00,291,Medium,41,At Risk,0,Active,At Risk,Low
84288B,set/2 blue  noodle baskets,118.95,61,24,4.95625,2009-12-01 13:31:00,2010-06-23 17:16:00,204,Medium,169,Inactive,1,Churned,Churned,Low
,childrens spaceboy mug,118.79999999999998,72,5,23.759999999999998,2010-11-24 16:16:00,2010-12-08 10:13:00,13,Short,1,Active,0,Active,Weak,Low
,box of 6 pebble candles,118.39,18,8,14.79875,2009-12-01 14:43:00,2009-12-22 15:04:00,21,Short,352,Inactive,1,Churned,Churned,Low
,flower brooch 4 assorted colours,118.24000000000001,23,18,6.568888888888889,2009-12-02 13:57:00,2010-03-21 14:04:00,109,Medium,263,Inactive,1,Churned,Churned,Low
,resin bracelet w pastel beads,117.57,21,11,10.688181818181818,2010-01-11 09:37:00,2010-11-22 11:25:00,315,Medium,17,Active,0,Active,Weak,Low
90212B,jet black las vegas bracelet round,117.51,31,22,5.341363636363637,2009-12-02 14:43:00,2010-12-08 10:35:00,370,Medium,1,Active,0,Active,Weak,Low
,"number tile cottage garden, 9",117.30999999999999,59,5,23.461999999999996,2010-10-18 09:36:00,2010-11-10 09:34:00,22,Short,29,Active,0,Active,Weak,Low
,round white confetti in tube,117.21000000000001,70,9,13.023333333333333,2010-02-08 16:48:00,2010-09-16 10:51:00,219,Medium,84,Inactive,1,Churned,Churned,Low
35824C,"hanging flowers+mirror,clear",117.05,235,8,14.63125,2009-12-03 13:25:00,2010-04-08 16:49:00,126,Medium,245,Inactive,1,Churned,Churned,Low
90214S,"letter ""s"" bling key ring",116.64,96,50,2.3328,2009-12-02 11:52:00,2010-12-08 14:25:00,371,Medium,1,Active,0,Active,Weak,Low
72038P,price's candle peach,116.5,1050,9,12.944444444444445,2009-12-02 16:18:00,2010-08-27 12:18:00,267,Medium,104,Inactive,1,Churned,Churned,Low
17012D,origami rose incense/candle set,116.5,61,21,5.5476190476190474,2010-03-12 11:19:00,2010-12-01 17:06:00,264,Medium,8,Active,0,Active,Weak,Low
85169C,eau de nil love bird candle,116.47,77,26,4.479615384615385,2009-12-08 15:12:00,2010-12-03 11:36:00,359,Medium,6,Active,0,Active,Weak,Low
,"pocket mirror ""glamorous""",116.32,92,29,4.01103448275862,2009-12-09 12:57:00,2010-11-19 13:21:00,345,Medium,20,Active,0,Active,Weak,Low
,space cadet black,116.22,94,22,5.282727272727272,2009-12-01 17:19:00,2010-12-06 10:08:00,369,Medium,3,Active,0,Active,Weak,Low
,pink combo mini crystals necklace,116.21,23,12,9.684166666666666,2009-12-10 16:21:00,2010-11-07 15:52:00,331,Medium,32,At Risk,0,Active,At Risk,Low
90000B,midnight blue copper flower necklac,115.83,19,15,7.7219999999999995,2009-12-07 18:02:00,2010-12-07 15:28:00,364,Medium,2,Active,0,Active,Weak,Low
,vintage notebook pink flower,115.05000000000001,39,14,8.217857142857143,2009-12-09 12:18:00,2010-08-18 16:21:00,252,Medium,113,Inactive,1,Churned,Churned,Low
35610B,black christmas flock droplet,114.07,155,12,9.505833333333333,2009-12-02 13:10:00,2010-11-21 14:10:00,354,Medium,18,Active,0,Active,Weak,Low
90003D,crystal pair heart hair slides,113.91,30,16,7.119375,2009-12-01 10:49:00,2010-10-12 17:20:00,315,Medium,58,At Risk,0,Active,At Risk,Low
90125D,purple bertie glass bead bag charm,113.71,41,17,6.688823529411764,2009-12-01 13:13:00,2010-11-23 09:12:00,356,Medium,16,Active,0,Active,Weak,Low
90211A,diamond las vegas necklace 45cm,113.42000000000002,19,15,7.561333333333335,2009-12-14 17:16:00,2010-12-06 16:57:00,356,Medium,3,Active,0,Active,Weak,Low
,"number tile cottage garden, 7",113.41,57,3,37.803333333333335,2010-10-18 09:36:00,2010-11-03 12:20:00,16,Short,36,At Risk,0,Active,At Risk,Low
,"number tile cottage garden, 2",113.40999999999998,57,3,37.80333333333333,2010-10-18 09:36:00,2010-11-10 09:34:00,22,Short,29,Active,0,Active,Weak,Low
,"number tile cottage garden, 0",113.40999999999998,57,3,37.80333333333333,2010-10-18 09:36:00,2010-11-10 14:48:00,23,Short,29,Active,0,Active,Weak,Low
90003B,rose colour pair heart hair slides,113.31,30,16,7.081875,2009-12-01 10:49:00,2010-12-07 15:28:00,371,Medium,2,Active,0,Active,Weak,Low
17090A,lavender incense 40 cones in tin,113.3,106,18,6.294444444444444,2009-12-10 20:04:00,2010-12-03 11:48:00,357,Medium,6,Active,0,Active,Weak,Low
46138B,blue chenille shaggy cushion cover,113.14,28,13,8.703076923076923,2009-12-07 17:56:00,2010-11-09 14:04:00,336,Medium,30,Active,0,Active,Weak,Low
,milk pan blue polkadot,112.62,29,13,8.663076923076924,2010-09-24 11:34:00,2010-11-30 11:05:00,66,Short,9,Active,0,Active,Weak,Low
,french blue metal door sign 2,112.61,79,18,6.256111111111111,2010-11-08 17:34:00,2010-12-07 15:28:00,28,Short,2,Active,0,Active,Weak,Low
90181B,amethyst glass/shell/pearl necklace,112.32,12,12,9.36,2009-12-02 14:36:00,2010-12-06 16:57:00,369,Medium,3,Active,0,Active,Weak,Low
90190C,silver/amethyst drop earrings leaf,112.27,38,20,5.6135,2009-12-08 14:36:00,2010-12-06 09:58:00,362,Medium,3,Active,0,Active,Weak,Low
90036B,"flower glass garland neckl.36""green",111.30000000000001,14,8,13.912500000000001,2010-01-18 16:47:00,2010-11-12 17:00:00,298,Medium,27,Active,0,Active,Weak,Low
,assorted colour jumbo pen,111.22,261,21,5.296190476190477,2009-12-02 12:43:00,2010-04-20 12:46:00,139,Medium,233,Inactive,1,Churned,Churned,Low
,"number tile cottage garden, 5",111.14999999999999,57,3,37.05,2010-10-17 13:46:00,2010-11-03 12:20:00,16,Short,36,At Risk,0,Active,At Risk,Low
,blue/pink nest stripe box,111.12,1142,5,22.224,2010-06-13 14:40:00,2010-09-27 16:30:00,106,Medium,73,Inactive,1,Churned,Churned,Low
,daisy hair band,110.94,66,37,2.998378378378378,2009-12-07 18:02:00,2010-12-07 18:36:00,365,Medium,2,Active,0,Active,Weak,Low
90024D,new baroque b'fly necklace pink,110.68,13,11,10.061818181818182,2009-12-09 09:51:00,2010-11-05 11:49:00,331,Medium,34,At Risk,0,Active,At Risk,Low
,silver/natural shell necklace,110.67,13,7,15.81,2009-12-08 15:49:00,2010-12-09 13:34:00,365,Medium,0,Active,0,Active,Weak,Low
90124C,green murano twist necklace,110.66999999999999,11,8,13.833749999999998,2009-12-16 17:58:00,2010-11-29 09:46:00,347,Medium,10,Active,0,Active,Weak,Low
35607A,pink fluffy christmas decoration,110.61,528,29,3.814137931034483,2009-12-11 12:31:00,2010-11-28 12:08:00,351,Medium,11,Active,0,Active,Weak,Low
,assorted circular mobile,109.99000000000001,527,25,4.3996,2009-12-14 15:17:00,2010-12-09 13:03:00,359,Medium,0,Active,0,Active,Weak,Low
,pink flock glass candleholder,109.86,122,11,9.987272727272726,2009-12-02 12:19:00,2010-11-10 11:32:00,342,Medium,29,Active,0,Active,Weak,Low
,beech wood p/frame,109.85,17,11,9.986363636363636,2009-12-16 16:04:00,2010-10-18 09:28:00,305,Medium,52,At Risk,0,Active,At Risk,Low
90214J,"letter ""j"" bling key ring",109.31,91,50,2.1862,2009-12-02 11:52:00,2010-12-07 18:36:00,370,Medium,2,Active,0,Active,Weak,Low
,"number tile cottage garden, 8",109.19999999999999,56,2,54.599999999999994,2010-10-18 09:36:00,2010-11-03 12:20:00,16,Short,36,At Risk,0,Active,At Risk,Low
,"number tile cottage garden, 6",109.19999999999999,56,2,54.599999999999994,2010-10-18 09:36:00,2010-11-03 12:20:00,16,Short,36,At Risk,0,Active,At Risk,Low
,"number tile cottage garden, 4",109.19999999999999,56,2,54.599999999999994,2010-10-18 09:36:00,2010-11-03 12:20:00,16,Short,36,At Risk,0,Active,At Risk,Low
,"number tile cottage garden, 3",109.19999999999999,56,2,54.599999999999994,2010-10-18 09:36:00,2010-11-03 12:20:00,16,Short,36,At Risk,0,Active,At Risk,Low
,crystal frog phone charm,109.17,117,21,5.198571428571428,2010-03-03 11:40:00,2010-12-09 14:09:00,281,Medium,0,Active,0,Active,Weak,Low
85185F,lion sock puppet,109.15,37,19,5.744736842105263,2009-12-02 14:09:00,2010-03-08 12:17:00,95,Short,276,Inactive,1,Churned,Churned,Low
84247H,pack/12 decoupage card,109.13000000000001,42,20,5.4565,2009-12-22 12:05:00,2010-06-17 11:26:00,176,Medium,175,Inactive,1,Churned,Churned,Low
17191A,rose flower candle+incense 16x16cm,108.75,29,10,10.875,2009-12-09 14:48:00,2010-11-28 13:21:00,353,Medium,11,Active,0,Active,Weak,Low
,party pizza dish green polkadot,108.71,137,10,10.870999999999999,2010-10-07 10:39:00,2010-12-05 15:21:00,59,Short,4,Active,0,Active,Weak,Low
,rainbow pegs photo clip string,108.63,141,27,4.023333333333333,2009-12-01 14:28:00,2010-12-06 16:57:00,370,Medium,3,Active,0,Active,Weak,Low
,gold flower cushion cover,108.0,16,5,21.6,2010-02-04 15:49:00,2010-10-29 11:42:00,266,Medium,41,At Risk,0,Active,At Risk,Low
35816P,"acrylic jewel angel,pink",107.78999999999999,219,7,15.398571428571428,2010-02-18 13:29:00,2010-10-27 14:10:00,251,Medium,43,At Risk,0,Active,At Risk,Low
72753C,s/3 flwr fairy rose candles,107.68,43,6,17.94666666666667,2009-12-06 15:41:00,2010-01-20 12:35:00,44,Short,323,Inactive,1,Churned,Churned,Low
16206B,red purse with pink heart,107.65,89,14,7.689285714285715,2010-01-31 16:02:00,2010-11-28 14:15:00,300,Medium,11,Active,0,Active,Weak,Low
90030B,red kukui coconut seed necklace,107.29,18,12,8.940833333333334,2009-12-09 09:51:00,2010-12-09 14:09:00,365,Medium,0,Active,0,Active,Weak,Low
,large zinc glass candleholder,107.17,44,11,9.742727272727272,2010-05-21 09:29:00,2010-10-07 14:28:00,139,Medium,63,Inactive,1,Churned,Churned,Low
,flat glass  bauble white flock,107.13,45,11,9.739090909090908,2009-12-04 09:43:00,2009-12-23 11:51:00,19,Short,351,Inactive,1,Churned,Churned,Low
90214A,"letter ""a"" bling key ring",107.09,89,51,2.0998039215686277,2009-12-02 13:57:00,2010-12-07 18:36:00,370,Medium,2,Active,0,Active,Weak,Low
90186B,crystal hoop earring floral leaf,106.64,36,17,6.272941176470589,2009-12-10 09:49:00,2010-12-07 18:36:00,362,Medium,2,Active,0,Active,Weak,Low
84562B,blue/white ribbed melamine jug,106.59,10,7,15.227142857142857,2009-12-02 11:24:00,2010-01-22 10:01:00,50,Short,321,Inactive,1,Churned,Churned,Low
,doormat kiss my.......,106.58,22,2,53.29,2010-07-08 12:32:00,2010-07-16 10:33:00,7,Short,146,Inactive,1,Churned,Churned,Low
90185A,amber diamante expandable ring,106.5,25,14,7.607142857142857,2009-12-08 15:49:00,2010-12-06 16:57:00,363,Medium,3,Active,0,Active,Weak,Low
35096B,red victorian fabric heart box,106.49000000000001,293,25,4.259600000000001,2009-12-02 14:43:00,2010-03-05 13:21:00,92,Short,279,Inactive,1,Churned,Churned,Low
90129F,red glass tassle bag charm,106.48,47,29,3.671724137931035,2009-12-16 12:17:00,2010-12-09 14:09:00,358,Medium,0,Active,0,Active,Weak,Low
,pencil case gingham forest,106.2,36,4,26.55,2010-03-28 13:38:00,2010-04-28 13:23:00,30,Short,225,Inactive,1,Churned,Churned,Low
,ass col circle mobile,105.89999999999999,283,10,10.59,2010-01-13 15:24:00,2010-12-09 13:03:00,329,Medium,0,Active,0,Active,Weak,Low
,doggy rubber,105.57,487,47,2.2461702127659575,2009-12-01 16:17:00,2010-12-08 12:17:00,371,Medium,1,Active,0,Active,Weak,Low
,s/3 rabbit flower/egg/carrot rope,105.39999999999999,124,20,5.27,2010-01-18 11:31:00,2010-03-21 15:50:00,62,Short,263,Inactive,1,Churned,Churned,Low
35815B,"acrylic jewel snowflake,blue",105.24,238,6,17.54,2009-12-03 13:25:00,2010-05-14 12:00:00,161,Medium,209,Inactive,1,Churned,Churned,Low
16169D,wrap winter forest,105.0,250,9,11.666666666666666,2009-12-01 12:52:00,2009-12-13 12:04:00,11,Short,361,Inactive,1,Churned,Churned,Low
,folding umbrella white/red polkadot,104.76,18,9,11.64,2010-11-11 11:18:00,2010-12-03 11:36:00,22,Short,6,Active,0,Active,Weak,Low
84531A,pink knitted egg cosy,104.36999999999999,50,18,5.798333333333333,2009-12-07 18:02:00,2010-12-05 16:41:00,362,Medium,4,Active,0,Active,Weak,Low
,shopping bag doorstop,104.25,69,7,14.892857142857142,2009-12-02 16:18:00,2010-01-11 15:33:00,39,Short,332,Inactive,1,Churned,Churned,Low
72051S,bag of silver stones,103.88,175,43,2.415813953488372,2009-12-01 14:28:00,2010-12-06 16:57:00,370,Medium,3,Active,0,Active,Weak,Low
90210D,purple acrylic faceted bangle,103.67999999999999,35,15,6.912,2009-12-04 16:37:00,2010-11-17 12:15:00,347,Medium,22,Active,0,Active,Weak,Low
90214L,"letter ""l"" bling key ring",103.57,85,33,3.138484848484848,2009-12-06 14:54:00,2010-12-07 18:36:00,366,Medium,2,Active,0,Active,Weak,Low
,silver washbag,103.53000000000002,33,12,8.627500000000001,2009-12-02 12:47:00,2010-11-30 12:29:00,362,Medium,9,Active,0,Active,Weak,Low
,porcelain budah incense holder,103.45,1134,22,4.702272727272727,2009-12-14 15:57:00,2010-12-07 13:50:00,357,Medium,2,Active,0,Active,Weak,Low
,cherry blossom canvas art picture,103.35000000000001,13,6,17.225,2010-02-05 15:24:00,2010-07-14 12:31:00,158,Medium,148,Inactive,1,Churned,Churned,Low
,wooden christmas tree 3 hanging,103.06,165,39,2.6425641025641027,2009-12-01 14:28:00,2010-10-29 15:00:00,332,Medium,41,At Risk,0,Active,At Risk,Low
,easter tin bunny bouquet,102.59999999999998,57,11,9.327272727272726,2010-10-05 09:43:00,2010-12-09 14:09:00,65,Short,0,Active,0,Active,Weak,Low
17014A,origami vanilla incense cones,102.3,122,9,11.366666666666667,2009-12-09 09:42:00,2010-12-01 17:06:00,357,Medium,8,Active,0,Active,Weak,Low
90016A,silver/m.o.p pendant orbit necklace,102.15,12,9,11.350000000000001,2009-12-18 17:06:00,2010-11-10 16:56:00,326,Medium,29,Active,0,Active,Weak,Low
84510E,set of 4 green carousel coasters,102.11,127,17,6.0064705882352944,2010-01-11 09:37:00,2010-11-12 15:23:00,305,Medium,27,Active,0,Active,Weak,Low
,new baroque black boxes,102.0,8,4,25.5,2009-12-07 15:42:00,2010-11-14 13:42:00,341,Medium,25,Active,0,Active,Weak,Low
90199D,5 strand glass necklace amber,101.65999999999998,16,10,10.165999999999999,2009-12-17 16:58:00,2010-11-24 14:21:00,341,Medium,15,Active,0,Active,Weak,Low
90123B,turquoise heart of glass bracelet,101.27000000000001,17,8,12.658750000000001,2010-01-11 09:35:00,2010-08-08 12:11:00,209,Medium,123,Inactive,1,Churned,Churned,Low
,summer daisies bag charm,101.24,40,25,4.0496,2010-02-02 11:40:00,2010-12-06 16:57:00,307,Medium,3,Active,0,Active,Weak,Low
,folkart christmas tree t-light hold,101.08,228,24,4.211666666666667,2009-12-02 14:43:00,2010-11-29 12:36:00,361,Medium,10,Active,0,Active,Weak,Low
,french enamel soap dish with lid,100.8,48,1,100.8,2010-05-11 12:18:00,2010-05-11 12:18:00,0,Short,212,Inactive,1,Churned,Churned,Low
DCGSSBOY,boys party bag,100.8,30,10,10.08,2010-06-21 15:13:00,2010-11-29 09:46:00,160,Medium,10,Active,0,Active,Weak,Low
90214K,"letter ""k"" bling key ring",100.65,79,48,2.0968750000000003,2009-12-07 12:32:00,2010-12-08 14:25:00,366,Medium,1,Active,0,Active,Weak,Low
,seagrass s/2 corner laundry,100.15,6,5,20.03,2010-01-31 14:01:00,2010-09-03 17:24:00,215,Medium,97,Inactive,1,Churned,Churned,Low
,3 pink hen+chicks in basket,99.86,88,8,12.4825,2010-02-02 10:47:00,2010-03-28 14:18:00,54,Short,256,Inactive,1,Churned,Churned,Low
90164A,pink rosebud pearl bracelet,99.72,13,11,9.065454545454545,2009-12-04 09:43:00,2010-11-26 11:20:00,357,Medium,13,Active,0,Active,Weak,Low
90214C,"letter ""c"" bling key ring",99.51,85,41,2.4270731707317075,2009-12-03 12:40:00,2010-12-08 14:25:00,370,Medium,1,Active,0,Active,Weak,Low
79051A,smokey grey colour d.o.f. glass,99.43,120,15,6.628666666666667,2009-12-02 14:43:00,2010-12-06 12:55:00,368,Medium,3,Active,0,Active,Weak,Low
,multicolour dots plate,99.02,692,6,16.503333333333334,2009-12-22 09:52:00,2010-08-31 15:36:00,252,Medium,100,Inactive,1,Churned,Churned,Low
,"ribbon reel, making snowmen",99.0,60,5,19.8,2010-09-16 12:20:00,2010-10-08 12:08:00,21,Short,62,Inactive,1,Churned,Churned,Low
,vintage silver tinsel reel,98.9,23,9,10.988888888888889,2009-12-01 14:28:00,2009-12-16 11:57:00,14,Short,358,Inactive,1,Churned,Churned,Low
,french blue metal door sign 3,98.88,66,24,4.12,2010-11-08 09:20:00,2010-12-08 14:25:00,30,Short,1,Active,0,Active,Weak,Low
,"number tile cottage garden, no",98.72,45,5,19.744,2010-10-18 09:36:00,2010-11-04 18:42:00,17,Short,35,At Risk,0,Active,At Risk,Low
84705D,cherry blossom photo frame,97.9,22,14,6.992857142857143,2009-12-02 15:04:00,2010-07-12 10:54:00,221,Medium,150,Inactive,1,Churned,Churned,Low
90160A,purple boudicca large bracelet,97.57000000000001,14,10,9.757000000000001,2010-01-13 17:44:00,2010-10-24 14:45:00,283,Medium,46,At Risk,0,Active,At Risk,Low
,blue shell+silver necklace,97.5,13,8,12.1875,2009-12-06 13:29:00,2010-09-24 12:43:00,291,Medium,76,Inactive,1,Churned,Churned,Low
,baking mould chocolate cupcakes,96.9,38,4,24.225,2010-12-08 10:40:00,2010-12-08 16:34:00,0,Short,1,Active,0,Active,Weak,Low
90214M,"letter ""m"" bling key ring",96.35,85,39,2.47051282051282,2009-12-06 12:07:00,2010-12-08 14:25:00,367,Medium,1,Active,0,Active,Weak,Low
90040C,murano style glass bracelet gold,96.14,27,12,8.011666666666667,2009-12-04 16:23:00,2010-12-08 14:25:00,368,Medium,1,Active,0,Active,Weak,Low
90058A,crystal stud earrings clear display,95.75999999999999,252,6,15.959999999999999,2009-12-10 14:13:00,2010-08-25 12:55:00,257,Medium,106,Inactive,1,Churned,Churned,Low
,50cm metal string with  7 clips,95.74,102,22,4.351818181818182,2009-12-03 14:39:00,2010-12-06 16:57:00,368,Medium,3,Active,0,Active,Weak,Low
,door mat kiss my.......,95.15,13,8,11.89375,2009-12-18 12:33:00,2010-06-13 14:40:00,177,Medium,179,Inactive,1,Churned,Churned,Low
,red polkadot beaker,95.10999999999999,55,3,31.70333333333333,2010-10-18 08:42:00,2010-11-24 14:29:00,37,Short,15,Active,0,Active,Weak,Low
84926A,wake up cockerel tile coaster,95.07,69,19,5.003684210526315,2010-03-03 12:34:00,2010-12-06 11:38:00,277,Medium,3,Active,0,Active,Weak,Low
72606A,brown antique cube candle,94.92,226,18,5.273333333333333,2010-01-11 13:24:00,2010-10-05 13:12:00,266,Medium,65,Inactive,1,Churned,Churned,Low
84660A,white stitched wall clock,94.67,20,12,7.889166666666667,2009-12-18 17:15:00,2010-11-22 15:00:00,338,Medium,17,Active,0,Active,Weak,Low
84927F,psychedelic tile hook,94.58,37,19,4.977894736842106,2009-12-16 14:59:00,2010-12-03 11:36:00,351,Medium,6,Active,0,Active,Weak,Low
,red retrospot tape,94.53,133,23,4.11,2010-10-05 12:37:00,2010-12-09 14:09:00,65,Short,0,Active,0,Active,Weak,Low
,gold cosmetic bag pink star,94.5,45,15,6.3,2009-12-03 17:46:00,2010-12-06 12:55:00,367,Medium,3,Active,0,Active,Weak,Low
90190B,gold/amber drop earrings w leaf,94.4,32,8,11.8,2009-12-03 13:49:00,2010-10-11 09:18:00,311,Medium,59,At Risk,0,Active,At Risk,Low
,green polkadot cup,94.35,111,10,9.434999999999999,2010-09-30 12:38:00,2010-10-12 12:59:00,12,Short,58,At Risk,0,Active,At Risk,Low
,mirrored wall art gents,94.21,44,21,4.486190476190476,2009-12-08 15:49:00,2010-12-07 18:36:00,364,Medium,2,Active,0,Active,Weak,Low
90063B,black vint art dec crystal necklace,93.85,11,8,11.73125,2009-12-03 14:39:00,2010-11-28 13:53:00,359,Medium,11,Active,0,Active,Weak,Low
84926D,la palmiera tile coaster,93.82,68,14,6.701428571428571,2009-12-04 13:41:00,2010-12-06 11:38:00,366,Medium,3,Active,0,Active,Weak,Low
,easter bunny with basket on back,93.58,122,30,3.119333333333333,2010-01-24 14:57:00,2010-03-31 14:31:00,65,Short,253,Inactive,1,Churned,Churned,Low
,house shape pencil sharpener,93.53,310,29,3.2251724137931035,2009-12-06 11:13:00,2010-12-07 15:28:00,366,Medium,2,Active,0,Active,Weak,Low
,set/6 posies paper cups,93.51,119,16,5.844375,2010-01-25 15:42:00,2010-10-22 13:27:00,269,Medium,48,At Risk,0,Active,At Risk,Low
81950B,flower blue clock w/sucker,93.1,100,26,3.5807692307692305,2009-12-03 17:57:00,2010-11-28 15:31:00,359,Medium,11,Active,0,Active,Weak,Low
35610A,pink christmas flock droplet,92.92,134,10,9.292,2009-12-07 17:56:00,2010-12-01 14:32:00,358,Medium,8,Active,0,Active,Weak,Low
,ruby drop chandelier earrings,92.89,23,16,5.805625,2009-12-02 13:57:00,2010-11-22 11:37:00,354,Medium,17,Active,0,Active,Weak,Low
84753A,pink eau de cologne bottle,92.16999999999999,97,24,3.840416666666666,2009-12-04 15:30:00,2010-02-19 12:34:00,76,Short,293,Inactive,1,Churned,Churned,Low
,glow in dark dolphins,92.10000000000001,416,38,2.423684210526316,2009-12-01 16:17:00,2010-11-17 14:31:00,350,Medium,22,Active,0,Active,Weak,Low
,gold jewelery box,92.00000000000001,20,3,30.66666666666667,2009-12-09 14:01:00,2010-02-11 15:02:00,64,Short,301,Inactive,1,Churned,Churned,Low
,magic garden felt garland,92.0,24,9,10.222222222222221,2010-11-26 11:20:00,2010-12-09 14:09:00,13,Short,0,Active,0,Active,Weak,Low
84927A,wake up cockerel tile hook,91.37,177,16,5.710625,2010-02-03 17:04:00,2010-12-03 11:36:00,302,Medium,6,Active,0,Active,Weak,Low
90214E,"letter ""e"" bling key ring",91.17999999999999,76,41,2.22390243902439,2009-12-10 14:07:00,2010-12-08 14:25:00,363,Medium,1,Active,0,Active,Weak,Low
84437A,s/6 pink easter decs in box,90.94999999999999,106,18,5.052777777777777,2010-01-11 09:37:00,2010-04-09 16:54:00,88,Short,244,Inactive,1,Churned,Churned,Low
81952V,round purple clock w/sucker,90.52,99,22,4.114545454545454,2009-12-02 14:36:00,2010-11-19 09:40:00,351,Medium,20,Active,0,Active,Weak,Low
84984C,oriental blue c/cover,89.59,13,8,11.19875,2009-12-09 13:25:00,2010-02-28 11:13:00,80,Short,284,Inactive,1,Churned,Churned,Low
17013C,origami lavender incense in tube,89.46000000000001,213,2,44.730000000000004,2009-12-16 12:39:00,2010-03-03 11:53:00,76,Short,281,Inactive,1,Churned,Churned,Low
47578A,english rose small scented flower,89.25,102,25,3.57,2009-12-02 15:04:00,2010-12-09 16:57:00,372,Medium,0,Active,0,Active,Weak,Low
,pink dolly hair clips,89.15,82,19,4.692105263157895,2009-12-07 11:05:00,2010-11-14 16:32:00,342,Medium,25,Active,0,Active,Weak,Low
,new england egg warmer,89.12,138,32,2.785,2009-12-01 14:28:00,2010-06-25 15:13:00,206,Medium,167,Inactive,1,Churned,Churned,Low
90199A,5 strand glass necklace black,88.94,14,12,7.411666666666666,2009-12-16 11:39:00,2010-12-06 09:58:00,354,Medium,3,Active,0,Active,Weak,Low
,vip luggage tag,88.75,71,26,3.4134615384615383,2009-12-01 11:51:00,2010-08-01 12:02:00,243,Medium,130,Inactive,1,Churned,Churned,Low
,polkadot coffee cup & saucer pink,88.61,19,8,11.07625,2010-10-14 17:51:00,2010-11-29 13:42:00,45,Short,10,Active,0,Active,Weak,Low
,purple frangipani hairclip,88.27,105,39,2.263333333333333,2010-06-21 13:04:00,2010-12-08 14:25:00,170,Medium,1,Active,0,Active,Weak,Low
,vintage bead pink scarf,87.91,9,6,14.651666666666666,2009-12-02 10:02:00,2010-12-06 09:58:00,368,Medium,3,Active,0,Active,Weak,Low
,white 3 frame birds and tree,87.8,4,3,29.266666666666666,2010-02-22 13:19:00,2010-08-18 14:43:00,177,Medium,113,Inactive,1,Churned,Churned,Low
,manhattan canvas art picture,87.8,20,2,43.9,2009-12-03 15:50:00,2009-12-04 15:26:00,0,Short,370,Inactive,1,Churned,Churned,Low
90039D,fire polished glass bracelet green,87.78,23,16,5.48625,2009-12-01 14:28:00,2010-12-09 14:09:00,372,Medium,0,Active,0,Active,Weak,Low
,french blue metal door sign no,87.59,63,19,4.61,2010-11-11 11:18:00,2010-12-07 15:28:00,26,Short,2,Active,0,Active,Weak,Low
84891B,green wire goblet candleholder,87.45,11,6,14.575000000000001,2010-05-30 13:02:00,2010-11-18 14:25:00,172,Medium,21,Active,0,Active,Weak,Low
37462B,"pet mug, budgie",87.28,170,32,2.7275,2009-12-01 14:28:00,2010-10-12 15:20:00,315,Medium,58,At Risk,0,Active,At Risk,Low
35822B,"acrylic bead chain, blue",87.02,229,1,87.02,2010-01-27 12:39:00,2010-01-27 12:39:00,0,Short,316,Inactive,1,Churned,Churned,Low
,crystal key+lock phone charm,86.69999999999999,101,14,6.192857142857142,2009-12-01 12:56:00,2010-11-25 13:32:00,359,Medium,14,Active,0,Active,Weak,Low
84424A,four picture white glass frame,86.25,23,10,8.625,2010-06-09 11:28:00,2010-10-24 15:51:00,137,Medium,46,At Risk,0,Active,At Risk,Low
35819B,"acrylic hanging jewel,blue",86.25,117,8,10.78125,2009-12-14 18:03:00,2010-11-11 15:37:00,331,Medium,28,Active,0,Active,Weak,Low
79144C,painted lightbulb rainbow design,86.22,159,49,1.7595918367346939,2009-12-14 17:57:00,2010-12-09 14:09:00,359,Medium,0,Active,0,Active,Weak,Low
84531B,blue knitted egg cosy,86.2,43,16,5.3875,2009-12-07 18:02:00,2010-12-05 16:41:00,362,Medium,4,Active,0,Active,Weak,Low
gift_0001_50,dotcomgiftshop gift voucher £50.00,86.03,2,2,43.015,2009-12-18 17:15:00,2010-10-07 10:23:00,292,Medium,63,Inactive,1,Churned,Churned,Low
35271S,gold print paper bag,85.97,420,20,4.2985,2009-12-05 13:29:00,2010-12-02 13:49:00,362,Medium,7,Active,0,Active,Weak,Low
,blue crystal boot phone charm,85.85,101,9,9.538888888888888,2009-12-01 12:56:00,2010-08-09 14:53:00,251,Medium,122,Inactive,1,Churned,Churned,Low
90059A,diamante hair grip pack/2 crystal,85.83,51,23,3.7317391304347827,2009-12-02 14:43:00,2010-12-08 14:25:00,370,Medium,1,Active,0,Active,Weak,Low
90162B,ant silver lime green boudicca ring,85.55,29,11,7.777272727272727,2010-03-01 13:10:00,2010-12-05 11:03:00,278,Medium,4,Active,0,Active,Weak,Low
,wobbling metal chicken easter,85.53,93,18,4.751666666666667,2009-12-07 11:46:00,2010-04-09 16:54:00,123,Medium,244,Inactive,1,Churned,Churned,Low
,pink & white rosebud ring,85.14,20,17,5.008235294117647,2009-12-08 15:49:00,2010-12-01 17:06:00,358,Medium,8,Active,0,Active,Weak,Low
84661C,pink square table clock,85.03,81,13,6.5407692307692304,2009-12-04 09:43:00,2010-11-24 09:55:00,355,Medium,15,Active,0,Active,Weak,Low
,fruit salad bag charm,85.02,44,20,4.2509999999999994,2010-02-02 11:40:00,2010-12-07 15:28:00,308,Medium,2,Active,0,Active,Weak,Low
16248B,blue hole punch,85.0,68,5,17.0,2010-09-20 12:54:00,2010-11-21 13:53:00,62,Short,18,Active,0,Active,Weak,Low
,"dog food container , vintage",85.0,10,3,28.333333333333332,2010-10-18 11:28:00,2010-11-10 10:00:00,22,Short,29,Active,0,Active,Weak,Low
35838B,s/6 silver ornamenetal candle,85.0,100,23,3.6956521739130435,2009-12-09 14:30:00,2010-09-28 11:35:00,292,Medium,72,Inactive,1,Churned,Churned,Low
17027A,incense bazaar cannabis,84.84,228,2,42.42,2010-02-04 13:47:00,2010-03-10 11:21:00,33,Short,274,Inactive,1,Churned,Churned,Low
46775B,berries chunky knitted throw,84.75,5,4,21.1875,2009-12-02 15:01:00,2009-12-10 12:30:00,7,Short,364,Inactive,1,Churned,Churned,Low
,teatime pencil w stamp asst,84.69,941,4,21.1725,2009-12-10 15:45:00,2010-06-09 13:08:00,180,Medium,183,Inactive,1,Churned,Churned,Low
,red pudding spoon,84.44,197,19,4.444210526315789,2009-12-07 13:59:00,2010-11-24 14:49:00,352,Medium,15,Active,0,Active,Weak,Low
90165B,white rosebud  pearl earrings,84.22,33,17,4.9541176470588235,2009-12-04 09:43:00,2010-11-29 16:45:00,360,Medium,10,Active,0,Active,Weak,Low
35911B,pink/flower rabbit egg warmer,84.0,40,9,9.333333333333334,2009-12-11 16:11:00,2010-10-25 15:57:00,317,Medium,45,At Risk,0,Active,At Risk,Low
84251F,"greeting card, rita",83.97,341,50,1.6794,2009-12-01 12:20:00,2010-09-20 15:32:00,293,Medium,80,Inactive,1,Churned,Churned,Low
90179C,black fine bead necklace w tassel,83.29,14,11,7.571818181818182,2010-06-15 16:17:00,2010-12-06 12:47:00,173,Medium,3,Active,0,Active,Weak,Low
,yellow giant garden thermometer,83.27,13,6,13.878333333333332,2010-11-22 14:39:00,2010-12-02 14:26:00,9,Short,7,Active,0,Active,Weak,Low
,old doc.russel metal sign,82.94,41,24,3.455833333333333,2009-12-02 14:43:00,2010-01-20 17:50:00,49,Short,323,Inactive,1,Churned,Churned,Low
79144B,painted lightbulb star+ moon,82.84,178,42,1.9723809523809526,2009-12-04 12:37:00,2010-12-09 14:09:00,370,Medium,0,Active,0,Active,Weak,Low
90190A,silver/crystal drop earrings w leaf,82.83000000000001,28,21,3.944285714285715,2009-12-02 13:57:00,2010-11-29 12:03:00,361,Medium,10,Active,0,Active,Weak,Low
90002B,flower burst silver ring rose,82.74,22,11,7.5218181818181815,2009-12-02 13:57:00,2010-10-25 16:57:00,327,Medium,45,At Risk,0,Active,At Risk,Low
84926F,psychedelic tile coaster,82.68,54,14,5.905714285714287,2009-12-04 09:43:00,2010-11-15 13:56:00,346,Medium,24,Active,0,Active,Weak,Low
90162C,ant silver fuschia boudicca ring,82.60000000000001,28,9,9.177777777777779,2010-03-01 13:10:00,2010-11-25 12:56:00,268,Medium,14,Active,0,Active,Weak,Low
,cupid scented candle in glass,82.5,50,10,8.25,2010-01-31 14:25:00,2010-11-29 17:19:00,302,Medium,10,Active,0,Active,Weak,Low
,set 5 mini chocolate fridge magnets,82.44,108,3,27.48,2009-12-15 10:02:00,2010-02-15 11:57:00,62,Short,297,Inactive,1,Churned,Churned,Low
,assorted easter gift tags,82.42,85,5,16.484,2010-10-05 09:43:00,2010-11-25 14:25:00,51,Short,14,Active,0,Active,Weak,Low
,pink/yellow patch cushion cover,82.34,8,5,16.468,2009-12-02 14:43:00,2010-02-09 16:01:00,69,Short,303,Inactive,1,Churned,Churned,Low
,herb marker thyme,81.88,98,26,3.149230769230769,2010-11-21 16:11:00,2010-12-09 14:09:00,17,Short,0,Active,0,Active,Weak,Low
,"feltcraft hairband s/2, pink/purple",81.6,96,8,10.2,2010-03-10 12:39:00,2010-07-07 09:41:00,118,Medium,155,Inactive,1,Churned,Churned,Low
,wooden tree christmas scandispot,81.6,96,3,27.2,2010-07-18 12:19:00,2010-09-16 10:19:00,59,Short,84,Inactive,1,Churned,Churned,Low
,herb marker parsley,81.52,99,25,3.2607999999999997,2010-11-21 16:11:00,2010-12-09 14:09:00,17,Short,0,Active,0,Active,Weak,Low
84951B,set of 4 black lovebird coasters,81.39999999999999,27,11,7.3999999999999995,2010-02-25 13:23:00,2010-11-15 09:32:00,262,Medium,24,Active,0,Active,Weak,Low
,set/6 black rose t-light candles,81.12,48,15,5.408,2009-12-02 13:06:00,2010-05-05 12:42:00,153,Medium,218,Inactive,1,Churned,Churned,Low
,filigree diamante earrings,80.96000000000001,19,13,6.227692307692308,2009-12-01 11:37:00,2010-12-07 18:36:00,371,Medium,2,Active,0,Active,Weak,Low
,herb marker basil,80.87,98,25,3.2348000000000003,2010-11-21 16:11:00,2010-12-09 14:09:00,17,Short,0,Active,0,Active,Weak,Low
90018B,gold m.o.p orbit drop earrings,80.82000000000001,19,16,5.0512500000000005,2009-12-02 14:36:00,2010-12-08 14:25:00,370,Medium,1,Active,0,Active,Weak,Low
71496A,a4 wall tidy blue office,80.81,133,8,10.10125,2010-03-01 10:14:00,2010-12-08 13:53:00,282,Medium,1,Active,0,Active,Weak,Low
90121B,vintage rose bead bracelet blue,80.75,19,9,8.972222222222221,2009-12-01 10:59:00,2010-01-28 15:17:00,58,Short,315,Inactive,1,Churned,Churned,Low
,magic slate circus parade,80.64,192,4,20.16,2010-04-23 11:46:00,2010-07-08 14:06:00,76,Short,154,Inactive,1,Churned,Churned,Low
,magic slate dolly girl,80.64,192,4,20.16,2010-04-08 10:52:00,2010-06-18 13:22:00,71,Short,174,Inactive,1,Churned,Churned,Low
84596I,wrap sweets light pink small bowl,80.62,72,10,8.062000000000001,2010-02-19 18:04:00,2010-04-11 13:01:00,50,Short,242,Inactive,1,Churned,Churned,Low
17011E,origami opium scent incense+flower,80.60000000000001,124,1,80.60000000000001,2009-12-16 12:39:00,2009-12-16 12:39:00,0,Short,358,Inactive,1,Churned,Churned,Low
,party pizza dish green retrospot,80.50999999999999,89,19,4.237368421052631,2010-04-23 11:44:00,2010-10-12 08:08:00,171,Medium,58,At Risk,0,Active,At Risk,Low
,french blue metal door sign 4,80.07,62,19,4.214210526315789,2010-11-05 11:32:00,2010-12-09 17:27:00,34,Short,0,Active,0,Active,Weak,Low
,french blue metal door sign 5,80.05,60,15,5.336666666666667,2010-11-08 15:02:00,2010-12-07 11:48:00,28,Short,2,Active,0,Active,Weak,Low
90130B,turq stone/crystal earrings,80.03999999999999,27,20,4.002,2009-12-04 16:27:00,2010-12-07 18:36:00,368,Medium,2,Active,0,Active,Weak,Low
90038A,glass and painted beads bracelet to,79.65,21,12,6.6375,2009-12-07 18:02:00,2010-11-12 09:18:00,339,Medium,27,Active,0,Active,Weak,Low
,pink crystal skull phone charm,79.61999999999999,85,18,4.423333333333333,2009-12-03 18:23:00,2010-12-08 14:25:00,369,Medium,1,Active,0,Active,Weak,Low
84795E,rio pink stripe hammock,79.5,10,5,15.9,2009-12-02 13:20:00,2010-08-01 14:18:00,242,Medium,130,Inactive,1,Churned,Churned,Low
,ivory gold metal bag charm,79.47,15,3,26.49,2010-05-23 12:46:00,2010-11-15 17:04:00,176,Medium,24,Active,0,Active,Weak,Low
90003C,midnight blue pair heart hair slide,79.32,21,13,6.101538461538461,2009-12-01 10:49:00,2010-12-09 14:09:00,373,Medium,0,Active,0,Active,Weak,Low
,strawberry cake teapot,79.2,16,4,19.8,2010-05-18 10:34:00,2010-06-29 09:32:00,41,Short,163,Inactive,1,Churned,Churned,Low
84751B,black medium glass cake stand,78.75,21,11,7.159090909090909,2010-02-23 13:55:00,2010-11-24 12:52:00,273,Medium,15,Active,0,Active,Weak,Low
,white/pink mini crystals necklace,78.73,15,11,7.157272727272727,2009-12-10 16:21:00,2010-12-01 17:06:00,356,Medium,8,Active,0,Active,Weak,Low
,party pizza dish pink white spot,78.72999999999999,75,19,4.143684210526315,2009-12-03 12:31:00,2010-04-21 10:58:00,138,Medium,232,Inactive,1,Churned,Churned,Low
,necklace+bracelet set blue hibiscus,78.69,22,12,6.5575,2009-12-07 13:35:00,2010-12-07 15:28:00,365,Medium,2,Active,0,Active,Weak,Low
,party pizza dish pink polkadot,78.69,84,14,5.6207142857142856,2010-10-07 10:39:00,2010-12-06 09:58:00,59,Short,3,Active,0,Active,Weak,Low
79026B,"s/4 icon coaster,elvis lives",78.64,44,28,2.8085714285714287,2009-12-01 14:28:00,2010-11-03 14:55:00,337,Medium,36,At Risk,0,Active,At Risk,Low
,small blue provencal ceramic ball,78.22,37,13,6.016923076923077,2009-12-09 13:00:00,2010-11-21 15:56:00,347,Medium,18,Active,0,Active,Weak,Low
,herb marker rosemary,78.2,97,25,3.128,2010-11-21 11:03:00,2010-12-09 14:09:00,18,Short,0,Active,0,Active,Weak,Low
,pink star christmas decoration,78.11999999999999,156,15,5.207999999999999,2009-12-01 12:56:00,2010-11-12 14:05:00,346,Medium,27,Active,0,Active,Weak,Low
,set of 3 rabbit carrots easter,77.96,85,20,3.8979999999999997,2010-01-11 09:35:00,2010-04-09 16:54:00,88,Short,244,Inactive,1,Churned,Churned,Low
,columbian  cube candle,77.89,235,19,4.099473684210526,2009-12-13 11:49:00,2010-12-01 17:06:00,353,Medium,8,Active,0,Active,Weak,Low
90125A,pink bertie glass bead bag charm,77.73,34,8,9.71625,2009-12-01 12:56:00,2010-11-15 09:32:00,348,Medium,24,Active,0,Active,Weak,Low
17090D,vanilla incense 40 cones in tin,77.7,66,18,4.316666666666666,2009-12-13 11:34:00,2010-12-05 15:12:00,357,Medium,4,Active,0,Active,Weak,Low
90019B,gold m.o.p orbit bracelet,77.61,15,11,7.055454545454546,2010-01-20 17:50:00,2010-12-01 17:06:00,314,Medium,8,Active,0,Active,Weak,Low
,wise man star shape egg pan,77.55,47,17,4.561764705882353,2009-12-01 12:13:00,2010-12-07 14:30:00,371,Medium,2,Active,0,Active,Weak,Low
90123C,green heart of glass bracelet,77.46000000000001,13,6,12.910000000000002,2009-12-23 15:30:00,2010-08-08 12:11:00,227,Medium,123,Inactive,1,Churned,Churned,Low
,distressed candle stick white,77.35,13,3,25.78333333333333,2009-12-03 12:10:00,2009-12-20 11:25:00,16,Short,354,Inactive,1,Churned,Churned,Low
90202D,pink enamel flower hair tie,77.03000000000002,26,13,5.925384615384616,2009-12-15 18:33:00,2010-11-05 11:58:00,324,Medium,34,At Risk,0,Active,At Risk,Low
,dad's cab electronic meter,76.95,9,9,8.55,2009-12-02 14:43:00,2010-12-07 15:28:00,370,Medium,2,Active,0,Active,Weak,Low
84425A,white glass tv triple frame,76.6,18,9,8.511111111111111,2009-12-04 12:07:00,2010-05-13 15:41:00,160,Medium,210,Inactive,1,Churned,Churned,Low
90063A,white vint art deco crystal necklac,76.48,9,5,15.296000000000001,2010-06-17 11:57:00,2010-10-11 15:08:00,116,Medium,59,At Risk,0,Active,At Risk,Low
90026A,glass bead hoop necklace black,76.47,9,8,9.55875,2010-03-19 11:39:00,2010-10-24 14:11:00,219,Medium,46,At Risk,0,Active,At Risk,Low
84874B,blue travel first aid kit,75.89999999999999,46,23,3.3,2009-12-02 13:26:00,2010-12-05 12:53:00,367,Medium,4,Active,0,Active,Weak,Low
,square metal candleholder base,75.53,125,9,8.392222222222223,2009-12-17 16:38:00,2010-11-16 07:52:00,333,Medium,23,Active,0,Active,Weak,Low
,mirrored wall art splodges,75.24,34,8,9.405,2009-12-23 12:07:00,2010-12-01 15:15:00,343,Medium,8,Active,0,Active,Weak,Low
,"ass retrospoof mugs,sports",75.0,143,6,12.5,2009-12-13 15:55:00,2009-12-22 12:01:00,8,Short,352,Inactive,1,Churned,Churned,Low
16161E,wrap boudoir,75.0,750,9,8.333333333333334,2009-12-07 13:48:00,2010-02-22 17:10:00,77,Short,290,Inactive,1,Churned,Churned,Low
,pair of enamel butterfly hairclip,74.95,22,20,3.7475,2009-12-07 17:56:00,2010-12-02 13:49:00,359,Medium,7,Active,0,Active,Weak,Low
,enchanted garden wrought iron table,74.75,5,4,18.6875,2010-05-16 15:33:00,2010-06-06 15:07:00,20,Short,186,Inactive,1,Churned,Churned,Low
,vintage pink tinsel reel,74.6,24,10,7.459999999999999,2009-12-02 14:43:00,2009-12-18 17:06:00,16,Short,356,Inactive,1,Churned,Churned,Low
84613A,pink new baroque flock candlestick,74.4,16,7,10.62857142857143,2010-02-23 09:54:00,2010-11-29 15:36:00,279,Medium,10,Active,0,Active,Weak,Low
,l blue c/cover w pink/yellow flower,74.31,8,4,18.5775,2009-12-09 13:25:00,2010-02-10 18:02:00,63,Short,302,Inactive,1,Churned,Churned,Low
,2 daisies hair comb,74.16,25,13,5.704615384615384,2009-12-01 11:37:00,2010-12-07 15:28:00,371,Medium,2,Active,0,Active,Weak,Low
90205C,large crystal diamante hairslide,74.10000000000001,49,9,8.233333333333334,2009-12-09 09:42:00,2010-11-04 14:49:00,330,Medium,35,At Risk,0,Active,At Risk,Low
,necklace+bracelet set pink daisy,73.95,29,11,6.722727272727273,2009-12-07 13:35:00,2010-11-30 12:29:00,357,Medium,9,Active,0,Active,Weak,Low
S,samples,73.8,1,1,73.8,2010-04-30 14:49:00,2010-04-30 14:49:00,0,Short,223,Inactive,1,Churned,Churned,Low
,s/6 sew on crochet flowers,73.76,58,17,4.338823529411765,2009-12-07 15:15:00,2010-12-07 15:28:00,365,Medium,2,Active,0,Active,Weak,Low
,tropical holiday purse,73.75,25,13,5.673076923076923,2009-12-15 13:40:00,2010-11-08 12:28:00,327,Medium,31,At Risk,0,Active,At Risk,Low
,blue polkadot passport cover,73.63,23,21,3.506190476190476,2010-10-01 13:30:00,2010-12-07 15:34:00,67,Short,2,Active,0,Active,Weak,Low
,6 rabbit chain easter,72.42,69,19,3.811578947368421,2010-01-27 16:41:00,2010-03-23 12:11:00,54,Short,261,Inactive,1,Churned,Churned,Low
,herb marker chives,72.42,85,24,3.0175,2010-11-21 16:11:00,2010-12-09 14:09:00,17,Short,0,Active,0,Active,Weak,Low
84427B,black glass tv double p/frame 15x10,72.25,17,5,14.45,2009-12-04 14:37:00,2010-03-07 15:47:00,93,Short,277,Inactive,1,Churned,Churned,Low
,silver lariat black stone earrings,72.21,17,12,6.017499999999999,2009-12-10 14:19:00,2010-12-01 14:32:00,356,Medium,8,Active,0,Active,Weak,Low
,party pizza dish blue polkadot,72.05,80,13,5.542307692307692,2010-10-07 10:39:00,2010-12-06 09:58:00,59,Short,3,Active,0,Active,Weak,Low
,cerise+gold christmas stocking dec,71.44,188,17,4.20235294117647,2009-12-15 17:25:00,2010-10-18 17:11:00,306,Medium,52,At Risk,0,Active,At Risk,Low
84925C,fairy cakes  wall thermometer,71.39999999999999,28,10,7.139999999999999,2009-12-02 12:06:00,2010-05-11 12:10:00,160,Medium,212,Inactive,1,Churned,Churned,Low
,new england mug w gift box,71.39999999999999,28,14,5.1,2010-03-22 14:30:00,2010-12-06 11:01:00,258,Medium,3,Active,0,Active,Weak,Low
44242B,pink feathers curtain,71.25,57,6,11.875,2009-12-06 12:07:00,2010-11-16 07:52:00,344,Medium,23,Active,0,Active,Weak,Low
,little pink monster soft toy,71.1,30,13,5.4692307692307685,2010-01-17 13:29:00,2010-11-04 12:27:00,290,Medium,35,At Risk,0,Active,At Risk,Low
16256C,hearts pencil/rubber+5 mini pencils,70.98,169,10,7.098000000000001,2009-12-13 15:17:00,2010-05-23 13:16:00,160,Medium,200,Inactive,1,Churned,Churned,Low
,pink butterfly c/cover,70.82,10,6,11.803333333333333,2009-12-16 15:48:00,2010-02-19 18:04:00,65,Short,293,Inactive,1,Churned,Churned,Low
90162A,ant silver turquoise boudicca ring,70.8,24,10,7.08,2010-01-24 12:15:00,2010-07-29 19:56:00,186,Medium,133,Inactive,1,Churned,Churned,Low
,porcelain hanging bell large,70.5,38,10,7.05,2010-03-26 14:16:00,2010-11-29 09:46:00,247,Medium,10,Active,0,Active,Weak,Low
,french blue metal door sign 7,70.08,49,14,5.005714285714285,2010-11-14 15:17:00,2010-12-09 14:09:00,24,Short,0,Active,0,Active,Weak,Low
47343A,fuschia flower purse with beads,70.03,47,11,6.366363636363636,2009-12-17 15:44:00,2010-12-05 14:17:00,352,Medium,4,Active,0,Active,Weak,Low
90214R,"letter ""r"" bling key ring",69.97,55,28,2.4989285714285714,2009-12-06 14:54:00,2010-12-07 18:36:00,366,Medium,2,Active,0,Active,Weak,Low
gift_0001_80,dotcomgiftshop gift voucher £80.00,69.56,1,1,69.56,2009-12-14 17:57:00,2009-12-14 17:57:00,0,Short,360,Inactive,1,Churned,Churned,Low
,cream c/cover w yellow/green flower,69.5,10,3,23.166666666666668,2009-12-06 11:58:00,2010-01-07 11:47:00,31,Short,336,Inactive,1,Churned,Churned,Low
72140F,happy anniversary candle letters,69.18,175,14,4.941428571428572,2009-12-01 13:47:00,2010-11-24 14:39:00,358,Medium,15,Active,0,Active,Weak,Low
,mirrored wall art ladies,68.75999999999999,38,14,4.911428571428571,2009-12-08 15:49:00,2010-11-14 15:23:00,340,Medium,25,Active,0,Active,Weak,Low
,multicolour polkadot plate,68.4,684,1,68.4,2010-09-27 16:30:00,2010-09-27 16:30:00,0,Short,73,Inactive,1,Churned,Churned,Low
90024C,new baroque b'fly necklace green,68.16,8,8,8.52,2009-12-03 13:49:00,2010-12-01 17:06:00,363,Medium,8,Active,0,Active,Weak,Low
90177D,drop diamante earrings purple,68.14999999999999,23,13,5.2423076923076914,2009-12-10 18:43:00,2010-12-09 14:09:00,363,Medium,0,Active,0,Active,Weak,Low
90018C,silver black orbit drop earrings,68.11,16,11,6.191818181818181,2009-12-14 17:16:00,2010-10-22 15:57:00,311,Medium,48,At Risk,0,Active,At Risk,Low
84857A,silver monte carlo handbag,68.0,8,3,22.666666666666668,2010-02-03 12:21:00,2010-05-21 11:33:00,106,Medium,202,Inactive,1,Churned,Churned,Low
90039C,fire polished glass bracelet black,67.98,18,7,9.711428571428572,2009-12-10 09:49:00,2010-12-06 10:08:00,361,Medium,3,Active,0,Active,Weak,Low
,crochet white rabbit keyring,67.89,37,9,7.543333333333333,2009-12-08 17:44:00,2010-11-30 12:29:00,356,Medium,9,Active,0,Active,Weak,Low
,tree of noah festive scented candle,67.8,57,11,6.163636363636363,2009-12-04 17:18:00,2009-12-22 09:52:00,17,Short,352,Inactive,1,Churned,Churned,Low
90002E,flower burst silver ring green,67.77,18,11,6.16090909090909,2009-12-02 13:57:00,2010-08-18 16:21:00,259,Medium,113,Inactive,1,Churned,Churned,Low
84864A,pink paisley photo album,67.71000000000001,7,4,16.927500000000002,2010-02-08 16:06:00,2010-08-19 15:13:00,191,Medium,112,Inactive,1,Churned,Churned,Low
90189A,silver 2 strand necklace-leaf charm,67.64,9,6,11.273333333333333,2010-01-18 13:24:00,2010-11-11 12:06:00,296,Medium,28,Active,0,Active,Weak,Low
84415B,blue flock cushion cover,67.5,18,5,13.5,2009-12-03 12:44:00,2010-12-08 13:23:00,370,Medium,1,Active,0,Active,Weak,Low
84926B,scotts roses tile coaster,67.5,54,10,6.75,2009-12-02 11:18:00,2010-04-18 13:12:00,137,Medium,235,Inactive,1,Churned,Churned,Low
,silver flowr pink shell necklace,67.5,9,5,13.5,2010-01-31 15:17:00,2010-11-11 12:06:00,283,Medium,28,Active,0,Active,Weak,Low
,ruby glass cluster necklace,67.5,9,4,16.875,2009-12-10 19:35:00,2010-11-23 11:26:00,347,Medium,16,Active,0,Active,Weak,Low
47504J,english rose set/3 garden tools,67.25,5,4,16.8125,2009-12-03 14:39:00,2009-12-16 17:58:00,13,Short,358,Inactive,1,Churned,Churned,Low
,15 pink fluffy chicks in box,67.01,22,16,4.188125,2010-02-03 17:04:00,2010-06-25 16:22:00,141,Medium,167,Inactive,1,Churned,Churned,Low
90059D,diamante hair grip pack/2 peridot,66.97999999999999,40,22,3.044545454545454,2009-12-03 14:39:00,2010-12-08 14:25:00,369,Medium,1,Active,0,Active,Weak,Low
90165A,pink rosebud pearl earrings,66.51,26,12,5.5425,2009-12-07 18:02:00,2010-10-12 13:19:00,308,Medium,58,At Risk,0,Active,At Risk,Low
,occasions gift card assortment,66.0,120,1,66.0,2009-12-10 15:45:00,2009-12-10 15:45:00,0,Short,364,Inactive,1,Churned,Churned,Low
,large fibre optic christmas tree,65.76,21,11,5.9781818181818185,2009-12-01 13:29:00,2009-12-22 14:31:00,21,Short,352,Inactive,1,Churned,Churned,Low
90030C,brown kukui coconut seed necklace,65.54,11,6,10.923333333333334,2009-12-09 09:51:00,2010-12-09 14:09:00,365,Medium,0,Active,0,Active,Weak,Low
gift_0001_40,dotcomgiftshop gift voucher £40.00,65.39,2,2,32.695,2010-08-10 12:08:00,2010-10-21 18:01:00,72,Short,49,At Risk,0,Active,At Risk,Low
,large zinc/glass candleholder,65.23,27,9,7.247777777777778,2009-12-11 16:48:00,2010-05-06 11:30:00,145,Medium,217,Inactive,1,Churned,Churned,Low
84705A,english rose photo frame,65.10000000000001,14,7,9.3,2009-12-02 15:04:00,2010-04-07 15:02:00,125,Medium,246,Inactive,1,Churned,Churned,Low
,felt farm animal sheep,65.06,46,15,4.3373333333333335,2010-01-21 09:30:00,2010-05-09 12:30:00,108,Medium,214,Inactive,1,Churned,Churned,Low
90130A,white stone/crystal earrings,65.01,22,10,6.501,2009-12-18 17:15:00,2010-11-09 12:06:00,325,Medium,30,Active,0,Active,Weak,Low
,set/6 green spring paper cups,64.85000000000001,92,16,4.0531250000000005,2010-01-15 15:05:00,2010-12-06 12:41:00,324,Medium,3,Active,0,Active,Weak,Low
16020C,clear stationery box set,64.6,76,22,2.936363636363636,2009-12-07 13:24:00,2010-11-08 12:28:00,335,Medium,31,At Risk,0,Active,At Risk,Low
90181A,amber glass/shell/pearl necklace,64.6,7,7,9.228571428571428,2010-01-26 17:51:00,2010-11-05 11:58:00,282,Medium,34,At Risk,0,Active,At Risk,Low
DCGS0069,ooh la la dogs collar,64.52,4,4,16.13,2010-03-15 09:28:00,2010-10-20 15:56:00,219,Medium,50,At Risk,0,Active,At Risk,Low
35910A,multicolour easter rabbit,64.35,33,9,7.1499999999999995,2009-12-13 13:27:00,2010-08-05 13:31:00,235,Medium,126,Inactive,1,Churned,Churned,Low
,knitted rabbit doll,64.35,39,10,6.435,2009-12-07 15:28:00,2010-12-03 12:01:00,360,Medium,6,Active,0,Active,Weak,Low
,metal base for candles,63.9,167,11,5.809090909090909,2009-12-09 10:41:00,2010-12-08 15:17:00,364,Medium,1,Active,0,Active,Weak,Low
90037A,tiny crystal bracelet red,63.83,25,11,5.802727272727273,2009-12-14 17:57:00,2010-11-22 13:59:00,342,Medium,17,Active,0,Active,Weak,Low
,multicolour glass plate,63.800000000000004,116,16,3.9875000000000003,2009-12-02 09:35:00,2010-10-05 13:12:00,307,Medium,65,Inactive,1,Churned,Churned,Low
85018A,s/6 paper boxes romantic images,63.75,15,10,6.375,2009-12-16 12:06:00,2010-08-13 14:20:00,240,Medium,118,Inactive,1,Churned,Churned,Low
,cream and pink flowers pony,63.75,17,10,6.375,2009-12-13 13:31:00,2010-12-05 12:43:00,356,Medium,4,Active,0,Active,Weak,Low
,filigree diamante chain,63.75,5,3,21.25,2009-12-17 15:26:00,2010-05-04 10:10:00,137,Medium,219,Inactive,1,Churned,Churned,Low
85018B,s/6 paper boxes blossom images,63.75,15,10,6.375,2009-12-16 12:06:00,2010-11-03 13:47:00,322,Medium,36,At Risk,0,Active,At Risk,Low
,blue tiled set of 3 drawers,63.75,5,1,63.75,2010-01-14 15:47:00,2010-01-14 15:47:00,0,Short,329,Inactive,1,Churned,Churned,Low
84968B,set of 16 vintage ivory cutlery,63.739999999999995,4,4,15.934999999999999,2010-08-06 17:39:00,2010-11-01 09:13:00,86,Short,38,At Risk,0,Active,At Risk,Low
,vintage keepsake box beauty girl,63.5,10,4,15.875,2009-12-02 14:55:00,2010-01-28 13:27:00,56,Short,315,Inactive,1,Churned,Churned,Low
,"cat food container , vintage",63.499999999999986,10,3,21.16666666666666,2010-10-18 11:28:00,2010-11-10 10:00:00,22,Short,29,Active,0,Active,Weak,Low
35916C,pink felt hanging heart w flower,63.15,53,24,2.63125,2009-12-01 09:57:00,2010-12-09 14:09:00,373,Medium,0,Active,0,Active,Weak,Low
,"wrap , summer rose design",63.0,150,6,10.5,2010-09-07 10:59:00,2010-11-23 10:41:00,76,Short,16,Active,0,Active,Weak,Low
,small folding scissor(pointed edge),62.75,251,16,3.921875,2010-03-19 14:02:00,2010-12-09 14:10:00,265,Medium,0,Active,0,Active,Weak,Low
84529B,blue knitted kid's rucksack,62.35,13,5,12.47,2010-02-14 15:30:00,2010-04-23 16:16:00,68,Short,230,Inactive,1,Churned,Churned,Low
47369A,pink green embroidery cosmetic bag,61.97,19,8,7.74625,2010-03-08 08:33:00,2010-12-06 14:31:00,273,Medium,3,Active,0,Active,Weak,Low
84450B,pink/yellow rabbit sat easter,61.92,88,29,2.1351724137931036,2010-02-08 17:12:00,2010-04-01 15:04:00,51,Short,252,Inactive,1,Churned,Churned,Low
,red spotty passport cover,61.76,15,14,4.411428571428571,2009-12-02 14:36:00,2010-02-03 17:04:00,63,Short,309,Inactive,1,Churned,Churned,Low
72369A,pink clear glass candle plate,61.37,37,9,6.818888888888889,2009-12-03 10:17:00,2010-11-05 11:58:00,337,Medium,34,At Risk,0,Active,At Risk,Low
,geranium folkart heart decoration,61.25,49,13,4.711538461538462,2009-12-09 14:25:00,2010-03-21 16:13:00,102,Medium,263,Inactive,1,Churned,Churned,Low
,wooden star christmas scandispot,61.2,72,2,30.6,2010-08-18 11:38:00,2010-09-16 10:19:00,28,Short,84,Inactive,1,Churned,Churned,Low
,feltcraft hairbands pink + white,61.199999999999996,72,6,10.2,2010-03-10 11:46:00,2010-04-08 09:56:00,28,Short,245,Inactive,1,Churned,Churned,Low
62043B,blue check bag w handle 34x20cm,61.05,37,5,12.209999999999999,2010-04-30 15:39:00,2010-07-29 17:30:00,90,Short,133,Inactive,1,Churned,Churned,Low
,light decoration battery operated,60.90000000000001,29,4,15.225000000000003,2009-12-07 12:42:00,2010-11-03 14:15:00,331,Medium,36,At Risk,0,Active,At Risk,Low
,edwardian drop earrings jet black,60.9,16,15,4.06,2009-12-04 09:43:00,2010-12-07 15:28:00,368,Medium,2,Active,0,Active,Weak,Low
,ruby glass cluster earrings,60.67,48,43,1.4109302325581397,2009-12-02 14:36:00,2010-12-07 15:28:00,370,Medium,2,Active,0,Active,Weak,Low
,magic slate dinosaur,60.480000000000004,144,3,20.16,2010-05-04 10:13:00,2010-07-08 14:06:00,65,Short,154,Inactive,1,Churned,Churned,Low
84984B,red peony des c/cover,60.45,13,6,10.075000000000001,2010-01-08 16:29:00,2010-02-05 14:14:00,27,Short,307,Inactive,1,Churned,Churned,Low
,pink sweetie necklace,60.42,8,6,10.07,2009-12-13 12:31:00,2010-12-06 09:58:00,357,Medium,3,Active,0,Active,Weak,Low
,tin can biscuits design,60.0,48,4,15.0,2010-04-20 10:19:00,2010-06-29 15:28:00,70,Short,163,Inactive,1,Churned,Churned,Low
84875A,pink square compact mirror,60.0,16,12,5.0,2009-12-02 15:51:00,2010-11-30 14:21:00,362,Medium,9,Active,0,Active,Weak,Low
,daisy ring,59.65,47,27,2.2092592592592593,2009-12-01 14:28:00,2010-03-12 11:19:00,100,Short,272,Inactive,1,Churned,Churned,Low
gift_0001_70,dotcomgiftshop gift voucher £70.00,59.57,1,1,59.57,2010-06-14 11:24:00,2010-06-14 11:24:00,0,Short,178,Inactive,1,Churned,Churned,Low
44241C,blue butterfly on spring,59.5,70,8,7.4375,2010-01-25 15:36:00,2010-08-04 13:42:00,190,Medium,127,Inactive,1,Churned,Churned,Low
,pink crochet cat with scarf,59.5,14,11,5.409090909090909,2009-12-01 10:59:00,2010-03-26 13:57:00,115,Medium,258,Inactive,1,Churned,Churned,Low
84575A,pink dog cannister,59.5,10,9,6.611111111111111,2010-02-21 15:47:00,2010-11-28 14:57:00,279,Medium,11,Active,0,Active,Weak,Low
90060D,fire polished glass neckl bronze,59.5,10,6,9.916666666666666,2009-12-06 13:40:00,2010-12-06 12:47:00,364,Medium,3,Active,0,Active,Weak,Low
90026D,glass bead hoop necklace amethyst,59.5,7,5,11.9,2010-06-07 13:02:00,2010-11-14 14:57:00,160,Medium,25,Active,0,Active,Weak,Low
90001D,antique olive green flower earrings,59.47,14,7,8.495714285714286,2009-12-06 11:58:00,2010-12-06 09:58:00,364,Medium,3,Active,0,Active,Weak,Low
,vintage bead filled pink cushion,59.400000000000006,12,5,11.88,2010-01-05 12:06:00,2010-08-04 14:41:00,211,Medium,127,Inactive,1,Churned,Churned,Low
,childrens circus parade mug,59.400000000000006,36,3,19.8,2010-11-23 17:53:00,2010-11-30 09:46:00,6,Short,9,Active,0,Active,Weak,Low
,round food container s/5 retrospot,59.400000000000006,36,3,19.8,2010-01-12 17:24:00,2010-01-14 10:56:00,1,Short,329,Inactive,1,Churned,Churned,Low
35001B,hand open shape black,59.330000000000005,17,6,9.888333333333334,2009-12-17 13:35:00,2010-03-16 11:14:00,88,Short,268,Inactive,1,Churned,Churned,Low
35909B,pink flowers rabbit easter,59.32,24,8,7.415,2009-12-06 13:53:00,2010-11-07 16:03:00,336,Medium,32,At Risk,0,Active,At Risk,Low
90210C,red   acrylic faceted bangle,59.01,20,5,11.802,2009-12-04 16:37:00,2010-12-07 15:28:00,367,Medium,2,Active,0,Active,Weak,Low
,cherry blossom purse,59.00000000000001,20,8,7.375000000000001,2009-12-17 15:41:00,2010-10-10 12:09:00,296,Medium,60,At Risk,0,Active,At Risk,Low
,crochet rose des clothes hanger,59.0,20,6,9.833333333333334,2009-12-06 11:13:00,2010-11-16 16:46:00,345,Medium,23,Active,0,Active,Weak,Low
47369B,blue green embroidery cosmetic bag,59.0,20,8,7.375,2009-12-13 13:17:00,2010-12-05 14:17:00,357,Medium,4,Active,0,Active,Weak,Low
,calendar family favorites,59.0,20,4,14.75,2010-09-26 10:53:00,2010-10-08 13:59:00,12,Short,62,Inactive,1,Churned,Churned,Low
90162D,ant silver purple boudicca ring,59.0,20,10,5.9,2010-01-24 12:15:00,2010-12-05 11:03:00,314,Medium,4,Active,0,Active,Weak,Low
,daisy hair comb,58.65,23,14,4.189285714285714,2009-12-09 09:51:00,2010-12-07 18:36:00,363,Medium,2,Active,0,Active,Weak,Low
81985A,"icon alarm clock,fuschia  pin up",58.65,23,7,8.378571428571428,2009-12-07 13:59:00,2010-08-22 11:45:00,257,Medium,109,Inactive,1,Churned,Churned,Low
85023C,pink large jeweled photoframe,58.64999999999999,23,11,5.331818181818181,2010-01-18 14:23:00,2010-06-06 13:22:00,138,Medium,186,Inactive,1,Churned,Churned,Low
84984A,green peony des c/cover,58.370000000000005,11,5,11.674000000000001,2010-01-08 16:29:00,2010-01-28 15:43:00,19,Short,315,Inactive,1,Churned,Churned,Low
35816B,"acrylic jewel angel,blue",58.07,139,3,19.356666666666666,2009-12-16 11:57:00,2010-05-14 12:00:00,149,Medium,209,Inactive,1,Churned,Churned,Low
18094C,white/blue rect ceramic oil burner,58.05,33,13,4.4653846153846155,2009-12-02 14:43:00,2010-02-08 13:11:00,67,Short,304,Inactive,1,Churned,Churned,Low
17129C,sky blue colour glass gems in bag,57.98,86,11,5.2709090909090905,2009-12-09 15:03:00,2010-05-04 10:47:00,145,Medium,219,Inactive,1,Churned,Churned,Low
,herb marker mint,57.480000000000004,76,21,2.7371428571428575,2010-11-22 12:53:00,2010-12-09 14:09:00,17,Short,0,Active,0,Active,Weak,Low
35821B,"jewelled decoration,blue",57.0,150,3,19.0,2009-12-10 08:29:00,2010-04-08 16:49:00,119,Medium,245,Inactive,1,Churned,Churned,Low
35913B,white/pink chick easter decoration,56.91,64,11,5.173636363636363,2010-01-07 12:22:00,2010-11-07 16:03:00,304,Medium,32,At Risk,0,Active,At Risk,Low
72771B,burg flock gold cup/candle,56.9,117,8,7.1125,2009-12-10 09:49:00,2009-12-15 18:33:00,5,Short,359,Inactive,1,Churned,Churned,Low
,black sil't squ candle plate,56.7,27,7,8.1,2009-12-01 11:21:00,2010-11-07 17:40:00,341,Medium,32,At Risk,0,Active,At Risk,Low
47518F,icon placemat pop art elvis,56.52,80,10,5.652,2009-12-01 14:45:00,2010-10-28 14:15:00,330,Medium,42,At Risk,0,Active,At Risk,Low
90214G,"letter ""g"" bling key ring",56.38,44,21,2.684761904761905,2009-12-13 13:03:00,2010-12-07 18:36:00,359,Medium,2,Active,0,Active,Weak,Low
84415A,pink flock suede cushion cover,56.25,15,4,14.0625,2009-12-08 11:52:00,2010-09-27 12:45:00,293,Medium,73,Inactive,1,Churned,Churned,Low
85023A,crystal large jewelled photo frame,56.099999999999994,22,10,5.609999999999999,2009-12-04 15:16:00,2010-04-19 17:11:00,136,Medium,234,Inactive,1,Churned,Churned,Low
90067A,pink vintage victorian earrings,56.09,19,9,6.232222222222223,2009-12-01 11:37:00,2010-08-18 17:43:00,260,Medium,113,Inactive,1,Churned,Churned,Low
85179C,pink bitty light chain,55.839999999999996,10,4,13.959999999999999,2009-12-03 10:26:00,2010-11-29 10:57:00,361,Medium,10,Active,0,Active,Weak,Low
,pink/purple circle curtain,55.800000000000004,12,6,9.3,2010-01-24 11:03:00,2010-08-08 14:51:00,196,Medium,123,Inactive,1,Churned,Churned,Low
,padded red heart decoration,55.76,113,22,2.5345454545454547,2009-12-02 15:15:00,2010-09-26 15:07:00,297,Medium,74,Inactive,1,Churned,Churned,Low
71495B,cd wall tidy red flowers,55.56,143,11,5.050909090909091,2010-01-28 12:42:00,2010-12-08 13:53:00,314,Medium,1,Active,0,Active,Weak,Low
,asstd col butterfly/crystal w/chime,55.06,38,12,4.588333333333334,2010-02-18 13:29:00,2010-11-28 15:09:00,283,Medium,11,Active,0,Active,Weak,Low
,vintage enamel & crystal necklace,55.01,11,9,6.112222222222222,2009-12-17 19:33:00,2010-11-17 17:08:00,334,Medium,22,Active,0,Active,Weak,Low
,welcome metal sign,55.0,44,8,6.875,2009-12-02 15:04:00,2009-12-14 11:24:00,11,Short,360,Inactive,1,Churned,Churned,Low
35916A,yellow felt hanging heart w flower,54.60999999999999,48,17,3.21235294117647,2009-12-07 17:56:00,2010-12-06 16:57:00,363,Medium,3,Active,0,Active,Weak,Low
,montana diamond cluster necklace,54.519999999999996,6,5,10.904,2010-03-07 15:34:00,2010-11-14 14:57:00,251,Medium,25,Active,0,Active,Weak,Low
,porcelain cherub bell large,54.449999999999996,33,9,6.05,2010-03-19 13:53:00,2010-11-29 16:45:00,255,Medium,10,Active,0,Active,Weak,Low
35912B,white/pink chick decoration,54.32,36,10,5.432,2010-01-07 12:22:00,2010-11-25 14:40:00,322,Medium,14,Active,0,Active,Weak,Low
,party pizza dish blue white spot,54.28,53,17,3.192941176470588,2009-12-03 12:31:00,2010-04-21 10:58:00,138,Medium,232,Inactive,1,Churned,Churned,Low
17084J,love potion masala incense,53.76,256,13,4.135384615384615,2009-12-01 13:31:00,2010-12-07 14:30:00,371,Medium,2,Active,0,Active,Weak,Low
84251G,"greeting card, overcrowded pool.",53.709999999999994,203,39,1.3771794871794871,2009-12-01 14:28:00,2010-12-08 14:25:00,371,Medium,1,Active,0,Active,Weak,Low
90176C,diamante necklace,53.68,7,4,13.42,2009-12-14 18:37:00,2010-10-25 11:54:00,314,Medium,45,At Risk,0,Active,At Risk,Low
90059E,diamante hair grip pack/2 ruby,53.58,32,20,2.679,2009-12-09 09:42:00,2010-12-06 16:57:00,362,Medium,3,Active,0,Active,Weak,Low
90037C,tiny crystal bracelet blue,53.56,21,8,6.695,2009-12-14 17:57:00,2010-10-19 11:10:00,308,Medium,51,At Risk,0,Active,At Risk,Low
,pink crystal guitar phone charm,53.55,63,8,6.69375,2009-12-01 12:56:00,2010-06-07 16:39:00,188,Medium,185,Inactive,1,Churned,Churned,Low
,birdcage decoration magic garden,53.55,21,3,17.849999999999998,2009-12-10 17:27:00,2010-01-07 13:56:00,27,Short,336,Inactive,1,Churned,Churned,Low
37491D,purple/blue ceramic candle holder,53.4,22,11,4.8545454545454545,2010-01-27 17:56:00,2010-11-15 17:04:00,291,Medium,24,Active,0,Active,Weak,Low
90176A,classic diamante necklace jet,53.4,7,5,10.68,2009-12-03 14:39:00,2010-09-09 15:49:00,280,Medium,91,Inactive,1,Churned,Churned,Low
,little green monster soft toy,53.25,23,12,4.4375,2009-12-13 11:34:00,2010-12-03 17:28:00,355,Medium,6,Active,0,Active,Weak,Low
46115B,green pop art mao cushion cover,53.2,280,21,2.5333333333333337,2010-05-11 15:03:00,2010-12-06 14:36:00,208,Medium,3,Active,0,Active,Weak,Low
,zinc heart lattice charger small,53.100000000000016,18,4,13.275000000000004,2009-12-10 20:22:00,2010-06-17 12:17:00,188,Medium,175,Inactive,1,Churned,Churned,Low
84899E,yellow + brown bear felt purse kit,52.65,39,15,3.51,2009-12-01 09:46:00,2010-02-02 14:22:00,63,Short,310,Inactive,1,Churned,Churned,Low
,pink/white glass demi choker,52.64,7,4,13.16,2010-02-16 13:49:00,2010-11-22 11:37:00,278,Medium,17,Active,0,Active,Weak,Low
,french blue metal door sign 9,52.56,36,14,3.7542857142857144,2010-11-15 16:22:00,2010-12-07 15:28:00,21,Short,2,Active,0,Active,Weak,Low
84845C,carnation square handy tin,52.5,42,14,3.75,2009-12-06 13:10:00,2010-08-18 16:39:00,255,Medium,113,Inactive,1,Churned,Churned,Low
90214B,"letter ""b"" bling key ring",52.21,43,21,2.486190476190476,2009-12-09 15:03:00,2010-12-08 12:08:00,363,Medium,1,Active,0,Active,Weak,Low
,opulent velvet candle in box,52.2,29,7,7.457142857142857,2009-12-01 10:59:00,2009-12-22 15:10:00,21,Short,352,Inactive,1,Churned,Churned,Low
84292B,blue col metal folding chair,51.8,8,5,10.36,2010-01-04 14:00:00,2010-04-29 15:34:00,115,Medium,224,Inactive,1,Churned,Churned,Low
84510C,set of 4 polkadot coasters,51.36,30,13,3.9507692307692306,2010-09-28 17:47:00,2010-12-09 16:27:00,71,Short,0,Active,0,Active,Weak,Low
,french blue metal door sign 8,51.33,36,12,4.2775,2010-11-12 09:18:00,2010-12-07 15:34:00,25,Short,2,Active,0,Active,Weak,Low
DCGS0004,haynes camper shoulder bag,51.31,3,3,17.103333333333335,2009-12-03 14:39:00,2010-10-19 11:10:00,319,Medium,51,At Risk,0,Active,At Risk,Low
84845D,geranium square handy tin,51.25,41,11,4.659090909090909,2009-12-06 13:10:00,2010-10-21 16:30:00,319,Medium,49,At Risk,0,Active,At Risk,Low
gift_0001_10,dotcomgiftshop gift voucher £10.00,51.239999999999995,6,6,8.54,2009-12-18 17:06:00,2010-11-08 15:02:00,324,Medium,31,At Risk,0,Active,At Risk,Low
,assorted santa christmas decoration,51.13999999999999,50,7,7.305714285714285,2009-12-01 11:41:00,2009-12-09 09:51:00,7,Short,365,Inactive,1,Churned,Churned,Low
,flames sunglasses pink lenses,51.01,25,14,3.6435714285714282,2010-03-30 12:36:00,2010-11-17 09:23:00,231,Medium,22,Active,0,Active,Weak,Low
84612B,set/4 black  baroque flock coaster,51.0,20,4,12.75,2010-01-08 15:19:00,2010-10-26 13:07:00,290,Medium,44,At Risk,0,Active,At Risk,Low
,"bread bin, diner style, red",50.849999999999994,3,2,25.424999999999997,2010-10-18 14:12:00,2010-11-15 10:46:00,27,Short,24,Active,0,Active,Weak,Low
,cream sweetheart double shelf,50.84999999999999,3,1,50.84999999999999,2009-12-11 12:28:00,2009-12-11 12:28:00,0,Short,363,Inactive,1,Churned,Churned,Low
17084A,tranquility masala incense,50.82,242,11,4.62,2010-02-04 12:08:00,2010-11-25 16:46:00,294,Medium,14,Active,0,Active,Weak,Low
,"number tile vintage font, no",50.699999999999996,23,3,16.9,2010-10-25 16:43:00,2010-11-10 14:48:00,15,Short,29,Active,0,Active,Weak,Low
72083A,strawbery swirl flare candle,50.4,24,7,7.2,2010-02-24 11:51:00,2010-03-31 13:22:00,35,Short,253,Inactive,1,Churned,Churned,Low
90177B,drop diamante earrings black diamon,50.37,17,12,4.1975,2009-12-10 18:43:00,2010-11-23 09:12:00,347,Medium,16,Active,0,Active,Weak,Low
,hen & 2 chicks in basket,50.15,59,7,7.164285714285714,2010-01-31 16:02:00,2010-03-21 10:30:00,48,Short,263,Inactive,1,Churned,Churned,Low
,set/2 christmas decoupage candles,50.0,40,6,8.333333333333334,2009-12-02 11:53:00,2010-07-16 12:59:00,226,Medium,146,Inactive,1,Churned,Churned,Low
,cracked glaze necklace red,49.73,7,6,8.288333333333332,2010-06-28 10:02:00,2010-12-03 16:21:00,158,Medium,6,Active,0,Active,Weak,Low
90214N,"letter ""n"" bling key ring",49.72,40,21,2.3676190476190477,2009-12-06 14:54:00,2010-12-07 18:36:00,366,Medium,2,Active,0,Active,Weak,Low
90135A,orange/fuschia stones necklace,49.64,10,3,16.546666666666667,2010-03-08 12:35:00,2010-06-17 11:57:00,100,Short,175,Inactive,1,Churned,Churned,Low
,white with metal bag charm,49.5,10,6,8.25,2010-03-26 16:17:00,2010-08-17 13:35:00,143,Medium,114,Inactive,1,Churned,Churned,Low
,popart wooden pencils asst,49.44,412,6,8.24,2010-01-07 14:20:00,2010-11-16 12:50:00,312,Medium,23,Active,0,Active,Weak,Low
84537B,fairy cakes gift bag,49.14,117,11,4.467272727272728,2009-12-03 12:10:00,2010-03-15 14:01:00,102,Medium,269,Inactive,1,Churned,Churned,Low
35610C,white christmas flock droplet,49.05,69,6,8.174999999999999,2009-12-10 09:49:00,2010-10-25 10:04:00,319,Medium,45,At Risk,0,Active,At Risk,Low
90214P,"letter ""p"" bling key ring",48.91,41,19,2.5742105263157895,2009-12-07 15:26:00,2010-12-08 14:25:00,365,Medium,1,Active,0,Active,Weak,Low
62086A,pink retro big flower bag,48.75,25,10,4.875,2010-03-01 12:21:00,2010-11-23 11:51:00,266,Medium,16,Active,0,Active,Weak,Low
35603C,set/16 white shiny & matt baubles,48.3,83,24,2.0124999999999997,2009-12-02 15:15:00,2010-11-09 12:07:00,341,Medium,30,Active,0,Active,Weak,Low
47591A,carousel childrens apron,47.97,29,12,3.9975,2010-07-16 17:58:00,2010-08-24 14:59:00,38,Short,107,Inactive,1,Churned,Churned,Low
,laser cut multi strand necklace,47.8,4,3,15.933333333333332,2010-08-18 17:43:00,2010-11-24 14:21:00,97,Short,15,Active,0,Active,Weak,Low
90179B,purple fine bead necklace w tassel,47.72,8,6,7.953333333333333,2009-12-02 14:36:00,2010-10-24 14:11:00,325,Medium,46,At Risk,0,Active,At Risk,Low
15058B,pink polkadot garden parasol,47.7,6,3,15.9,2010-11-15 14:26:00,2010-11-29 10:56:00,13,Short,10,Active,0,Active,Weak,Low
,ornate edwardian candle holder,47.7,6,4,11.925,2009-12-04 15:27:00,2010-01-15 12:38:00,41,Short,328,Inactive,1,Churned,Churned,Low
,classical rose table lamp,47.6,8,2,23.8,2010-03-02 12:24:00,2010-03-18 13:28:00,16,Short,266,Inactive,1,Churned,Churned,Low
,gothic carriage lantern,47.6,8,4,11.9,2009-12-02 09:57:00,2010-04-01 16:40:00,120,Medium,252,Inactive,1,Churned,Churned,Low
71495A,cd wall tidy blue office,47.58,122,12,3.965,2010-02-09 16:18:00,2010-11-22 11:25:00,285,Medium,17,Active,0,Active,Weak,Low
,french blue metal door sign 0,47.56,32,9,5.2844444444444445,2010-11-15 13:07:00,2010-12-07 15:28:00,22,Short,2,Active,0,Active,Weak,Low
90141A,green pendant triple shell necklace,47.35,9,8,5.91875,2009-12-06 11:27:00,2010-12-03 11:36:00,362,Medium,6,Active,0,Active,Weak,Low
,vintage notebook french letter,47.20000000000002,16,4,11.800000000000004,2009-12-08 12:33:00,2010-02-02 12:17:00,55,Short,310,Inactive,1,Churned,Churned,Low
,trellis flower chopsticks set/5,46.8,24,9,5.199999999999999,2009-12-02 15:51:00,2010-02-28 16:00:00,88,Short,284,Inactive,1,Churned,Churned,Low
,hen house w chick in nest,46.620000000000005,111,12,3.8850000000000002,2010-02-18 12:34:00,2010-04-09 16:54:00,50,Short,244,Inactive,1,Churned,Churned,Low
81952B,round blue clock w/sucker,46.56,54,11,4.232727272727273,2010-01-11 14:39:00,2010-08-24 08:21:00,224,Medium,107,Inactive,1,Churned,Churned,Low
,teatime pencil with rubber,46.45,151,8,5.80625,2010-02-16 17:24:00,2010-04-19 11:13:00,61,Short,234,Inactive,1,Churned,Churned,Low
,easter tin chicks pink daisy,46.379999999999995,25,5,9.276,2010-10-05 09:43:00,2010-12-05 13:42:00,61,Short,4,Active,0,Active,Weak,Low
17007B,s/3 pot pouri cushions blue colours,46.2,22,5,9.24,2009-12-14 12:24:00,2010-12-06 13:01:00,357,Medium,3,Active,0,Active,Weak,Low
,padded holly christmas decoration,46.17,104,21,2.198571428571429,2009-12-09 14:48:00,2010-10-07 15:33:00,302,Medium,63,Inactive,1,Churned,Churned,Low
,candy stripe rose quilt,45.95,1,1,45.95,2009-12-09 12:18:00,2009-12-09 12:18:00,0,Short,365,Inactive,1,Churned,Churned,Low
,set of 4 napkin charm cutlery,45.900000000000006,18,3,15.300000000000002,2010-07-28 09:41:00,2010-09-13 10:44:00,47,Short,87,Inactive,1,Churned,Churned,Low
,polyester filler pad 60x40cm,45.9,18,5,9.18,2009-12-01 11:50:00,2010-11-23 11:35:00,356,Medium,16,Active,0,Active,Weak,Low
90037B,tiny crystal bracelet green,45.89,18,5,9.178,2010-03-16 11:08:00,2010-07-13 14:07:00,119,Medium,149,Inactive,1,Churned,Churned,Low
35611B,black assorted droplet decoration,45.76,62,3,15.253333333333332,2009-12-03 14:39:00,2010-11-23 14:17:00,354,Medium,16,Active,0,Active,Weak,Low
90163B,white rosebud & pearl necklace,45.73,6,4,11.4325,2009-12-09 09:51:00,2010-06-15 16:17:00,188,Medium,177,Inactive,1,Churned,Churned,Low
90214H,"letter ""h"" bling key ring",45.2,40,28,1.6142857142857143,2009-12-01 13:13:00,2010-12-08 14:25:00,372,Medium,1,Active,0,Active,Weak,Low
90059F,diamante hair grip pack/2 lt rose,45.18,27,13,3.4753846153846153,2009-12-16 17:58:00,2010-11-22 11:25:00,340,Medium,17,Active,0,Active,Weak,Low
90059C,diamante hair grip pack/2 montana,45.03999999999999,27,14,3.2171428571428566,2009-12-09 09:42:00,2010-12-01 12:23:00,357,Medium,8,Active,0,Active,Weak,Low
,tin can kings choice design,45.0,36,3,15.0,2010-04-08 15:20:00,2010-05-18 11:50:00,39,Short,205,Inactive,1,Churned,Churned,Low
,pizza dish slice,45.0,36,2,22.5,2009-12-05 13:13:00,2009-12-08 07:42:00,2,Short,366,Inactive,1,Churned,Churned,Low
16161C,wrap speed demons,45.0,450,2,22.5,2009-12-01 12:56:00,2009-12-22 12:01:00,20,Short,352,Inactive,1,Churned,Churned,Low
,set/6 christmas icicle t-lights,45.0,36,10,4.5,2009-12-01 11:45:00,2009-12-10 18:27:00,9,Short,364,Inactive,1,Churned,Churned,Low
,medina stamped metal tray,44.849999999999994,3,2,22.424999999999997,2009-12-01 14:59:00,2009-12-02 12:32:00,0,Short,372,Inactive,1,Churned,Churned,Low
35916B,blue felt hanging heart w flower,44.65,42,15,2.9766666666666666,2009-12-01 09:57:00,2010-12-01 17:06:00,365,Medium,8,Active,0,Active,Weak,Low
90177E,drop diamante earrings green,44.589999999999996,15,14,3.1849999999999996,2009-12-10 18:43:00,2010-12-01 17:06:00,355,Medium,8,Active,0,Active,Weak,Low
90197D,amber glass bracelet heart charms,44.550000000000004,9,4,11.137500000000001,2010-02-02 12:45:00,2010-04-07 11:07:00,63,Short,246,Inactive,1,Churned,Churned,Low
72796B,s/3 french vanilla squ candle,44.55,27,12,3.7125,2009-12-02 11:52:00,2010-07-04 11:16:00,213,Medium,158,Inactive,1,Churned,Churned,Low
,silver looking mirror,44.55,9,7,6.364285714285714,2009-12-17 11:38:00,2010-12-01 11:21:00,348,Medium,8,Active,0,Active,Weak,Low
84586L,"pink roses/gingham patch rabbit 8""",44.25000000000001,15,9,4.916666666666668,2009-12-06 11:13:00,2010-01-31 12:32:00,56,Short,312,Inactive,1,Churned,Churned,Low
35085E,ivory rose lampshade,44.25,39,9,4.916666666666667,2009-12-01 16:17:00,2010-07-14 12:29:00,224,Medium,148,Inactive,1,Churned,Churned,Low
35607B,black feather christmas decoration,44.059999999999995,216,10,4.406,2009-12-11 11:52:00,2010-11-01 13:26:00,325,Medium,38,At Risk,0,Active,At Risk,Low
,blue blossom hair clip,43.870000000000005,39,9,4.874444444444445,2010-01-15 15:47:00,2010-11-26 11:01:00,314,Medium,13,Active,0,Active,Weak,Low
90027D,glass bead hoop earrings amethyst,43.78,14,10,4.378,2009-12-02 14:43:00,2010-11-14 15:23:00,347,Medium,25,Active,0,Active,Weak,Low
17014C,origami lavender incense cones,43.75,97,2,21.875,2009-12-05 14:57:00,2009-12-10 09:49:00,4,Short,364,Inactive,1,Churned,Churned,Low
90214D,"letter ""d"" bling key ring",43.47,35,21,2.07,2009-12-03 12:40:00,2010-12-07 18:36:00,369,Medium,2,Active,0,Active,Weak,Low
90042B,freshwater pearl bracelet pink,43.349999999999994,17,6,7.224999999999999,2009-12-02 11:34:00,2010-11-24 14:21:00,357,Medium,15,Active,0,Active,Weak,Low
35822P,"acrylic bead chain, pink",43.32,114,1,43.32,2010-01-27 12:39:00,2010-01-27 12:39:00,0,Short,316,Inactive,1,Churned,Churned,Low
72798C,set/4 garden rose dinner candle,43.21,22,13,3.323846153846154,2009-12-01 13:31:00,2010-12-01 17:35:00,365,Medium,8,Active,0,Active,Weak,Low
,crochet dog keyring,42.9,26,6,7.1499999999999995,2009-12-08 17:44:00,2010-11-21 14:26:00,347,Medium,18,Active,0,Active,Weak,Low
,crochet bear red/blue  keyring,42.9,26,9,4.766666666666667,2009-12-03 14:28:00,2010-11-14 14:47:00,346,Medium,25,Active,0,Active,Weak,Low
,hypochondriac pill stress ball,42.64,10,9,4.737777777777778,2009-12-01 14:49:00,2010-11-04 14:49:00,338,Medium,35,At Risk,0,Active,At Risk,Low
90024A,new baroque b'fly necklace black,42.5,5,4,10.625,2010-01-28 13:23:00,2010-11-05 11:49:00,280,Medium,34,At Risk,0,Active,At Risk,Low
90026B,glass bead hoop necklace montana,42.5,5,4,10.625,2009-12-13 10:54:00,2010-11-28 13:53:00,350,Medium,11,Active,0,Active,Weak,Low
,party pizza dish green white spot,42.3,40,15,2.82,2009-12-03 12:31:00,2010-04-21 10:58:00,138,Medium,232,Inactive,1,Churned,Churned,Low
84803B,white allium  artificial flower,42.25,25,7,6.035714285714286,2010-02-04 16:16:00,2010-09-15 17:07:00,223,Medium,85,Inactive,1,Churned,Churned,Low
90214T,"letter ""t"" bling key ring",42.11,33,13,3.2392307692307694,2009-12-06 14:54:00,2010-11-19 13:16:00,347,Medium,20,Active,0,Active,Weak,Low
72771C,black flock gold candle,42.08,54,6,7.013333333333333,2009-12-07 17:56:00,2009-12-13 15:17:00,5,Short,361,Inactive,1,Churned,Churned,Low
90030A,spotted white natural seed necklace,41.760000000000005,7,3,13.920000000000002,2009-12-09 09:51:00,2010-03-28 11:30:00,109,Medium,256,Inactive,1,Churned,Churned,Low
90177C,drop diamante earrings crystal,41.67,14,13,3.2053846153846157,2009-12-10 18:43:00,2010-12-07 18:36:00,361,Medium,2,Active,0,Active,Weak,Low
84611B,black new baroque flock box,41.65,7,4,10.4125,2010-01-07 13:07:00,2010-11-15 14:11:00,312,Medium,24,Active,0,Active,Weak,Low
90060C,fire polished glass neckl silver,41.65,7,3,13.883333333333333,2009-12-06 13:40:00,2010-07-04 11:40:00,209,Medium,158,Inactive,1,Churned,Churned,Low
90039B,fire polished glass bracelet montan,41.49,11,6,6.915,2010-01-12 09:48:00,2010-12-09 14:09:00,331,Medium,0,Active,0,Active,Weak,Low
90183A,amber drop earrings w long beads,41.37,14,9,4.596666666666667,2010-01-19 09:05:00,2010-12-06 09:58:00,321,Medium,3,Active,0,Active,Weak,Low
90067B,brown vintage victorian earrings,41.32,14,4,10.33,2009-12-01 11:37:00,2010-08-18 17:43:00,260,Medium,113,Inactive,1,Churned,Churned,Low
85184B,set 4 easter decoupage oval boxes,41.3,14,7,5.8999999999999995,2009-12-09 13:26:00,2010-03-22 17:32:00,103,Medium,262,Inactive,1,Churned,Churned,Low
90128A,pink leaves and beads phone charm,41.29,29,9,4.587777777777777,2010-01-24 12:15:00,2010-12-09 14:09:00,319,Medium,0,Active,0,Active,Weak,Low
90212C,purple las vegas bracelet round,41.25,11,5,8.25,2009-12-13 10:54:00,2010-12-08 10:35:00,359,Medium,1,Active,0,Active,Weak,Low
37477B,"flower fairy mug+coaster,lavender",41.25,11,8,5.15625,2009-12-02 15:41:00,2010-11-22 10:42:00,354,Medium,17,Active,0,Active,Weak,Low
,glow in the dark shot glasses,41.01,3,3,13.67,2009-12-18 17:15:00,2010-09-27 15:56:00,282,Medium,73,Inactive,1,Churned,Churned,Low
,pair pink/black coathangers,40.95,21,7,5.8500000000000005,2010-02-03 13:52:00,2010-11-21 12:21:00,290,Medium,18,Active,0,Active,Weak,Low
,polkadot pens,40.8,48,1,40.8,2010-10-28 15:17:00,2010-10-28 15:17:00,0,Short,42,At Risk,0,Active,At Risk,Low
84798C,white foxglove artiifcial flower,40.8,16,3,13.6,2010-01-05 14:12:00,2010-02-04 16:16:00,30,Short,308,Inactive,1,Churned,Churned,Low
,ivory sculpted rnd candle,40.8,48,8,5.1,2010-04-19 14:08:00,2010-12-08 13:17:00,232,Medium,1,Active,0,Active,Weak,Low
90012B,black drop crystal necklace,40.55,4,3,13.516666666666666,2009-12-03 13:49:00,2010-07-21 12:11:00,229,Medium,141,Inactive,1,Churned,Churned,Low
,white silver necklace shell glass,40.5,4,4,10.125,2009-12-02 14:43:00,2010-12-08 14:25:00,370,Medium,1,Active,0,Active,Weak,Low
90064A,white vintage crystal earrings,40.44,10,6,6.739999999999999,2010-01-13 17:44:00,2010-09-28 17:18:00,257,Medium,72,Inactive,1,Churned,Churned,Low
,magic slate go to the fair,40.32,96,2,20.16,2010-05-04 10:13:00,2010-07-08 14:06:00,65,Short,154,Inactive,1,Churned,Churned,Low
,magic slate leap frog,40.32,96,2,20.16,2010-05-04 10:13:00,2010-05-28 10:17:00,24,Short,195,Inactive,1,Churned,Churned,Low
,french blue metal door sign 6,40.03,31,10,4.003,2010-11-15 13:07:00,2010-12-07 15:34:00,22,Short,2,Active,0,Active,Weak,Low
,jazz hearts spiral notepad,39.949999999999996,47,12,3.329166666666666,2009-12-01 12:57:00,2010-01-25 15:22:00,55,Short,318,Inactive,1,Churned,Churned,Low
,gold cosmetics bag with butterfly,39.900000000000006,19,10,3.9900000000000007,2010-04-08 11:49:00,2010-11-08 14:48:00,214,Medium,31,At Risk,0,Active,At Risk,Low
79065A,teatime round cake tins,39.8,4,1,39.8,2009-12-02 12:06:00,2009-12-02 12:06:00,0,Short,372,Inactive,1,Churned,Churned,Low
,pink stocking christmas decoration,39.169999999999995,93,9,4.352222222222221,2009-12-01 12:56:00,2010-11-25 09:46:00,358,Medium,14,Active,0,Active,Weak,Low
,"cat bowl, enamel , cream colour",39.0,12,2,19.5,2010-10-18 11:28:00,2010-11-15 10:46:00,27,Short,24,Active,0,Active,Weak,Low
82545A,cognac aux oeufs metal 1 hook,38.75,31,11,3.522727272727273,2010-01-14 14:18:00,2010-10-21 16:30:00,280,Medium,49,At Risk,0,Active,At Risk,Low
,drop earrings w flower & leaf,38.46,15,14,2.7471428571428573,2009-12-01 14:28:00,2010-12-09 14:09:00,372,Medium,0,Active,0,Active,Weak,Low
,folkart zinc clip on angel wings,38.379999999999995,101,11,3.489090909090909,2009-12-16 12:09:00,2010-09-22 15:58:00,280,Medium,78,Inactive,1,Churned,Churned,Low
,purple frangipani necklace,38.19,15,14,2.7278571428571428,2009-12-22 09:45:00,2010-11-18 11:28:00,331,Medium,21,Active,0,Active,Weak,Low
90003E,green pair heart hair slides,38.01,10,9,4.223333333333333,2009-12-16 17:36:00,2010-12-03 11:36:00,351,Medium,6,Active,0,Active,Weak,Low
,metalic leaves bag charms,38.01,14,6,6.335,2010-06-23 10:53:00,2010-11-30 12:29:00,160,Medium,9,Active,0,Active,Weak,Low
90181C,black glass/shell/pearl necklace,37.78,4,4,9.445,2009-12-02 14:43:00,2010-07-12 14:52:00,222,Medium,150,Inactive,1,Churned,Churned,Low
90038C,glass and beads bracelet ivory,37.77,10,5,7.554,2009-12-18 17:15:00,2010-09-05 12:44:00,260,Medium,95,Inactive,1,Churned,Churned,Low
,hen party cordon barrier tape,37.51,29,9,4.167777777777777,2010-11-05 14:21:00,2010-11-30 09:46:00,24,Short,9,Active,0,Active,Weak,Low
,glass wine glass decorations,37.5,30,9,4.166666666666667,2009-12-04 14:19:00,2010-05-04 13:49:00,150,Medium,219,Inactive,1,Churned,Churned,Low
,pasta enamel/brass container,37.5,10,8,4.6875,2009-12-08 15:00:00,2010-05-18 16:28:00,161,Medium,205,Inactive,1,Churned,Churned,Low
,yellow birds felt des foodcover,37.5,10,5,7.5,2009-12-04 11:59:00,2010-02-02 12:47:00,60,Short,310,Inactive,1,Churned,Churned,Low
71406C,black orange squeezer,37.42,85,16,2.33875,2009-12-03 14:39:00,2010-12-05 12:42:00,366,Medium,4,Active,0,Active,Weak,Low
84705F,red peony photo frame,37.2,8,5,7.44,2009-12-02 15:04:00,2010-04-18 13:12:00,136,Medium,235,Inactive,1,Churned,Churned,Low
84251J,"greeting card, the black cat",37.04,74,17,2.1788235294117646,2009-12-01 09:46:00,2010-06-07 10:54:00,188,Medium,185,Inactive,1,Churned,Churned,Low
,spherical ivory candle,36.96,88,13,2.8430769230769233,2010-02-16 15:35:00,2010-08-26 12:38:00,190,Medium,105,Inactive,1,Churned,Churned,Low
47013A,wine bottle dressing lt.blue,36.83,127,21,1.7538095238095237,2009-12-16 14:59:00,2010-11-23 14:28:00,341,Medium,16,Active,0,Active,Weak,Low
,black diamond cluster necklace,36.62,4,4,9.155,2010-03-07 15:34:00,2010-12-06 16:57:00,274,Medium,3,Active,0,Active,Weak,Low
17014E,origami opium incense cones,36.599999999999994,95,6,6.099999999999999,2010-05-10 11:05:00,2010-08-20 09:23:00,101,Medium,111,Inactive,1,Churned,Churned,Low
37462E,"pet mug, goldfish",36.54,74,18,2.03,2010-01-10 14:02:00,2010-12-08 14:25:00,332,Medium,1,Active,0,Active,Weak,Low
,card gingham rose,36.13,85,7,5.161428571428572,2010-11-22 12:36:00,2010-12-09 14:09:00,17,Short,0,Active,0,Active,Weak,Low
90037D,tiny crystals bracelet black,35.870000000000005,14,8,4.483750000000001,2009-12-07 17:56:00,2010-06-23 14:34:00,197,Medium,169,Inactive,1,Churned,Churned,Low
90202C,green enamel flower hair tie,35.71,12,12,2.9758333333333336,2009-12-09 09:51:00,2010-12-07 15:28:00,363,Medium,2,Active,0,Active,Weak,Low
,set of 4 pastel stacking mugs,35.7,14,7,5.1000000000000005,2009-12-02 11:53:00,2010-03-31 13:17:00,119,Medium,253,Inactive,1,Churned,Churned,Low
90152C,blue/nat shell necklace w pendant,35.7,6,3,11.9,2010-04-01 10:33:00,2010-08-18 17:43:00,139,Medium,113,Inactive,1,Churned,Churned,Low
90179A,amber fine bead necklace w tassel,35.690000000000005,6,4,8.922500000000001,2010-01-26 17:48:00,2010-10-24 14:11:00,270,Medium,46,At Risk,0,Active,At Risk,Low
,white frangipani necklace,35.63,14,13,2.740769230769231,2009-12-09 09:42:00,2010-12-06 10:08:00,362,Medium,3,Active,0,Active,Weak,Low
90130C,green stone/crystal earrings,35.63,12,12,2.9691666666666667,2009-12-04 09:43:00,2010-12-06 10:08:00,367,Medium,3,Active,0,Active,Weak,Low
90126C,amber bertie mobile phone charm,35.519999999999996,19,4,8.879999999999999,2009-12-18 17:06:00,2010-08-04 14:41:00,228,Medium,127,Inactive,1,Churned,Churned,Low
,cracked glaze necklace brown,35.44,5,3,11.813333333333333,2009-12-22 16:17:00,2010-06-28 10:02:00,187,Medium,164,Inactive,1,Churned,Churned,Low
,baking mould easter egg milk choc,35.40000000000001,12,1,35.40000000000001,2010-12-09 12:20:00,2010-12-09 12:20:00,0,Short,0,Active,0,Active,Weak,Low
35909A,rabbit easter decoration,35.4,12,2,17.7,2010-02-23 12:55:00,2010-03-24 10:03:00,28,Short,260,Inactive,1,Churned,Churned,Low
47351B,blue  voile lampshade,35.4,12,5,7.08,2009-12-06 11:58:00,2010-10-14 11:43:00,311,Medium,56,At Risk,0,Active,At Risk,Low
,blue polkadot beaker,35.099999999999994,18,2,17.549999999999997,2010-10-13 10:52:00,2010-11-23 11:26:00,41,Short,16,Active,0,Active,Weak,Low
DCGS0058,miso pretty  gum,34.82,42,30,1.1606666666666667,2009-12-01 14:28:00,2010-10-22 15:57:00,325,Medium,48,At Risk,0,Active,At Risk,Low
84868B,blue baby boy's memory box,34.75,5,4,8.6875,2010-01-26 13:04:00,2010-05-09 11:40:00,102,Medium,214,Inactive,1,Churned,Churned,Low
,pink/amethyst/gold necklace,34.75,5,3,11.583333333333334,2009-12-01 11:37:00,2010-07-13 14:07:00,224,Medium,149,Inactive,1,Churned,Churned,Low
,crochet poodle keyring,34.65,21,3,11.549999999999999,2010-03-01 12:21:00,2010-07-14 13:01:00,135,Medium,148,Inactive,1,Churned,Churned,Low
,small folkart christmas tree dec,34.62,135,4,8.655,2009-12-01 12:22:00,2010-05-13 18:49:00,163,Medium,210,Inactive,1,Churned,Churned,Low
37489A,yellow/pink flower design big mug,34.08,14,10,3.408,2009-12-13 11:49:00,2010-12-03 12:24:00,355,Medium,6,Active,0,Active,Weak,Low
,"dog bowl, enamel , cream colour",34.0,8,2,17.0,2010-10-18 11:28:00,2010-11-15 10:46:00,27,Short,24,Active,0,Active,Weak,Low
90026C,glass bead hoop necklace green,34.0,4,3,11.333333333333334,2009-12-10 19:35:00,2010-11-14 14:57:00,338,Medium,25,Active,0,Active,Weak,Low
90001B,antique mid blue flower earrings,33.97,8,7,4.852857142857142,2010-01-13 17:44:00,2010-11-22 11:25:00,312,Medium,17,Active,0,Active,Weak,Low
,frying pan pink retrospot,33.97,7,3,11.323333333333332,2010-09-23 12:01:00,2010-09-30 17:05:00,7,Short,70,Inactive,1,Churned,Churned,Low
90187B,green drop earrings w bead cluster,33.96,10,8,4.245,2009-12-03 14:39:00,2010-12-07 15:28:00,369,Medium,2,Active,0,Active,Weak,Low
90126A,pink bertie mobile phone charm,33.78,19,4,8.445,2009-12-06 11:27:00,2010-08-04 14:41:00,241,Medium,127,Inactive,1,Churned,Churned,Low
90066A,pink vintage victorian choker,33.75,5,2,16.875,2010-07-19 13:23:00,2010-10-07 14:11:00,80,Short,63,Inactive,1,Churned,Churned,Low
,pink easter hens+flower,33.75,9,7,4.821428571428571,2009-12-07 13:35:00,2010-07-08 11:01:00,212,Medium,154,Inactive,1,Churned,Churned,Low
90064B,black vintage  crystal earrings,33.75,9,5,6.75,2009-12-17 19:33:00,2010-11-18 16:10:00,335,Medium,21,Active,0,Active,Weak,Low
,blue daisy mobile,33.75,9,3,11.25,2009-12-11 15:40:00,2010-11-09 12:07:00,332,Medium,30,Active,0,Active,Weak,Low
,hen house w chick standing,33.66,59,21,1.6028571428571428,2009-12-07 17:56:00,2010-12-09 14:09:00,366,Medium,0,Active,0,Active,Weak,Low
,ivory shell heart earrings,33.36,13,10,3.336,2009-12-02 14:43:00,2010-12-09 15:53:00,372,Medium,0,Active,0,Active,Weak,Low
,butterfly hair band,33.24,13,12,2.77,2009-12-04 09:43:00,2010-12-09 14:09:00,370,Medium,0,Active,0,Active,Weak,Low
18097A,pink tall porcelain t-light holder,33.15,13,9,3.683333333333333,2010-03-05 13:24:00,2010-12-02 13:49:00,272,Medium,7,Active,0,Active,Weak,Low
,set of 3 rabbit egg easter,33.15,37,16,2.071875,2009-12-04 16:12:00,2010-06-25 16:22:00,203,Medium,167,Inactive,1,Churned,Churned,Low
90214I,"letter ""i"" bling key ring",33.08,26,16,2.0675,2009-12-09 15:03:00,2010-12-07 18:36:00,363,Medium,2,Active,0,Active,Weak,Low
84249A,"greeting card,square, doughnuts",32.76,78,7,4.68,2010-02-04 16:16:00,2010-06-10 18:50:00,126,Medium,182,Inactive,1,Churned,Churned,Low
,pink daisy bag charm,32.75,12,10,3.275,2010-06-16 16:04:00,2010-11-30 12:29:00,166,Medium,9,Active,0,Active,Weak,Low
,embroidered reindeer decoration,32.25,23,8,4.03125,2009-12-03 16:54:00,2009-12-23 11:51:00,19,Short,351,Inactive,1,Churned,Churned,Low
17136A,blue stones on wire for candle,32.19,391,17,1.8935294117647057,2009-12-03 09:44:00,2010-11-23 10:24:00,355,Medium,16,Active,0,Active,Weak,Low
,fan black frame,32.19,111,14,2.299285714285714,2009-12-13 14:38:00,2010-10-31 16:21:00,322,Medium,39,At Risk,0,Active,At Risk,Low
37491A,yellow/pink ceramic candle holder,31.849999999999998,13,10,3.1849999999999996,2009-12-15 18:33:00,2010-12-01 17:06:00,350,Medium,8,Active,0,Active,Weak,Low
,french lavender scent heart,31.54,11,5,6.308,2010-11-28 15:18:00,2010-12-07 18:36:00,9,Short,2,Active,0,Active,Weak,Low
90125B,aqua bertie glass bead bag charm,31.509999999999998,14,5,6.302,2009-12-08 13:27:00,2010-11-02 13:57:00,329,Medium,37,At Risk,0,Active,At Risk,Low
90125C,turquoise bertie glass bead charm,31.5,15,3,10.5,2009-12-01 13:13:00,2010-11-07 12:47:00,340,Medium,32,At Risk,0,Active,At Risk,Low
90141C,turq pendant triple shell necklace,31.38,6,5,6.276,2009-12-06 11:27:00,2010-11-08 15:02:00,337,Medium,31,At Risk,0,Active,At Risk,Low
85131D,beaded crystal heart pink\on stick,31.299999999999997,20,11,2.8454545454545452,2009-12-17 15:44:00,2010-08-01 14:40:00,226,Medium,130,Inactive,1,Churned,Churned,Low
,assorted colour suction cup hook,31.16,164,19,1.64,2009-12-02 13:33:00,2010-12-08 12:56:00,370,Medium,1,Active,0,Active,Weak,Low
72024U,lilac votive candle,31.08,148,8,3.885,2009-12-02 13:06:00,2010-11-29 16:13:00,362,Medium,10,Active,0,Active,Weak,Low
44091C,multicolour crusoe check lampshade,30.66,61,17,1.8035294117647058,2009-12-17 19:54:00,2010-08-04 16:27:00,229,Medium,127,Inactive,1,Churned,Churned,Low
,baking mould chocolate cup cakes,30.6,12,2,15.3,2010-12-09 10:04:00,2010-12-09 10:05:00,0,Short,0,Active,0,Active,Weak,Low
,wooden heart christmas scandispot,30.6,36,1,30.6,2010-09-16 10:19:00,2010-09-16 10:19:00,0,Short,84,Inactive,1,Churned,Churned,Low
,set of 4 napkin charms instument,30.6,12,2,15.3,2010-07-26 10:03:00,2010-09-28 13:13:00,64,Short,72,Inactive,1,Churned,Churned,Low
,electronic talking breath-a-loser,30.47,6,5,6.093999999999999,2009-12-14 17:16:00,2010-10-07 10:19:00,296,Medium,63,Inactive,1,Churned,Churned,Low
90038B,glass and painted beads bracelet ol,30.42,8,5,6.0840000000000005,2009-12-14 17:16:00,2010-09-05 12:44:00,264,Medium,95,Inactive,1,Churned,Churned,Low
90176D,diamante necklace purple,30.31,4,3,10.103333333333333,2009-12-15 18:33:00,2010-11-05 11:49:00,324,Medium,34,At Risk,0,Active,At Risk,Low
,assorted fragrance bath confetti,30.16,64,9,3.351111111111111,2009-12-01 12:22:00,2010-01-28 13:23:00,58,Short,315,Inactive,1,Churned,Churned,Low
,blue polkadot luggage tag,30.049999999999997,20,17,1.7676470588235293,2010-09-24 11:11:00,2010-12-07 11:48:00,74,Short,2,Active,0,Active,Weak,Low
,tin can pocket money design,30.0,24,2,15.0,2010-05-10 14:08:00,2010-06-29 15:28:00,50,Short,163,Inactive,1,Churned,Churned,Low
,tin can housekeeping design,30.0,24,2,15.0,2010-04-20 10:19:00,2010-04-21 10:36:00,1,Short,232,Inactive,1,Churned,Churned,Low
,birthday banner tape,30.0,24,2,15.0,2010-11-11 12:47:00,2010-11-15 12:15:00,3,Short,24,Active,0,Active,Weak,Low
,drawer knob acrylic edwardian clear,30.0,24,1,30.0,2010-10-22 09:36:00,2010-10-22 09:36:00,0,Short,48,At Risk,0,Active,At Risk,Low
,drawerknob acrylic edwardian purple,30.0,24,1,30.0,2010-10-22 09:36:00,2010-10-22 09:36:00,0,Short,48,At Risk,0,Active,At Risk,Low
47563B,waveline surf ironing board cover,30.0,8,6,5.0,2010-02-14 13:39:00,2010-11-28 14:57:00,287,Medium,11,Active,0,Active,Weak,Low
,drawer knob acrylic edwardian green,30.0,24,1,30.0,2010-10-22 09:36:00,2010-10-22 09:36:00,0,Short,48,At Risk,0,Active,At Risk,Low
,drawer knob acrylic edwardian pink,30.0,24,1,30.0,2010-10-22 09:36:00,2010-10-22 09:36:00,0,Short,48,At Risk,0,Active,At Risk,Low
,french style wire door cabinet,29.95,1,1,29.95,2009-12-01 14:19:00,2009-12-01 14:19:00,0,Short,373,Inactive,1,Churned,Churned,Low
,camouflage backpack on wheels,29.849999999999998,3,2,14.924999999999999,2009-12-02 13:20:00,2009-12-08 15:20:00,6,Short,366,Inactive,1,Churned,Churned,Low
90001C,antique opal white flower earrings,29.810000000000002,7,6,4.968333333333334,2009-12-11 12:21:00,2010-12-07 18:36:00,361,Medium,2,Active,0,Active,Weak,Low
90152B,blue/green shell necklace w pendant,29.75,5,4,7.4375,2009-12-06 13:29:00,2010-12-03 14:54:00,362,Medium,6,Active,0,Active,Weak,Low
90060B,fire polished glass neckl gold,29.75,5,3,9.916666666666666,2009-12-13 12:31:00,2010-06-24 18:06:00,193,Medium,168,Inactive,1,Churned,Churned,Low
,copper and brass bag charm,29.700000000000003,6,4,7.425000000000001,2009-12-17 15:26:00,2010-03-26 16:17:00,99,Short,258,Inactive,1,Churned,Churned,Low
,"tray for tv dinner , dolly girl",29.7,6,1,29.7,2010-05-28 09:36:00,2010-05-28 09:36:00,0,Short,195,Inactive,1,Churned,Churned,Low
,"tray for tv dinner ,spaceboy",29.7,6,1,29.7,2010-05-28 09:36:00,2010-05-28 09:36:00,0,Short,195,Inactive,1,Churned,Churned,Low
90081B,lily brooch white/silver colour,29.7,6,2,14.85,2010-10-19 13:18:00,2010-11-09 12:15:00,20,Short,30,Active,0,Active,Weak,Low
90130D,red stone/crystal earrings,29.61,10,5,5.922,2010-01-11 09:30:00,2010-06-14 11:24:00,154,Medium,178,Inactive,1,Churned,Churned,Low
90011C,green crystal drop earrings,29.529999999999998,10,5,5.906,2009-12-04 16:27:00,2010-10-11 13:53:00,310,Medium,59,At Risk,0,Active,At Risk,Low
90027B,glass bead hoop earrings montana,29.520000000000003,10,7,4.217142857142858,2009-12-09 12:57:00,2010-03-21 14:04:00,102,Medium,263,Inactive,1,Churned,Churned,Low
,baking mould rose white chocolate,29.25,9,2,14.625,2010-12-08 10:46:00,2010-12-09 10:04:00,0,Short,0,Active,0,Active,Weak,Low
72801E,4 festive green dinner candles,28.93,53,3,9.643333333333333,2010-08-12 10:39:00,2010-09-02 16:47:00,21,Short,98,Inactive,1,Churned,Churned,Low
,number tile vintage font 3,28.23,11,8,3.52875,2010-10-19 12:17:00,2010-12-03 11:36:00,44,Short,6,Active,0,Active,Weak,Low
,colourful flower fruit bowl,27.8,4,4,6.95,2010-05-25 16:48:00,2010-07-01 12:57:00,36,Short,161,Inactive,1,Churned,Churned,Low
17091F,sandalwood incense in tin,27.71,19,8,3.46375,2009-12-06 14:10:00,2010-01-10 12:25:00,34,Short,333,Inactive,1,Churned,Churned,Low
47013C,wine bottle dressing dark blue,27.55,95,15,1.8366666666666667,2009-12-04 15:16:00,2010-11-23 14:28:00,353,Medium,16,Active,0,Active,Weak,Low
16161G,wrap bad hair day,27.5,275,11,2.5,2010-01-19 17:12:00,2010-11-30 14:07:00,314,Medium,9,Active,0,Active,Weak,Low
,number tile cottage garden no,27.35,8,7,3.9071428571428575,2010-11-11 11:18:00,2010-11-23 09:12:00,11,Short,16,Active,0,Active,Weak,Low
84030B,knitted pom pom hot water bottle,27.21,6,4,6.8025,2010-01-25 15:38:00,2010-03-05 11:50:00,38,Short,279,Inactive,1,Churned,Churned,Low
,set/6 green spring  paper plate,27.2,32,7,3.8857142857142857,2010-01-15 15:05:00,2010-06-21 13:04:00,156,Medium,171,Inactive,1,Churned,Churned,Low
84867b,blue baby boy's photo album,27.14,2,1,27.14,2010-01-25 15:42:00,2010-01-25 15:42:00,0,Short,318,Inactive,1,Churned,Churned,Low
90011A,midnight blue crystal drop earrings,26.77,9,9,2.9744444444444444,2009-12-03 14:39:00,2010-11-29 12:03:00,360,Medium,10,Active,0,Active,Weak,Low
17013F,origami sandlewood incense in tube,26.7,62,5,5.34,2009-12-21 17:20:00,2010-08-20 09:23:00,241,Medium,111,Inactive,1,Churned,Churned,Low
90027C,glass bead hoop earrings green,26.67,9,7,3.81,2009-12-14 17:16:00,2010-11-25 15:19:00,345,Medium,14,Active,0,Active,Weak,Low
90202A,purple enamel flower hair tie,26.62,9,8,3.3275,2010-02-10 13:43:00,2010-11-29 09:46:00,291,Medium,10,Active,0,Active,Weak,Low
,3 piece jigsaw toadstools,26.4,16,2,13.2,2009-12-01 10:46:00,2009-12-03 10:28:00,1,Short,371,Inactive,1,Churned,Churned,Low
84876C,silver heart compact mirror,26.25,7,4,6.5625,2009-12-13 11:16:00,2010-03-07 12:06:00,84,Short,277,Inactive,1,Churned,Churned,Low
90001A,antique raspberry flower earrings,25.65,6,6,4.2749999999999995,2009-12-15 18:33:00,2010-07-09 10:03:00,205,Medium,153,Inactive,1,Churned,Churned,Low
,light topaz teal/aqua col necklace,25.56,5,5,5.112,2009-12-16 17:58:00,2010-12-06 09:58:00,354,Medium,3,Active,0,Active,Weak,Low
,cracked glaze earrings red,25.53,10,10,2.553,2009-12-14 17:16:00,2010-12-03 16:21:00,353,Medium,6,Active,0,Active,Weak,Low
,m/colour pom-pom curtain,25.5,6,3,8.5,2009-12-08 13:59:00,2010-06-06 12:15:00,179,Medium,186,Inactive,1,Churned,Churned,Low
,"organiser wood, antique white",25.5,3,2,12.75,2009-12-08 11:44:00,2009-12-21 11:08:00,12,Short,353,Inactive,1,Churned,Churned,Low
90024F,new baroque b'fly necklace crystal,25.48,3,2,12.74,2010-04-19 10:40:00,2010-06-07 13:02:00,49,Short,185,Inactive,1,Churned,Churned,Low
90214O,"letter ""o"" bling key ring",25.45,21,14,1.8178571428571428,2009-12-09 15:03:00,2010-12-09 14:09:00,364,Medium,0,Active,0,Active,Weak,Low
90141E,orange pendant triple shell necklac,25.310000000000002,5,3,8.436666666666667,2009-12-06 11:27:00,2010-07-16 17:58:00,222,Medium,146,Inactive,1,Churned,Churned,Low
16162M,the king gift bag 25x24x12cm,25.2,60,5,5.04,2010-06-14 12:39:00,2010-11-10 14:26:00,149,Medium,29,Active,0,Active,Weak,Low
90141B,ivory pendant triple shell necklace,25.17,5,5,5.034000000000001,2009-12-16 11:39:00,2010-12-06 09:58:00,354,Medium,3,Active,0,Active,Weak,Low
90059B,diamante hair grip pack/2 black dia,25.029999999999998,15,9,2.7811111111111106,2010-01-19 09:05:00,2010-12-06 10:08:00,321,Medium,3,Active,0,Active,Weak,Low
,"gumball coathook., black & white",25.0,20,4,6.25,2010-04-25 12:43:00,2010-05-05 11:53:00,9,Short,218,Inactive,1,Churned,Churned,Low
35633B,blue tinsel garland,24.7,130,12,2.058333333333333,2009-12-04 15:40:00,2010-11-28 15:09:00,358,Medium,11,Active,0,Active,Weak,Low
,wood xmas tree 9 fig shelves,24.65,29,4,6.1625,2010-10-12 11:39:00,2010-10-22 11:00:00,9,Short,48,At Risk,0,Active,At Risk,Low
,number tile cottage garden 4,24.64,8,7,3.52,2010-10-24 11:25:00,2010-11-29 09:46:00,35,Short,10,Active,0,Active,Weak,Low
,crystal czech cross phone charm,24.61,27,6,4.101666666666667,2009-12-03 11:46:00,2010-11-10 09:34:00,341,Medium,29,Active,0,Active,Weak,Low
,number tile vintage font 6,24.33,9,7,3.4757142857142855,2010-10-20 15:56:00,2010-12-09 16:31:00,50,Short,0,Active,0,Active,Weak,Low
84450A,pink rabbit sitting easter,24.18,52,5,4.836,2009-12-16 13:49:00,2010-02-03 12:21:00,48,Short,309,Inactive,1,Churned,Churned,Low
90183B,amethyst drop earrings w long beads,23.81,8,8,2.97625,2009-12-22 14:31:00,2010-12-06 09:58:00,348,Medium,3,Active,0,Active,Weak,Low
84575B,brown dog cannister w bone,23.8,4,3,7.933333333333334,2009-12-09 15:20:00,2010-02-15 08:41:00,67,Short,297,Inactive,1,Churned,Churned,Low
90011B,black crystal drop earrings,23.79,8,8,2.97375,2009-12-03 13:49:00,2010-09-27 15:56:00,298,Medium,73,Inactive,1,Churned,Churned,Low
90128B,blue leaves and beads phone charm,23.759999999999998,18,6,3.9599999999999995,2010-01-24 12:15:00,2010-12-09 14:09:00,319,Medium,0,Active,0,Active,Weak,Low
90187A,blue drop earrings w bead cluster,23.720000000000002,7,6,3.9533333333333336,2009-12-07 18:02:00,2010-11-23 09:12:00,350,Medium,16,Active,0,Active,Weak,Low
17014F,origami sandlewood incense cones,23.700000000000003,61,4,5.925000000000001,2010-01-21 13:33:00,2010-08-20 09:23:00,210,Medium,111,Inactive,1,Churned,Churned,Low
,set of 6 spice tins pantry design,23.7,6,1,23.7,2010-11-11 13:24:00,2010-11-11 13:24:00,0,Short,28,Active,0,Active,Weak,Low
84086B,yellow/blue retro radio,23.6,8,5,4.720000000000001,2010-05-16 16:05:00,2010-11-10 14:26:00,177,Medium,29,Active,0,Active,Weak,Low
37491B,blue/yellow ceramic candle holder,23.48,10,7,3.3542857142857145,2010-01-11 09:38:00,2010-07-01 12:57:00,171,Medium,161,Inactive,1,Churned,Churned,Low
47552A,dots ironing board cover,23.4,12,11,2.127272727272727,2009-12-10 16:21:00,2010-06-17 15:08:00,188,Medium,175,Inactive,1,Churned,Churned,Low
90125E,amber bertie glass bead bag charm,23.14,7,7,3.3057142857142856,2009-12-02 13:26:00,2010-11-16 18:18:00,349,Medium,23,Active,0,Active,Weak,Low
,crochet lilac/red bear keyring,23.1,14,4,5.775,2009-12-11 15:37:00,2010-11-14 14:47:00,337,Medium,25,Active,0,Active,Weak,Low
84509E,carousel placemats,23.060000000000002,4,3,7.686666666666667,2010-01-11 09:37:00,2010-02-16 12:19:00,36,Short,296,Inactive,1,Churned,Churned,Low
37479P,cubic mug flock pink on brown,22.950000000000003,9,3,7.650000000000001,2010-06-11 15:03:00,2010-12-07 12:29:00,178,Medium,2,Active,0,Active,Weak,Low
,necklace+bracelet set pink blossom,22.91,8,3,7.636666666666667,2010-03-08 12:40:00,2010-06-27 10:48:00,110,Medium,165,Inactive,1,Churned,Churned,Low
84251C,"greeting card, two sisters.",22.799999999999997,120,13,1.7538461538461536,2009-12-14 13:19:00,2010-11-25 12:28:00,345,Medium,14,Active,0,Active,Weak,Low
90025E,baroque butterfly earrings montana,22.77,6,6,3.795,2009-12-02 14:43:00,2010-11-03 09:36:00,335,Medium,36,At Risk,0,Active,At Risk,Low
DCGS0003,boxed glass ashtray,22.65,9,9,2.5166666666666666,2009-12-09 09:42:00,2010-11-22 11:25:00,348,Medium,17,Active,0,Active,Weak,Low
84450B,yellow rabbit sat easter,22.63,51,6,3.7716666666666665,2009-12-10 09:49:00,2010-01-27 16:41:00,48,Short,316,Inactive,1,Churned,Churned,Low
90128C,green leaves and beads phone charm,22.58,16,5,4.516,2009-12-18 17:06:00,2010-12-09 14:09:00,355,Medium,0,Active,0,Active,Weak,Low
90025C,baroque butterfly earrings green,22.56,6,6,3.76,2010-02-17 10:28:00,2010-10-24 14:45:00,249,Medium,46,At Risk,0,Active,At Risk,Low
90214F,"letter ""f"" bling key ring",22.55,19,14,1.6107142857142858,2009-12-10 14:07:00,2010-12-08 14:25:00,363,Medium,1,Active,0,Active,Weak,Low
37477C,"flower fairy mug+coaster,rose",22.5,6,1,22.5,2010-11-23 11:13:00,2010-11-23 11:13:00,0,Short,16,Active,0,Active,Weak,Low
90189B,gold 2 strand necklace-leaf charms,22.5,3,2,11.25,2010-02-16 13:49:00,2010-04-29 17:57:00,72,Short,224,Inactive,1,Churned,Churned,Low
,hen house w family in barn & nest,22.099999999999998,26,8,2.7624999999999997,2010-02-28 13:55:00,2010-04-09 16:54:00,40,Short,244,Inactive,1,Churned,Churned,Low
,vintage bead chaise long jewel box,21.5,18,2,10.75,2009-12-16 12:29:00,2010-03-08 13:41:00,82,Short,276,Inactive,1,Churned,Churned,Low
84745B,blue hanging gingham easter hen,21.42,51,12,1.7850000000000001,2009-12-03 12:28:00,2010-09-20 14:49:00,291,Medium,80,Inactive,1,Churned,Churned,Low
,cracked glaze necklace ivory,21.39,3,3,7.13,2010-01-26 17:48:00,2010-12-03 16:21:00,310,Medium,6,Active,0,Active,Weak,Low
84899E,yellow brown bear felt purse kit,21.28,14,6,3.546666666666667,2010-03-16 16:18:00,2010-05-06 13:45:00,50,Short,217,Inactive,1,Churned,Churned,Low
,ivory hanging decoration  rabbit,21.25,25,4,5.3125,2010-02-23 13:03:00,2010-03-01 15:05:00,6,Short,283,Inactive,1,Churned,Churned,Low
,frying pan blue retrospot,21.22,4,3,7.073333333333333,2010-09-20 12:05:00,2010-09-23 12:01:00,2,Short,77,Inactive,1,Churned,Churned,Low
35603B,s/16 black shiny/mat baubles,21.0,50,2,10.5,2009-12-17 19:33:00,2009-12-18 15:02:00,0,Short,356,Inactive,1,Churned,Churned,Low
90202B,white enamel flower hair tie,20.84,7,6,3.473333333333333,2009-12-02 14:36:00,2010-09-17 11:33:00,288,Medium,83,Inactive,1,Churned,Churned,Low
DCGS0072,cat camouflague collar,20.68,4,3,6.8933333333333335,2009-12-14 17:57:00,2009-12-18 17:15:00,3,Short,356,Inactive,1,Churned,Churned,Low
90012A,midnight blue drop crystal necklace,20.619999999999997,2,2,10.309999999999999,2009-12-03 14:39:00,2010-03-03 15:28:00,90,Short,281,Inactive,1,Churned,Churned,Low
10002R,robot pencil sharpner,20.57,4,3,6.8566666666666665,2009-12-02 14:43:00,2010-01-25 17:36:00,54,Short,318,Inactive,1,Churned,Churned,Low
,number tile vintage font 1,20.43,7,5,4.086,2010-11-10 14:48:00,2010-12-07 15:28:00,27,Short,2,Active,0,Active,Weak,Low
,"pen, 10 colours - spaceboy",20.4,24,1,20.4,2010-05-28 09:36:00,2010-05-28 09:36:00,0,Short,195,Inactive,1,Churned,Churned,Low
79172D,purple tint acrylic flower vase,20.4,24,4,5.1,2010-03-08 13:38:00,2010-10-31 13:35:00,236,Medium,39,At Risk,0,Active,At Risk,Low
,party pizza dish pink+white spot,20.4,24,2,10.2,2009-12-02 11:48:00,2009-12-08 11:23:00,5,Short,366,Inactive,1,Churned,Churned,Low
,party pizza dish blue+white spot,20.4,24,2,10.2,2009-12-02 11:48:00,2009-12-08 11:23:00,5,Short,366,Inactive,1,Churned,Churned,Low
90142A,green pendant shell necklace,20.36,4,3,6.786666666666666,2010-06-25 15:13:00,2010-11-08 15:02:00,135,Medium,31,At Risk,0,Active,At Risk,Low
,magic slate bake a cake,20.16,48,1,20.16,2010-04-23 11:46:00,2010-04-23 11:46:00,0,Short,230,Inactive,1,Churned,Churned,Low
90082C,diamante bow brooch white colour,19.93,3,3,6.6433333333333335,2010-01-13 17:08:00,2010-02-10 13:43:00,27,Short,302,Inactive,1,Churned,Churned,Low
84570B,white satin dress jewel stand,19.8,4,2,9.9,2009-12-15 11:49:00,2010-01-20 13:10:00,36,Short,323,Inactive,1,Churned,Churned,Low
90206A,gold diamante star brooch,19.8,4,3,6.6000000000000005,2009-12-17 13:07:00,2010-03-19 14:56:00,92,Short,265,Inactive,1,Churned,Churned,Low
,pink flowers childs umbrella,19.5,6,4,4.875,2009-12-10 13:59:00,2010-01-22 16:28:00,43,Short,321,Inactive,1,Churned,Churned,Low
10124A,spots on red bookcover tape,19.32,46,14,1.3800000000000001,2010-03-19 14:05:00,2010-12-06 13:13:00,261,Medium,3,Active,0,Active,Weak,Low
90128D,purple leaves and beads phone char,18.78,12,6,3.1300000000000003,2010-02-24 15:23:00,2010-12-09 14:09:00,287,Medium,0,Active,0,Active,Weak,Low
90205A,large mint diamante hairslide,18.71,11,8,2.33875,2009-12-09 09:42:00,2010-12-06 16:57:00,362,Medium,3,Active,0,Active,Weak,Low
40005B,blue organdy round lampshade w bea,18.7,22,10,1.8699999999999999,2010-03-25 15:17:00,2010-12-06 13:47:00,255,Medium,3,Active,0,Active,Weak,Low
,number tile vintage font 5,18.48,6,4,4.62,2010-10-21 14:55:00,2010-12-09 16:31:00,49,Short,0,Active,0,Active,Weak,Low
44089C,lilac gauze butterfly lampshade,18.48,44,12,1.54,2010-02-04 12:08:00,2010-10-25 12:34:00,263,Medium,45,At Risk,0,Active,At Risk,Low
,popart rect pencil sharpener asst,18.48,44,6,3.08,2010-01-07 14:20:00,2010-10-07 14:48:00,273,Medium,63,Inactive,1,Churned,Churned,Low
,number tile cottage garden 2,18.48,6,5,3.696,2010-11-11 11:18:00,2010-12-01 17:06:00,20,Short,8,Active,0,Active,Weak,Low
72796A,s/3 english lavender squ candle,18.15,11,5,3.63,2009-12-02 11:52:00,2010-04-29 17:57:00,148,Medium,224,Inactive,1,Churned,Churned,Low
,camoflage cushion cover,18.15,11,1,18.15,2010-02-09 16:18:00,2010-02-09 16:18:00,0,Short,303,Inactive,1,Churned,Churned,Low
,lazer cut necklace w pastel beads,17.9,2,2,8.95,2010-06-07 13:02:00,2010-10-06 14:16:00,121,Medium,64,Inactive,1,Churned,Churned,Low
84614C,blue baroque flock candle holder,17.85,3,1,17.85,2010-01-05 13:58:00,2010-01-05 13:58:00,0,Short,338,Inactive,1,Churned,Churned,Low
18097B,blue tall porcelain t-light holder,17.849999999999998,7,3,5.949999999999999,2009-12-02 11:53:00,2010-01-17 14:53:00,46,Short,326,Inactive,1,Churned,Churned,Low
,cracked glaze earrings ivory,17.79,7,7,2.5414285714285714,2010-01-11 14:35:00,2010-12-03 16:21:00,326,Medium,6,Active,0,Active,Weak,Low
,modern christmas tree candle,17.700000000000003,9,4,4.425000000000001,2009-12-10 18:27:00,2009-12-18 11:03:00,7,Short,356,Inactive,1,Churned,Churned,Low
,wood animals height chart stickers,17.7,6,1,17.7,2009-12-02 16:24:00,2009-12-02 16:24:00,0,Short,372,Inactive,1,Churned,Churned,Low
,three canvas luggage tags,17.55,25,2,8.775,2010-08-19 13:32:00,2010-12-01 12:23:00,103,Medium,8,Active,0,Active,Weak,Low
35591T,turquoise christmas tree,17.5,14,6,2.9166666666666665,2010-09-05 14:01:00,2010-12-01 11:57:00,86,Short,8,Active,0,Active,Weak,Low
,"number tile vintage font, 6",17.36,8,1,17.36,2010-10-25 16:43:00,2010-10-25 16:43:00,0,Short,45,At Risk,0,Active,At Risk,Low
,"number tile vintage font, 7",17.36,8,1,17.36,2010-10-25 16:43:00,2010-10-25 16:43:00,0,Short,45,At Risk,0,Active,At Risk,Low
,"number tile vintage font, 4",17.36,8,1,17.36,2010-10-25 16:43:00,2010-10-25 16:43:00,0,Short,45,At Risk,0,Active,At Risk,Low
,"number tile vintage font, 8",17.36,8,1,17.36,2010-10-25 16:43:00,2010-10-25 16:43:00,0,Short,45,At Risk,0,Active,At Risk,Low
,"number tile vintage font, 1",17.36,8,1,17.36,2010-10-25 16:43:00,2010-10-25 16:43:00,0,Short,45,At Risk,0,Active,At Risk,Low
,"number tile vintage font, 3",17.36,8,1,17.36,2010-10-25 16:43:00,2010-10-25 16:43:00,0,Short,45,At Risk,0,Active,At Risk,Low
,"number tile vintage font, 0",17.36,8,1,17.36,2010-10-25 16:43:00,2010-10-25 16:43:00,0,Short,45,At Risk,0,Active,At Risk,Low
,"number tile vintage font, 5",17.36,8,1,17.36,2010-10-25 16:43:00,2010-10-25 16:43:00,0,Short,45,At Risk,0,Active,At Risk,Low
,"number tile vintage font, 2",17.36,8,1,17.36,2010-10-25 16:43:00,2010-10-25 16:43:00,0,Short,45,At Risk,0,Active,At Risk,Low
DCGS0066N,navy cuddles dog hoodie,17.3,2,2,8.65,2009-12-22 15:05:00,2009-12-22 15:07:00,0,Short,352,Inactive,1,Churned,Churned,Low
DCGS0068,dogs night collar,17.12,2,2,8.56,2009-12-01 14:28:00,2010-01-19 17:49:00,49,Short,324,Inactive,1,Churned,Churned,Low
,glass bell jar large,17.0,2,1,17.0,2010-12-02 10:53:00,2010-12-02 10:53:00,0,Short,7,Active,0,Active,Weak,Low
,*boombox ipod classic,16.98,1,1,16.98,2010-12-09 14:09:00,2010-12-09 14:09:00,0,Short,0,Active,0,Active,Weak,Low
,dr. jam's arouzer stress ball,16.93,4,4,4.2325,2009-12-09 09:42:00,2010-12-01 17:06:00,357,Medium,8,Active,0,Active,Weak,Low
,vanilla candle in embossed zinc pot,16.9,10,3,5.633333333333333,2009-12-06 12:26:00,2010-02-07 12:15:00,62,Short,305,Inactive,1,Churned,Churned,Low
,number tile cottage garden 3,16.84,4,3,5.613333333333333,2010-11-11 11:18:00,2010-11-25 15:19:00,14,Short,14,Active,0,Active,Weak,Low
,number tile vintage font no,16.83,5,4,4.2075,2010-11-12 11:31:00,2010-12-07 15:28:00,25,Short,2,Active,0,Active,Weak,Low
,vintage collage  greeting  card,16.8,40,2,8.4,2010-04-13 12:21:00,2010-05-21 12:06:00,37,Short,202,Inactive,1,Churned,Churned,Low
84745A,pink hanging gingham easter hen,16.8,40,10,1.6800000000000002,2009-12-03 12:28:00,2010-07-23 13:43:00,232,Medium,139,Inactive,1,Churned,Churned,Low
72785A,s/4 contempory pink rosebud candles,16.8,8,4,4.2,2009-12-11 14:20:00,2010-02-19 17:40:00,70,Short,293,Inactive,1,Churned,Churned,Low
,easter tin keepsake,16.56,9,3,5.52,2010-11-08 09:20:00,2010-11-26 15:37:00,18,Short,13,Active,0,Active,Weak,Low
,lunch bag pink polkadots,16.5,10,1,16.5,2010-09-26 11:22:00,2010-09-26 11:22:00,0,Short,74,Inactive,1,Churned,Churned,Low
,bling key ring stand,16.25,13,8,2.03125,2009-12-13 11:49:00,2010-09-15 12:47:00,276,Medium,85,Inactive,1,Churned,Churned,Low
,number tile vintage font 8,16.22,6,4,4.055,2010-10-18 15:44:00,2010-11-29 09:46:00,41,Short,10,Active,0,Active,Weak,Low
,number tile cottage garden 9,16.22,6,4,4.055,2010-11-12 09:18:00,2010-11-21 11:03:00,9,Short,18,Active,0,Active,Weak,Low
90141D,rose pendant triple shell necklace,15.969999999999999,3,3,5.323333333333333,2010-01-19 17:49:00,2010-07-07 16:29:00,168,Medium,155,Inactive,1,Churned,Churned,Low
,flowers and birds wall plaque,15.9,2,1,15.9,2010-01-21 11:25:00,2010-01-21 11:25:00,0,Short,322,Inactive,1,Churned,Churned,Low
84250M,"greeting card, blackpool rock",15.899999999999999,28,13,1.223076923076923,2009-12-03 14:39:00,2010-07-15 15:02:00,224,Medium,147,Inactive,1,Churned,Churned,Low
,glass bell jar small,15.8,4,1,15.8,2010-12-02 10:53:00,2010-12-02 10:53:00,0,Short,7,Active,0,Active,Weak,Low
84251B,"greeting card, sticky gordon",15.759999999999998,76,10,1.5759999999999998,2010-03-08 12:08:00,2010-12-08 14:25:00,275,Medium,1,Active,0,Active,Weak,Low
,pink christmas tree decoration,15.629999999999999,37,10,1.563,2009-12-04 16:45:00,2010-11-12 14:05:00,342,Medium,27,Active,0,Active,Weak,Low
78034B,blue netting storage hanger,15.6,8,4,3.9,2010-06-16 15:27:00,2010-12-05 12:42:00,171,Medium,4,Active,0,Active,Weak,Low
37489B,blue/yellow flower design big mug,15.6,8,6,2.6,2010-02-12 12:34:00,2010-12-03 12:24:00,293,Medium,6,Active,0,Active,Weak,Low
,toadstool  lunchbox with cutlery,15.44,4,4,3.86,2009-12-01 14:43:00,2009-12-22 15:06:00,21,Short,352,Inactive,1,Churned,Churned,Low
,gumball custom cars top trumps game,15.399999999999999,3,3,5.133333333333333,2009-12-02 14:36:00,2010-04-19 10:43:00,137,Medium,234,Inactive,1,Churned,Churned,Low
,cubic mug teatime cakes,15.3,12,2,7.65,2010-02-23 10:50:00,2010-06-06 11:20:00,103,Medium,186,Inactive,1,Churned,Churned,Low
90025F,baroque butterfly earrings crystal,15.27,4,4,3.8175,2010-01-11 09:35:00,2010-11-22 11:25:00,315,Medium,17,Active,0,Active,Weak,Low
90214V,"letter ""v"" bling key ring",15.1,14,12,1.2583333333333333,2010-02-03 11:58:00,2010-12-06 09:58:00,305,Medium,3,Active,0,Active,Weak,Low
,hanging metal rabbit decoration,15.059999999999999,6,5,3.0119999999999996,2010-11-29 09:46:00,2010-12-09 14:09:00,10,Short,0,Active,0,Active,Weak,Low
,painted sea shell metal windchime,15.0,4,3,5.0,2010-06-23 14:34:00,2010-10-06 13:44:00,104,Medium,64,Inactive,1,Churned,Churned,Low
,hen party banner tape,15.0,12,1,15.0,2010-11-11 12:47:00,2010-11-11 12:47:00,0,Short,28,Active,0,Active,Weak,Low
,tin can confectionery design,15.0,12,1,15.0,2010-04-21 10:36:00,2010-04-21 10:36:00,0,Short,232,Inactive,1,Churned,Churned,Low
90127A,pink beads+hand phone charm,15.0,12,1,15.0,2010-11-21 14:10:00,2010-11-21 14:10:00,0,Short,18,Active,0,Active,Weak,Low
,sweetheart cream steel foldin chair,14.95,1,1,14.95,2009-12-16 17:40:00,2009-12-16 17:40:00,0,Short,358,Inactive,1,Churned,Churned,Low
,frosted glass with silver surround,14.85,9,1,14.85,2010-01-20 14:09:00,2010-01-20 14:09:00,0,Short,323,Inactive,1,Churned,Churned,Low
,11 pc ceramic tea set polkadot,14.85,3,1,14.85,2009-12-08 13:04:00,2009-12-08 13:04:00,0,Short,366,Inactive,1,Churned,Churned,Low
90011E,amber crystal drop earrings,14.85,5,5,2.9699999999999998,2009-12-08 14:36:00,2010-11-12 17:00:00,339,Medium,27,Active,0,Active,Weak,Low
90177A,classic diamante earrings jet,14.79,5,5,2.9579999999999997,2009-12-10 18:43:00,2010-10-22 15:57:00,315,Medium,48,At Risk,0,Active,At Risk,Low
90182C,black 3 bead drop earrings,14.780000000000001,5,4,3.6950000000000003,2009-12-13 10:54:00,2010-04-19 11:19:00,127,Medium,234,Inactive,1,Churned,Churned,Low
SP1002,kid's chalkboard/easel,14.75,5,2,7.375,2010-10-07 11:12:00,2010-10-07 12:23:00,0,Short,63,Inactive,1,Churned,Churned,Low
,number tile cottage garden 8,14.58,4,4,3.645,2010-11-11 11:18:00,2010-12-07 18:36:00,26,Short,2,Active,0,Active,Weak,Low
,number tile vintage font 0,14.58,4,4,3.645,2010-10-19 15:36:00,2010-11-29 12:00:00,40,Short,10,Active,0,Active,Weak,Low
,hanging chick  yellow decoration,14.58,9,5,2.916,2010-11-28 12:49:00,2010-12-08 14:25:00,10,Short,1,Active,0,Active,Weak,Low
,doormat green paisley,14.43,1,1,14.43,2010-07-22 12:17:00,2010-07-22 12:17:00,0,Short,140,Inactive,1,Churned,Churned,Low
37489C,green/blue flower design big mug,14.36,5,5,2.872,2009-12-01 14:28:00,2010-12-03 12:24:00,366,Medium,6,Active,0,Active,Weak,Low
84868A,pink baby girl's memory box,13.9,2,2,6.95,2010-01-26 13:04:00,2010-01-31 12:43:00,4,Short,312,Inactive,1,Churned,Churned,Low
,empire teddy,13.9,2,2,6.95,2009-12-04 17:18:00,2009-12-18 13:39:00,13,Short,356,Inactive,1,Churned,Churned,Low
16245A,pink mini stationery set w case,13.75,11,7,1.9642857142857142,2010-03-10 12:10:00,2010-07-12 11:59:00,123,Medium,150,Inactive,1,Churned,Churned,Low
,cerise+gold christmas tree dec,13.68,36,9,1.52,2009-12-11 13:52:00,2010-10-17 10:43:00,309,Medium,53,At Risk,0,Active,At Risk,Low
84814B,rhombus crystal perfume bottle,13.65,7,3,4.55,2009-12-01 17:08:00,2009-12-06 12:17:00,4,Short,368,Inactive,1,Churned,Churned,Low
37489D,pink/green flower design big mug,13.65,7,5,2.73,2010-01-14 13:03:00,2010-12-03 12:24:00,322,Medium,6,Active,0,Active,Weak,Low
47348A,fuschia voile pointy shoe dec,13.649999999999999,7,2,6.824999999999999,2010-04-11 10:35:00,2010-12-08 12:06:00,241,Medium,1,Active,0,Active,Weak,Low
,beware of the cat doormat,13.5,2,2,6.75,2009-12-18 10:09:00,2009-12-18 10:11:00,0,Short,356,Inactive,1,Churned,Churned,Low
,hanging chick green decoration,13.37,5,5,2.674,2010-11-22 13:02:00,2010-12-08 14:25:00,16,Short,1,Active,0,Active,Weak,Low
,pink ballet opening cube box,12.9,3,1,12.9,2009-12-18 17:06:00,2009-12-18 17:06:00,0,Short,356,Inactive,1,Churned,Churned,Low
84247J,pack/12 russian doll cards,12.780000000000001,10,9,1.4200000000000002,2009-12-02 15:04:00,2009-12-18 17:06:00,16,Short,356,Inactive,1,Churned,Churned,Low
,embossed flower trellis photo frame,12.75,5,3,4.25,2009-12-01 13:29:00,2010-01-28 17:13:00,58,Short,315,Inactive,1,Churned,Churned,Low
72752B,"f.fairy,candle in glass,lavender",12.75,3,2,6.375,2009-12-04 16:52:00,2009-12-11 15:37:00,6,Short,363,Inactive,1,Churned,Churned,Low
,vintage metal cake stand cream,12.75,1,1,12.75,2010-01-05 13:58:00,2010-01-05 13:58:00,0,Short,338,Inactive,1,Churned,Churned,Low
85115B,s/4 black disco partition panel,12.75,3,1,12.75,2010-06-09 13:57:00,2010-06-09 13:57:00,0,Short,183,Inactive,1,Churned,Churned,Low
,new baroque wall mirror,12.75,1,1,12.75,2009-12-01 13:07:00,2009-12-01 13:07:00,0,Short,373,Inactive,1,Churned,Churned,Low
,cracked glaze earrings brown,12.75,5,5,2.55,2010-01-11 09:35:00,2010-11-25 15:19:00,318,Medium,14,Active,0,Active,Weak,Low
,kiss reindeer scandinavian stocking,12.749999999999998,5,2,6.374999999999999,2009-12-03 13:02:00,2009-12-10 18:27:00,7,Short,364,Inactive,1,Churned,Churned,Low
,set of 2 chests chocolat au lait,12.72,1,1,12.72,2010-01-13 17:51:00,2010-01-13 17:51:00,0,Short,330,Inactive,1,Churned,Churned,Low
DCGS0070,camouflage dog collar,12.72,1,1,12.72,2010-04-01 15:04:00,2010-04-01 15:04:00,0,Short,252,Inactive,1,Churned,Churned,Low
DCGS0075,camouflague dog lead,12.72,1,1,12.72,2010-04-01 15:04:00,2010-04-01 15:04:00,0,Short,252,Inactive,1,Churned,Churned,Low
DCGS0037,key-ring corkscrew,12.72,1,1,12.72,2010-06-14 14:49:00,2010-06-14 14:49:00,0,Short,178,Inactive,1,Churned,Churned,Low
35751C,purple current candle ring,12.61,31,2,6.305,2009-12-01 11:41:00,2009-12-02 16:24:00,1,Short,372,Inactive,1,Churned,Churned,Low
35815P,"acrylic jewel snowflake, pink",12.6,6,2,6.3,2010-10-18 16:52:00,2010-11-28 14:49:00,40,Short,11,Active,0,Active,Weak,Low
35597A,dusty pink christmas tree 30cm,12.5,10,4,3.125,2010-09-06 11:28:00,2010-12-06 12:15:00,91,Short,3,Active,0,Active,Weak,Low
35918B,blue floribunda egg warmer,12.5,10,5,2.5,2009-12-02 13:06:00,2010-02-23 13:55:00,83,Short,289,Inactive,1,Churned,Churned,Low
47344B,blue flower des purse,12.5,10,4,3.125,2009-12-17 15:44:00,2010-11-23 11:26:00,340,Medium,16,Active,0,Active,Weak,Low
51012L,"feather duster, light pink",12.5,10,6,2.0833333333333335,2009-12-03 17:29:00,2009-12-11 14:39:00,7,Short,363,Inactive,1,Churned,Churned,Low
90000C,opal white/silver flower necklace,12.32,2,2,6.16,2009-12-13 10:48:00,2010-01-18 13:15:00,36,Short,325,Inactive,1,Churned,Churned,Low
,number tile cottage garden 0,12.32,4,4,3.08,2010-11-15 17:04:00,2010-11-26 14:09:00,10,Short,13,Active,0,Active,Weak,Low
,bili nut and wood necklace,12.010000000000002,2,2,6.005000000000001,2009-12-15 18:33:00,2010-02-10 17:59:00,56,Short,302,Inactive,1,Churned,Churned,Low
,number tile cottage garden 6,12.01,5,5,2.402,2010-10-24 11:25:00,2010-11-24 11:47:00,31,Short,15,Active,0,Active,Weak,Low
90183C,black drop earrings w long beads,11.969999999999999,4,4,2.9924999999999997,2009-12-02 14:43:00,2010-08-03 15:17:00,244,Medium,128,Inactive,1,Churned,Churned,Low
90027A,glass bead hoop earrings black,11.82,4,4,2.955,2010-03-21 14:04:00,2010-12-07 18:36:00,261,Medium,2,Active,0,Active,Weak,Low
85185E,duck sock puppet,11.8,4,2,5.9,2009-12-03 10:26:00,2009-12-15 17:45:00,12,Short,359,Inactive,1,Churned,Churned,Low
90152A,silver/nat shell necklace w pendant,11.58,2,2,5.79,2009-12-08 15:49:00,2010-04-29 17:57:00,142,Medium,224,Inactive,1,Churned,Churned,Low
,asstd rasta key-chains,11.34,27,4,2.835,2010-02-01 09:52:00,2010-10-27 16:23:00,268,Medium,43,At Risk,0,Active,At Risk,Low
79070b,english rose square cake tins,11.26,1,1,11.26,2009-12-01 14:45:00,2009-12-01 14:45:00,0,Short,373,Inactive,1,Churned,Churned,Low
47341B,blue table run flower,11.25,3,3,3.75,2009-12-09 14:48:00,2010-09-13 12:41:00,277,Medium,87,Inactive,1,Churned,Churned,Low
16151A,flower des blue handbag/orang handl,11.25,3,2,5.625,2010-04-30 15:39:00,2010-05-02 16:02:00,2,Short,221,Inactive,1,Churned,Churned,Low
,vendetta canvas picture,11.25,3,3,3.75,2010-02-02 11:40:00,2010-05-13 15:41:00,100,Short,210,Inactive,1,Churned,Churned,Low
17011B,origami jasmine incense+flower,11.100000000000001,19,2,5.550000000000001,2010-05-30 11:02:00,2010-08-20 09:23:00,81,Short,111,Inactive,1,Churned,Churned,Low
72785B,s/4 contempory red rosebud candles,10.9,9,3,3.6333333333333333,2009-12-11 14:20:00,2010-01-29 17:25:00,49,Short,314,Inactive,1,Churned,Churned,Low
,pale pink/amethyst stone necklace,10.62,1,1,10.62,2010-11-23 16:53:00,2010-11-23 16:53:00,0,Short,16,Active,0,Active,Weak,Low
44089A,pink gauze butterfly lampshade,10.5,25,9,1.1666666666666667,2010-02-04 12:08:00,2010-10-20 13:26:00,258,Medium,50,At Risk,0,Active,At Risk,Low
16169G,wrap romantic decoupage,10.5,25,1,10.5,2009-12-10 14:28:00,2009-12-10 14:28:00,0,Short,364,Inactive,1,Churned,Churned,Low
16169A,wrap christmas decoupage,10.5,25,1,10.5,2010-04-29 18:18:00,2010-04-29 18:18:00,0,Short,224,Inactive,1,Churned,Churned,Low
,"wrapping paper, xmas village",10.5,25,1,10.5,2010-09-20 13:37:00,2010-09-20 13:37:00,0,Short,80,Inactive,1,Churned,Churned,Low
17084G,moon incense,10.5,50,2,5.25,2009-12-02 16:02:00,2009-12-07 13:48:00,4,Short,367,Inactive,1,Churned,Churned,Low
90214Z,"letter ""z"" bling key ring",10.5,10,9,1.1666666666666667,2009-12-10 11:42:00,2010-12-07 18:36:00,362,Medium,2,Active,0,Active,Weak,Low
,woodland creatures  wrap,10.5,25,1,10.5,2009-12-17 11:11:00,2009-12-17 11:11:00,0,Short,357,Inactive,1,Churned,Churned,Low
84206A,3 black cats w hearts blank card,10.45,55,6,1.7416666666666665,2009-12-06 13:29:00,2010-10-31 12:56:00,328,Medium,39,At Risk,0,Active,At Risk,Low
,number tile vintage font 7,10.370000000000001,3,3,3.456666666666667,2010-11-12 17:00:00,2010-11-29 09:46:00,16,Short,10,Active,0,Active,Weak,Low
,star wars top trumps game,10.23,2,2,5.115,2010-01-11 09:35:00,2010-01-20 17:50:00,9,Short,323,Inactive,1,Churned,Churned,Low
,high school musical 3 top trumps,10.23,2,2,5.115,2009-12-10 09:49:00,2010-03-08 12:35:00,88,Short,276,Inactive,1,Churned,Churned,Low
,groovy cactus inflatable,10.2,12,5,2.04,2009-12-02 16:02:00,2010-11-21 11:28:00,353,Medium,18,Active,0,Active,Weak,Low
,orange candle,10.2,12,1,10.2,2009-12-11 14:20:00,2009-12-11 14:20:00,0,Short,363,Inactive,1,Churned,Churned,Low
,party pizza dish red+white spot,10.2,12,1,10.2,2009-12-08 11:23:00,2009-12-08 11:23:00,0,Short,366,Inactive,1,Churned,Churned,Low
,party pizza dish green+white spot,10.2,12,1,10.2,2009-12-02 11:48:00,2009-12-02 11:48:00,0,Short,372,Inactive,1,Churned,Churned,Low
,heart measuring spoons small,10.2,12,1,10.2,2010-01-05 09:16:00,2010-01-05 09:16:00,0,Short,338,Inactive,1,Churned,Churned,Low
81950V,flower purple clock w/sucker,10.2,12,4,2.55,2009-12-03 17:57:00,2010-10-10 12:09:00,310,Medium,60,At Risk,0,Active,At Risk,Low
,cannabis leaf bead curtain,10.2,12,1,10.2,2010-11-18 16:27:00,2010-11-18 16:27:00,0,Short,21,Active,0,Active,Weak,Low
,number tile cottage garden 7,10.06,4,3,3.3533333333333335,2010-11-21 16:15:00,2010-12-07 15:34:00,15,Short,2,Active,0,Active,Weak,Low
,number tile cottage garden 5,10.06,4,3,3.3533333333333335,2010-11-05 12:13:00,2010-12-07 18:36:00,32,Short,2,Active,0,Active,Weak,Low
84743C,orange felt vase + flowers,10.0,8,4,2.5,2010-03-12 16:18:00,2010-04-06 13:30:00,24,Short,247,Inactive,1,Churned,Churned,Low
,vintage bead pink jewel stand,9.9,2,2,4.95,2010-06-03 12:38:00,2010-11-11 12:13:00,160,Medium,28,Active,0,Active,Weak,Low
84732B,cute bird ceature screen,9.899999999999999,6,4,2.4749999999999996,2009-12-17 10:20:00,2010-11-14 14:47:00,332,Medium,25,Active,0,Active,Weak,Low
,silver wine goblet,9.3,2,1,9.3,2010-02-01 15:32:00,2010-02-01 15:32:00,0,Short,311,Inactive,1,Churned,Churned,Low
,sculpted round ivory candle,9.24,44,5,1.848,2009-12-10 14:19:00,2010-08-23 11:58:00,255,Medium,108,Inactive,1,Churned,Churned,Low
10124G,army camo bookcover tape,9.24,21,7,1.32,2010-05-13 16:49:00,2010-12-02 13:14:00,202,Medium,7,Active,0,Active,Weak,Low
62074B,elephant clip w suction cup,9.24,22,8,1.155,2009-12-13 11:05:00,2010-10-20 12:52:00,311,Medium,50,At Risk,0,Active,At Risk,Low
,montana diamond cluster earrings,8.879999999999999,3,3,2.9599999999999995,2010-01-14 09:41:00,2010-06-22 16:28:00,159,Medium,170,Inactive,1,Churned,Churned,Low
62097A,pink stripes shoulder bag,8.850000000000001,3,3,2.9500000000000006,2009-12-11 16:48:00,2010-08-06 09:41:00,237,Medium,125,Inactive,1,Churned,Churned,Low
37488A,yellow pink flower design big bowl,8.850000000000001,3,2,4.425000000000001,2010-02-23 11:14:00,2010-04-14 14:49:00,50,Short,239,Inactive,1,Churned,Churned,Low
18098B,blue porcelain b'fly oil burner,8.850000000000001,3,3,2.9500000000000006,2009-12-13 15:54:00,2010-02-24 13:48:00,72,Short,288,Inactive,1,Churned,Churned,Low
,*usb office mirror ball,8.65,1,1,8.65,2009-12-02 14:36:00,2009-12-02 14:36:00,0,Short,372,Inactive,1,Churned,Churned,Low
,*usb office glitter lamp,8.65,1,1,8.65,2009-12-01 14:28:00,2009-12-01 14:28:00,0,Short,373,Inactive,1,Churned,Churned,Low
,spotty cat doorstop,8.65,1,1,8.65,2009-12-14 17:16:00,2009-12-14 17:16:00,0,Short,360,Inactive,1,Churned,Churned,Low
90013E,amber vintage earrings,8.57,2,2,4.285,2009-12-09 09:42:00,2010-01-13 17:03:00,35,Short,330,Inactive,1,Churned,Churned,Low
,black diamond cluster earrings,8.54,3,3,2.8466666666666662,2009-12-14 17:16:00,2010-12-01 17:06:00,351,Medium,8,Active,0,Active,Weak,Low
,6 hook jewel stand lilac dress,8.49,1,1,8.49,2009-12-02 15:51:00,2009-12-02 15:51:00,0,Short,372,Inactive,1,Churned,Churned,Low
90126B,blue bertie mobile phone charm,8.48,3,3,2.8266666666666667,2009-12-18 17:06:00,2010-03-26 14:32:00,97,Short,258,Inactive,1,Churned,Churned,Low
,number tile vintage font 4,8.42,2,2,4.21,2010-10-18 15:44:00,2010-12-07 15:28:00,49,Short,2,Active,0,Active,Weak,Low
35597D,pink/white christmas tree 30cm,7.800000000000001,12,5,1.56,2009-12-04 13:31:00,2010-11-14 15:17:00,345,Medium,25,Active,0,Active,Weak,Low
47591C,blue fairy cake childrens apron,7.8,4,4,1.95,2010-07-13 10:25:00,2010-08-15 13:18:00,33,Short,116,Inactive,1,Churned,Churned,Low
,number tile cottage garden 1,7.8,4,2,3.9,2010-11-14 11:54:00,2010-11-26 14:09:00,12,Short,13,Active,0,Active,Weak,Low
,hardman mug 3 assorted,7.78,1,1,7.78,2009-12-18 17:15:00,2009-12-18 17:15:00,0,Short,356,Inactive,1,Churned,Churned,Low
,"mug , dotcomgiftshop.com",7.65,9,5,1.53,2010-06-07 14:22:00,2010-11-23 16:53:00,169,Medium,16,Active,0,Active,Weak,Low
90039A,fire polished glass bracelet red,7.65,2,2,3.825,2009-12-18 17:15:00,2010-02-18 18:29:00,62,Short,294,Inactive,1,Churned,Churned,Low
,pair of pink flower cluster slide,7.62,3,3,2.54,2010-11-29 09:46:00,2010-12-07 15:28:00,8,Short,2,Active,0,Active,Weak,Low
,white frangipani hair clip,7.609999999999999,9,3,2.5366666666666666,2010-01-25 09:54:00,2010-11-24 12:43:00,303,Medium,15,Active,0,Active,Weak,Low
90025B,baroque butterfly earrings red,7.5600000000000005,2,2,3.7800000000000002,2010-03-07 15:34:00,2010-10-20 15:56:00,227,Medium,50,At Risk,0,Active,At Risk,Low
90025D,baroque butterfly earrings pink,7.5,2,2,3.75,2010-02-16 13:49:00,2010-05-21 13:28:00,93,Short,202,Inactive,1,Churned,Churned,Low
82011E,"bathroom scales, fag break",7.5,2,2,3.75,2010-02-11 10:01:00,2010-02-11 13:10:00,0,Short,301,Inactive,1,Churned,Churned,Low
47341A,fuschia table run flower,7.5,2,2,3.75,2010-09-13 12:41:00,2010-11-17 10:55:00,64,Short,22,Active,0,Active,Weak,Low
90176B,diamante necklace black,7.5,1,1,7.5,2010-11-05 11:49:00,2010-11-05 11:49:00,0,Short,34,At Risk,0,Active,At Risk,Low
,set/6 gingerbread tree t-lights,7.5,6,4,1.875,2009-12-01 12:57:00,2009-12-22 12:42:00,20,Short,352,Inactive,1,Churned,Churned,Low
46037A,pink canvas des cushion cover,7.5,6,2,3.75,2010-05-25 17:31:00,2010-08-12 13:14:00,78,Short,119,Inactive,1,Churned,Churned,Low
,"ruby glass necklace 42""",7.5,1,1,7.5,2010-09-28 15:09:00,2010-09-28 15:09:00,0,Short,72,Inactive,1,Churned,Churned,Low
,pearl and cherry quartz braclet,7.4,2,2,3.7,2009-12-09 09:42:00,2010-07-11 14:07:00,214,Medium,151,Inactive,1,Churned,Churned,Low
,blue hibiscus  hair clip,7.35,7,6,1.2249999999999999,2009-12-07 11:05:00,2010-03-08 12:08:00,91,Short,276,Inactive,1,Churned,Churned,Low
,hanging chick cream decoration,7.33,4,2,3.665,2010-11-26 11:20:00,2010-11-28 12:49:00,2,Short,11,Active,0,Active,Weak,Low
35001P,hand open shape pink,6.98,2,2,3.49,2009-12-14 15:06:00,2009-12-17 15:41:00,3,Short,357,Inactive,1,Churned,Churned,Low
85230C,rose scented votive candle,6.959999999999999,24,1,6.959999999999999,2009-12-10 13:12:00,2009-12-10 13:12:00,0,Short,364,Inactive,1,Churned,Churned,Low
85230D,vanilla scented votive candle,6.959999999999999,24,1,6.959999999999999,2009-12-10 13:03:00,2009-12-10 13:03:00,0,Short,364,Inactive,1,Churned,Churned,Low
,rasta in bath w spliff ashtray,6.8,8,4,1.7,2009-12-06 12:42:00,2010-09-16 13:48:00,284,Medium,84,Inactive,1,Churned,Churned,Low
48173A,door mat blue flock,6.75,1,1,6.75,2010-01-26 16:26:00,2010-01-26 16:26:00,0,Short,317,Inactive,1,Churned,Churned,Low
,english rose tea for one gift box,6.75,1,1,6.75,2009-12-08 13:59:00,2009-12-08 13:59:00,0,Short,366,Inactive,1,Churned,Churned,Low
,"biscuit tin, mint,ivory, vintage",6.75,1,1,6.75,2010-10-15 09:33:00,2010-10-15 09:33:00,0,Short,55,At Risk,0,Active,At Risk,Low
,dotcomgiftshop tea towel,6.72,2,1,6.72,2010-08-26 12:35:00,2010-08-26 12:35:00,0,Short,105,Inactive,1,Churned,Churned,Low
,silver purse gold pink butterfly,6.6,4,1,6.6,2009-12-14 15:31:00,2009-12-14 15:31:00,0,Short,360,Inactive,1,Churned,Churned,Low
84732D,cute rabbit ceature screen,6.6,4,4,1.65,2009-12-17 10:20:00,2010-10-26 16:02:00,313,Medium,44,At Risk,0,Active,At Risk,Low
47592B,scottie dogs childrens overall,6.300000000000001,3,1,6.300000000000001,2010-07-21 10:42:00,2010-07-21 10:42:00,0,Short,141,Inactive,1,Churned,Churned,Low
,ass windproof marijuana lighters,6.3,15,2,3.15,2010-02-01 15:23:00,2010-06-01 16:06:00,120,Medium,191,Inactive,1,Churned,Churned,Low
,small single flame candle holder,6.299999999999999,18,2,3.1499999999999995,2010-06-08 14:10:00,2010-10-19 16:39:00,133,Medium,51,At Risk,0,Active,At Risk,Low
,assorted design geisha girl mugs,6.25,5,1,6.25,2009-12-04 11:07:00,2009-12-04 11:07:00,0,Short,370,Inactive,1,Churned,Churned,Low
,white wood single p/frame,6.25,5,3,2.0833333333333335,2010-02-07 15:16:00,2010-08-27 14:52:00,200,Medium,104,Inactive,1,Churned,Churned,Low
,strawberries print bowl,6.25,5,2,3.125,2009-12-01 11:51:00,2009-12-03 12:31:00,2,Short,371,Inactive,1,Churned,Churned,Low
85123b,zinc hanging heart t-lite hldr,6.04,1,1,6.04,2009-12-22 15:13:00,2009-12-22 15:13:00,0,Short,352,Inactive,1,Churned,Churned,Low
90011D,purple crystal drop earrings,5.99,2,2,2.995,2009-12-02 14:43:00,2010-03-09 12:48:00,96,Short,275,Inactive,1,Churned,Churned,Low
72751A,"f.fairy s/3 sml candle,lily/valley",5.95,1,1,5.95,2009-12-04 16:52:00,2009-12-04 16:52:00,0,Short,370,Inactive,1,Churned,Churned,Low
,kissing reindeer table runner,5.95,1,1,5.95,2009-12-22 09:48:00,2009-12-22 09:48:00,0,Short,352,Inactive,1,Churned,Churned,Low
72751B,"f.fairy s/3 sml candle, lavender",5.95,1,1,5.95,2009-12-04 16:52:00,2009-12-04 16:52:00,0,Short,370,Inactive,1,Churned,Churned,Low
72751C,"f.fairy s/3 sml candle, rose",5.95,1,1,5.95,2010-02-07 12:16:00,2010-02-07 12:16:00,0,Short,305,Inactive,1,Churned,Churned,Low
35638A,pink and black string curtain,5.95,1,1,5.95,2010-01-25 14:01:00,2010-01-25 14:01:00,0,Short,318,Inactive,1,Churned,Churned,Low
,assorted design flower mugs,5.949999999999999,7,3,1.9833333333333332,2010-01-14 13:03:00,2010-04-11 13:37:00,87,Short,242,Inactive,1,Churned,Churned,Low
35821P,"jewelled decoration,pink",5.9,2,2,2.95,2009-12-02 15:51:00,2009-12-15 15:21:00,12,Short,359,Inactive,1,Churned,Churned,Low
35823P,"acrylic bead garland,pink",5.9,2,2,2.95,2010-02-21 12:42:00,2010-07-15 12:50:00,144,Medium,147,Inactive,1,Churned,Churned,Low
62097B,blue stripes shoulder bag,5.9,2,1,5.9,2010-06-16 13:52:00,2010-06-16 13:52:00,0,Short,176,Inactive,1,Churned,Churned,Low
,"glass jar, english confectionery",5.9,2,1,5.9,2009-12-13 13:39:00,2009-12-13 13:39:00,0,Short,361,Inactive,1,Churned,Churned,Low
79303A,white rohmbic block table lamp,5.9,2,1,5.9,2010-01-26 10:13:00,2010-01-26 10:13:00,0,Short,317,Inactive,1,Churned,Churned,Low
18098A,pink porcelain b'fly oil burner,5.9,2,2,2.95,2009-12-14 15:31:00,2009-12-17 13:07:00,2,Short,357,Inactive,1,Churned,Churned,Low
35051B,pink beaded cone christmas,5.88,14,2,2.94,2009-12-01 12:57:00,2009-12-07 11:39:00,5,Short,367,Inactive,1,Churned,Churned,Low
85186B,bunny bunch of flowers,5.88,14,2,2.94,2010-03-17 16:33:00,2010-03-21 15:23:00,3,Short,263,Inactive,1,Churned,Churned,Low
,number tile vintage font 9,5.85,3,2,2.925,2010-11-04 13:14:00,2010-11-16 16:46:00,12,Short,23,Active,0,Active,Weak,Low
,candle ring w/clear beads,5.46,13,3,1.82,2009-12-06 15:01:00,2010-05-19 15:10:00,164,Medium,204,Inactive,1,Churned,Churned,Low
,daddy mouse red gingham bow tie,5.45,1,1,5.45,2009-12-02 11:51:00,2009-12-02 11:51:00,0,Short,372,Inactive,1,Churned,Churned,Low
35751D,pink current candle ring,5.32,28,1,5.32,2009-12-02 16:18:00,2009-12-02 16:18:00,0,Short,372,Inactive,1,Churned,Churned,Low
,funky girlz magnetic to do list,5.2,8,3,1.7333333333333334,2009-12-03 11:46:00,2009-12-03 17:57:00,0,Short,371,Inactive,1,Churned,Churned,Low
,dr who top trumps game,5.17,1,1,5.17,2009-12-02 14:36:00,2009-12-02 14:36:00,0,Short,372,Inactive,1,Churned,Churned,Low
,euro football stars top trumps game,5.17,1,1,5.17,2009-12-04 09:43:00,2009-12-04 09:43:00,0,Short,370,Inactive,1,Churned,Churned,Low
71101A,angel on knees metal pole 100cm h,5.1,6,1,5.1,2009-12-13 13:39:00,2009-12-13 13:39:00,0,Short,361,Inactive,1,Churned,Churned,Low
71434B,"black rnd bullet""keep clean"" bin",5.1,2,2,2.55,2010-01-26 13:15:00,2010-03-10 16:09:00,43,Short,274,Inactive,1,Churned,Churned,Low
90142B,ivory pendant shell necklace,5.09,1,1,5.09,2010-11-22 11:25:00,2010-11-22 11:25:00,0,Short,17,Active,0,Active,Weak,Low
90142C,rose pink pendant shell necklace,5.09,1,1,5.09,2010-11-08 15:02:00,2010-11-08 15:02:00,0,Short,31,At Risk,0,Active,At Risk,Low
,orange/wht/fuschia stones necklace,5.09,1,1,5.09,2010-11-23 16:53:00,2010-11-23 16:53:00,0,Short,16,Active,0,Active,Weak,Low
,kashmir folkart heart dishes,5.07,3,3,1.6900000000000002,2009-12-16 17:34:00,2010-01-24 13:46:00,38,Short,319,Inactive,1,Churned,Churned,Low
DCGS0041,haynes mini-cooper playing cards,5.06,1,1,5.06,2010-06-04 16:13:00,2010-06-04 16:13:00,0,Short,188,Inactive,1,Churned,Churned,Low
72740B,large white chocolate candle,5.06,1,1,5.06,2010-01-11 14:39:00,2010-01-11 14:39:00,0,Short,332,Inactive,1,Churned,Churned,Low
79149B,silicon star bulb  blue,5.04,12,5,1.008,2009-12-04 17:31:00,2010-12-05 12:42:00,365,Medium,4,Active,0,Active,Weak,Low
,modern christmas bauble candle,5.04,12,5,1.008,2009-12-10 18:27:00,2009-12-18 11:03:00,7,Short,356,Inactive,1,Churned,Churned,Low
85232C,russian folkart stacking tins,4.95,1,1,4.95,2010-01-15 14:27:00,2010-01-15 14:27:00,0,Short,328,Inactive,1,Churned,Churned,Low
,ceramic cake teapot with cherry,4.95,1,1,4.95,2010-02-07 12:16:00,2010-02-07 12:16:00,0,Short,305,Inactive,1,Churned,Churned,Low
90142D,mop pendant shell necklace,4.95,1,1,4.95,2010-11-24 13:13:00,2010-11-24 13:13:00,0,Short,15,Active,0,Active,Weak,Low
,red heart candy pop lights,4.95,1,1,4.95,2010-01-04 15:29:00,2010-01-04 15:29:00,0,Short,339,Inactive,1,Churned,Churned,Low
84201B,happy birthday card stripey teddy,4.9399999999999995,26,6,0.8233333333333333,2009-12-06 13:29:00,2010-10-20 14:42:00,318,Medium,50,At Risk,0,Active,At Risk,Low
,folding shirt tidy,4.65,1,1,4.65,2010-07-15 13:32:00,2010-07-15 13:32:00,0,Short,147,Inactive,1,Churned,Churned,Low
,fairy design mugs,4.609999999999999,2,2,2.3049999999999997,2010-01-11 14:39:00,2010-03-29 13:57:00,76,Short,255,Inactive,1,Churned,Churned,Low
,spotty cockerel doorstop,4.25,1,1,4.25,2010-01-18 13:34:00,2010-01-18 13:34:00,0,Short,325,Inactive,1,Churned,Churned,Low
81953P,round articulated pink clock w/suck,4.25,5,3,1.4166666666666667,2010-02-24 12:19:00,2010-09-13 16:15:00,201,Medium,87,Inactive,1,Churned,Churned,Low
72752A,"f.fairy,candle in glass,lily/valley",4.25,1,1,4.25,2009-12-04 16:52:00,2009-12-04 16:52:00,0,Short,370,Inactive,1,Churned,Churned,Low
84255A,pink glass cocktail lamp,4.2,2,2,2.1,2009-12-13 15:54:00,2010-01-21 11:11:00,38,Short,322,Inactive,1,Churned,Churned,Low
,number tile vintage font 2,3.9,2,1,3.9,2010-11-16 16:46:00,2010-11-16 16:46:00,0,Short,23,Active,0,Active,Weak,Low
72084B,chocolate ice cream candle,3.9,2,1,3.9,2010-03-26 15:32:00,2010-03-26 15:32:00,0,Short,258,Inactive,1,Churned,Churned,Low
,mug pink and purple arabic design,3.9,6,1,3.9,2009-12-08 13:59:00,2009-12-08 13:59:00,0,Short,366,Inactive,1,Churned,Churned,Low
44091A,blue crusoe check lampshade,3.7800000000000002,9,3,1.26,2010-03-26 14:16:00,2010-05-19 11:39:00,53,Short,204,Inactive,1,Churned,Churned,Low
,set/6 black glitter reindeer candle,3.7800000000000002,5,5,0.756,2009-12-01 12:13:00,2009-12-23 11:51:00,21,Short,351,Inactive,1,Churned,Churned,Low
40046C,pink butterfly paper lampshade,3.75,3,3,1.25,2009-12-06 11:58:00,2009-12-16 15:48:00,10,Short,358,Inactive,1,Churned,Churned,Low
,s/6 christmas tree place setting,3.75,1,1,3.75,2009-12-16 17:45:00,2009-12-16 17:45:00,0,Short,358,Inactive,1,Churned,Churned,Low
,funky flower coffee pot,3.75,1,1,3.75,2009-12-13 13:31:00,2009-12-13 13:31:00,0,Short,361,Inactive,1,Churned,Churned,Low
90004A,jade green pair enamel hair slides,3.75,1,1,3.75,2009-12-15 13:21:00,2009-12-15 13:21:00,0,Short,359,Inactive,1,Churned,Churned,Low
35818C,"acrylic jewel icicle, clear",3.43,1,1,3.43,2009-12-14 17:16:00,2009-12-14 17:16:00,0,Short,360,Inactive,1,Churned,Churned,Low
,set/20 posies paper napkins,3.4,4,4,0.85,2009-12-01 11:51:00,2010-01-31 10:08:00,60,Short,312,Inactive,1,Churned,Churned,Low
90214Y,"letter ""y"" bling key ring",3.35,3,3,1.1166666666666667,2010-11-03 12:07:00,2010-12-03 11:36:00,29,Short,6,Active,0,Active,Weak,Low
90214W,"letter ""w"" bling key ring",3.35,3,3,1.1166666666666667,2010-06-07 11:23:00,2010-11-10 09:34:00,155,Medium,29,Active,0,Active,Weak,Low
,rain girl childs umbrella,3.25,1,1,3.25,2009-12-11 10:10:00,2009-12-11 10:10:00,0,Short,363,Inactive,1,Churned,Churned,Low
90182B,amethyst 3 bead drop earrings,3.03,1,1,3.03,2009-12-16 17:01:00,2009-12-16 17:01:00,0,Short,358,Inactive,1,Churned,Churned,Low
90182A,amber 3 bead drop earrings,2.96,1,1,2.96,2010-11-29 09:46:00,2010-11-29 09:46:00,0,Short,10,Active,0,Active,Weak,Low
35598A,dusty pink christmas tree 60cm,2.95,1,1,2.95,2009-12-07 12:26:00,2009-12-07 12:26:00,0,Short,367,Inactive,1,Churned,Churned,Low
84402B,purple dress jewellery stand,2.95,1,1,2.95,2010-11-17 12:57:00,2010-11-17 12:57:00,0,Short,22,Active,0,Active,Weak,Low
35598C,white christmas tree 60cm,2.95,1,1,2.95,2009-12-18 16:36:00,2009-12-18 16:36:00,0,Short,356,Inactive,1,Churned,Churned,Low
,box of 3 pebble candles,2.95,1,1,2.95,2009-12-22 12:42:00,2009-12-22 12:42:00,0,Short,352,Inactive,1,Churned,Churned,Low
,feather heart lights,2.95,1,1,2.95,2010-01-21 11:11:00,2010-01-21 11:11:00,0,Short,322,Inactive,1,Churned,Churned,Low
DCGS0044,handz-off car freshener,2.57,1,1,2.57,2009-12-15 18:33:00,2009-12-15 18:33:00,0,Short,359,Inactive,1,Churned,Churned,Low
,s/3 colours flock tea towels,2.55,1,1,2.55,2009-12-06 15:51:00,2009-12-06 15:51:00,0,Short,368,Inactive,1,Churned,Churned,Low
44092C,purple/copper hanging lampshade,2.55,3,2,1.275,2009-12-18 12:04:00,2010-07-18 13:22:00,212,Medium,144,Inactive,1,Churned,Churned,Low
81953B,round articulated blue clock w/suck,2.55,3,3,0.85,2010-05-09 11:29:00,2010-09-13 16:15:00,127,Medium,87,Inactive,1,Churned,Churned,Low
,s/2 hyacinth bulb candles,2.55,1,1,2.55,2009-12-07 15:26:00,2009-12-07 15:26:00,0,Short,367,Inactive,1,Churned,Churned,Low
,crystal dragonfly phone charm,2.55,3,2,1.275,2010-05-10 13:48:00,2010-10-11 14:15:00,154,Medium,59,At Risk,0,Active,At Risk,Low
,english rose design shopping bag,2.55,1,1,2.55,2009-12-02 16:02:00,2009-12-02 16:02:00,0,Short,372,Inactive,1,Churned,Churned,Low
,set/2 spotty + rose tea towels,2.55,1,1,2.55,2009-12-02 14:09:00,2009-12-02 14:09:00,0,Short,372,Inactive,1,Churned,Churned,Low
,s/6 scandinavian heart t-light,2.55,1,1,2.55,2009-12-13 11:16:00,2009-12-13 11:16:00,0,Short,361,Inactive,1,Churned,Churned,Low
,set/2 tea towels modern vintage,2.55,1,1,2.55,2009-12-14 12:24:00,2009-12-14 12:24:00,0,Short,360,Inactive,1,Churned,Churned,Low
,etched glass heart tree decoration,2.51,1,1,2.51,2010-02-01 11:17:00,2010-02-01 11:17:00,0,Short,311,Inactive,1,Churned,Churned,Low
DCGS0062,road-rage car freshener,2.51,1,1,2.51,2010-10-25 16:57:00,2010-10-25 16:57:00,0,Short,45,At Risk,0,Active,At Risk,Low
90127B,blue beads+hand phone charm,2.5,2,2,1.25,2010-02-19 12:50:00,2010-09-09 19:23:00,202,Medium,91,Inactive,1,Churned,Churned,Low
,pocket mirror butterfly,2.5,2,2,1.25,2009-12-11 15:40:00,2009-12-21 15:36:00,9,Short,353,Inactive,1,Churned,Churned,Low
,large spotty chocolate gift bag,2.5,2,1,2.5,2009-12-23 14:09:00,2009-12-23 14:09:00,0,Short,351,Inactive,1,Churned,Churned,Low
44242A,lilac feathers curtain,2.5,2,1,2.5,2010-03-25 13:05:00,2010-03-25 13:05:00,0,Short,259,Inactive,1,Churned,Churned,Low
,assorted shaped stencil for henna,2.08,52,1,2.08,2009-12-07 13:48:00,2009-12-07 13:48:00,0,Short,367,Inactive,1,Churned,Churned,Low
85192S,hanging spring flower heart small,1.9500000000000002,3,2,0.9750000000000001,2010-02-07 15:07:00,2010-02-08 16:06:00,1,Short,304,Inactive,1,Churned,Churned,Low
,circus parade lunchbox,1.95,1,1,1.95,2010-03-14 12:18:00,2010-03-14 12:18:00,0,Short,270,Inactive,1,Churned,Churned,Low
,gold christmas stocking decoration,1.95,1,1,1.95,2009-12-18 17:24:00,2009-12-18 17:24:00,0,Short,356,Inactive,1,Churned,Churned,Low
46138D,green chenille shaggy c/cover,1.95,1,1,1.95,2010-03-25 11:32:00,2010-03-25 11:32:00,0,Short,259,Inactive,1,Churned,Churned,Low
84814A,hexagonal crystal perfume bottle,1.95,1,1,1.95,2010-03-26 16:17:00,2010-03-26 16:17:00,0,Short,258,Inactive,1,Churned,Churned,Low
,lunchbox i love london,1.95,1,1,1.95,2010-03-14 12:18:00,2010-03-14 12:18:00,0,Short,270,Inactive,1,Churned,Churned,Low
30086C,assorted fruit straws,1.7,1,1,1.7,2009-12-01 14:28:00,2009-12-01 14:28:00,0,Short,373,Inactive,1,Churned,Churned,Low
,jam jar with blue lid,1.7,2,1,1.7,2010-07-23 12:29:00,2010-07-23 12:29:00,0,Short,139,Inactive,1,Churned,Churned,Low
,set of six silver+red flock baubles,1.7,2,1,1.7,2009-12-10 12:44:00,2009-12-10 12:44:00,0,Short,364,Inactive,1,Churned,Churned,Low
,red mini tape measure,1.7,1,1,1.7,2009-12-02 14:36:00,2009-12-02 14:36:00,0,Short,372,Inactive,1,Churned,Churned,Low
72754D,f fairy potpourri cushions summer,1.69,1,1,1.69,2009-12-02 13:26:00,2009-12-02 13:26:00,0,Short,372,Inactive,1,Churned,Churned,Low
,folding camping scissor w/knif & s,1.68,14,2,0.84,2010-01-17 12:12:00,2010-12-05 16:41:00,322,Medium,4,Active,0,Active,Weak,Low
,bendy colour pencils,1.68,4,1,1.68,2009-12-03 12:31:00,2009-12-03 12:31:00,0,Short,371,Inactive,1,Churned,Churned,Low
,3 birds canvas screen,1.65,1,1,1.65,2010-04-27 12:46:00,2010-04-27 12:46:00,0,Short,226,Inactive,1,Churned,Churned,Low
85024A,crystal small jewelled photoframe,1.65,1,1,1.65,2009-12-04 15:16:00,2009-12-04 15:16:00,0,Short,370,Inactive,1,Churned,Churned,Low
,swallow small tube matches,1.65,1,1,1.65,2010-08-01 12:02:00,2010-08-01 12:02:00,0,Short,130,Inactive,1,Churned,Churned,Low
72796C,s/3 rose garden scent squ candle,1.65,1,1,1.65,2010-01-17 13:55:00,2010-01-17 13:55:00,0,Short,326,Inactive,1,Churned,Churned,Low
35980B,red top scandinavian heart,1.52,4,2,0.76,2009-12-18 13:46:00,2010-05-16 16:05:00,149,Medium,207,Inactive,1,Churned,Churned,Low
71496B,a4 wall tidy red flowers,1.3,2,2,0.65,2010-04-20 14:33:00,2010-08-12 13:24:00,113,Medium,119,Inactive,1,Churned,Churned,Low
35976B,white scandinavian heart christmas,1.25,1,1,1.25,2009-12-06 14:54:00,2009-12-06 14:54:00,0,Short,368,Inactive,1,Churned,Churned,Low
,folkart heart christmas decorations,1.25,1,1,1.25,2010-03-03 14:42:00,2010-03-03 14:42:00,0,Short,281,Inactive,1,Churned,Churned,Low
84845A,hollyhock square handy tin,1.25,1,1,1.25,2009-12-06 13:10:00,2009-12-06 13:10:00,0,Short,368,Inactive,1,Churned,Churned,Low
90214U,"letter ""u"" bling key ring",1.25,1,1,1.25,2010-11-03 12:07:00,2010-11-03 12:07:00,0,Short,36,At Risk,0,Active,At Risk,Low
84201C,happy birthday card teddy/cake,0.95,5,2,0.475,2010-08-23 11:58:00,2010-08-24 16:14:00,1,Short,107,Inactive,1,Churned,Churned,Low
44092B,blue white plastic rings lampshade,0.85,1,1,0.85,2010-07-18 13:22:00,2010-07-18 13:22:00,0,Short,144,Inactive,1,Churned,Churned,Low
79157B,ubo-light triobase blue,0.85,1,1,0.85,2010-02-07 15:07:00,2010-02-07 15:07:00,0,Short,305,Inactive,1,Churned,Churned,Low
,owls charlotte bag,0.85,1,1,0.85,2009-12-07 15:26:00,2009-12-07 15:26:00,0,Short,367,Inactive,1,Churned,Churned,Low
84206B,cat w sunglasses blank card,0.76,4,1,0.76,2010-08-24 16:14:00,2010-08-24 16:14:00,0,Short,107,Inactive,1,Churned,Churned,Low
79151B,"silicon cube 25w, blue",0.42,1,1,0.42,2010-12-05 12:42:00,2010-12-05 12:42:00,0,Short,4,Active,0,Active,Weak,Low
84206C,champagne tray blank card,0.38,2,2,0.19,2009-12-06 13:29:00,2010-05-17 14:15:00,162,Medium,206,Inactive,1,Churned,Churned,Low
,pink heart christmas decoration,0.38,1,1,0.38,2009-12-16 17:45:00,2009-12-16 17:45:00,0,Short,358,Inactive,1,Churned,Churned,Low
84205C,happy birthday ginger cat card,0.38,2,1,0.38,2010-03-03 11:51:00,2010-03-03 11:51:00,0,Short,281,Inactive,1,Churned,Churned,Low
PADS,pads to match all cushions,0.014,14,14,0.001,2010-01-19 17:04:00,2010-11-17 15:08:00,301,Medium,22,Active,0,Active,Weak,Low
,lost,0.0,-1043,1,0.0,2009-12-01 17:43:00,2009-12-01 17:43:00,0,Short,373,Inactive,1,Churned,Churned,Low
,lost in space,0.0,-53,1,0.0,2010-03-05 13:36:00,2010-03-05 13:36:00,0,Short,279,Inactive,1,Churned,Churned,Low
,lost?,0.0,-600,1,0.0,2009-12-03 18:28:00,2009-12-03 18:28:00,0,Short,371,Inactive,1,Churned,Churned,Low
,phil said so,0.0,-20,1,0.0,2010-05-05 14:19:00,2010-05-05 14:19:00,0,Short,218,Inactive,1,Churned,Churned,Low
35001W,broken,0.0,-22,2,0.0,2010-06-30 12:31:00,2010-10-26 14:49:00,118,Medium,44,At Risk,0,Active,At Risk,Low
84924D,eurobargain invc/credit,0.0,372,1,0.0,2010-09-29 15:34:00,2010-09-29 15:34:00,0,Short,71,Inactive,1,Churned,Churned,Low
,debenhams,0.0,70,1,0.0,2010-09-03 14:08:00,2010-09-03 14:08:00,0,Short,97,Inactive,1,Churned,Churned,Low
,rex use,0.0,-1000,1,0.0,2010-11-05 14:11:00,2010-11-05 14:11:00,0,Short,34,At Risk,0,Active,At Risk,Low
,reverse mistake,0.0,-1520,1,0.0,2010-08-16 13:28:00,2010-08-16 13:28:00,0,Short,115,Inactive,1,Churned,Churned,Low
,ebay sales by the box.,0.0,-7100,1,0.0,2010-07-01 18:07:00,2010-07-01 18:07:00,0,Short,161,Inactive,1,Churned,Churned,Low
,ebay sales,0.0,-13630,4,0.0,2010-03-07 12:03:00,2010-05-05 12:44:00,59,Short,218,Inactive,1,Churned,Churned,Low
,dotcom email,0.0,200,1,0.0,2010-09-23 17:45:00,2010-09-23 17:45:00,0,Short,77,Inactive,1,Churned,Churned,Low
84925D,incorrect credit,0.0,-372,1,0.0,2010-09-29 15:33:00,2010-09-29 15:33:00,0,Short,71,Inactive,1,Churned,Churned,Low
84966C,sold as a/b,0.0,16,1,0.0,2010-09-06 15:56:00,2010-09-06 15:56:00,0,Short,94,Inactive,1,Churned,Churned,Low
84966A,sold as c,0.0,-16,1,0.0,2010-09-06 15:56:00,2010-09-06 15:56:00,0,Short,94,Inactive,1,Churned,Churned,Low
,sold as set/6 on dotcom,0.0,-490,1,0.0,2010-11-02 15:46:00,2010-11-02 15:46:00,0,Short,37,At Risk,0,Active,At Risk,Low
,given away,0.0,-28800,7,0.0,2010-07-12 15:46:00,2010-11-05 14:40:00,115,Medium,34,At Risk,0,Active,At Risk,Low
84795C,sold as d?,0.0,-10,1,0.0,2010-07-05 15:19:00,2010-07-05 15:19:00,0,Short,157,Inactive,1,Churned,Churned,Low
79030A,smashed,0.0,-443,5,0.0,2009-12-14 10:00:00,2010-07-19 10:33:00,217,Medium,143,Inactive,1,Churned,Churned,Low
17129C,wrong invc,0.0,70,1,0.0,2010-05-04 11:32:00,2010-05-04 11:32:00,0,Short,219,Inactive,1,Churned,Churned,Low
17129F,17129c,0.0,-72,1,0.0,2010-05-04 11:33:00,2010-05-04 11:33:00,0,Short,219,Inactive,1,Churned,Churned,Low
,mouldy,0.0,-2000,1,0.0,2010-10-05 18:05:00,2010-10-05 18:05:00,0,Short,65,Inactive,1,Churned,Churned,Low
,invoice 506647,0.0,-299,1,0.0,2010-04-30 16:24:00,2010-04-30 16:24:00,0,Short,223,Inactive,1,Churned,Churned,Low
,?sold individually?,0.0,486,1,0.0,2010-11-11 15:43:00,2010-11-11 15:43:00,0,Short,28,Active,0,Active,Weak,Low
,wonky bottom/broken,0.0,-35,1,0.0,2010-10-26 14:48:00,2010-10-26 14:48:00,0,Short,44,At Risk,0,Active,At Risk,Low
35004B,?,0.0,-25373,45,0.0,2010-01-20 13:48:00,2010-12-09 14:48:00,323,Medium,0,Active,0,Active,Weak,Low
,?????,0.0,-98,1,0.0,2010-06-08 13:19:00,2010-06-08 13:19:00,0,Short,184,Inactive,1,Churned,Churned,Low
17108D,missing?,0.0,-716,1,0.0,2010-04-06 12:41:00,2010-04-06 12:41:00,0,Short,247,Inactive,1,Churned,Churned,Low
,missings,0.0,-67,1,0.0,2010-09-22 13:23:00,2010-09-22 13:23:00,0,Short,78,Inactive,1,Churned,Churned,Low
,mixed with blue,0.0,-390,1,0.0,2010-10-18 10:51:00,2010-10-18 10:51:00,0,Short,52,At Risk,0,Active,At Risk,Low
,sold as 17003?,0.0,-2360,2,0.0,2010-05-11 11:20:00,2010-10-18 11:43:00,160,Medium,52,At Risk,0,Active,At Risk,Low
79323GR,sold as gold,0.0,-954,1,0.0,2009-12-03 09:41:00,2009-12-03 09:41:00,0,Short,371,Inactive,1,Churned,Churned,Low
,zebra invcing error,0.0,-9000,1,0.0,2010-05-11 17:16:00,2010-05-11 17:16:00,0,Short,212,Inactive,1,Churned,Churned,Low
,85123a mixed,0.0,-96,1,0.0,2009-12-01 10:52:00,2009-12-01 10:52:00,0,Short,373,Inactive,1,Churned,Churned,Low
,incorrectly entered. should be 2279,0.0,-720,1,0.0,2010-10-15 15:48:00,2010-10-15 15:48:00,0,Short,55,At Risk,0,Active,At Risk,Low
,broken glass,0.0,-53,1,0.0,2010-10-12 12:17:00,2010-10-12 12:17:00,0,Short,58,At Risk,0,Active,At Risk,Low
,invcd as 84879?,0.0,-720,1,0.0,2009-12-02 13:23:00,2009-12-02 13:23:00,0,Short,372,Inactive,1,Churned,Churned,Low
,"broken, uneven bottom",0.0,-35,1,0.0,2010-10-05 14:46:00,2010-10-05 14:46:00,0,Short,65,Inactive,1,Churned,Churned,Low
,broken zips,0.0,-19,2,0.0,2010-10-29 14:14:00,2010-10-29 14:14:00,0,Short,41,At Risk,0,Active,At Risk,Low
DCGSSBOY,update,0.0,200,2,0.0,2010-06-17 14:10:00,2010-06-17 14:11:00,0,Short,175,Inactive,1,Churned,Churned,Low
46000M,dotcom,0.0,-1708,8,0.0,2010-02-22 15:40:00,2010-09-24 16:13:00,214,Medium,76,Inactive,1,Churned,Churned,Low
,used for show display,0.0,-3,1,0.0,2010-09-09 15:56:00,2010-09-09 15:56:00,0,Short,91,Inactive,1,Churned,Churned,Low
47566B,correct previous adjustment,0.0,144,1,0.0,2010-06-29 10:49:00,2010-06-29 10:49:00,0,Short,163,Inactive,1,Churned,Churned,Low
,cant find,0.0,-200,1,0.0,2010-07-08 15:43:00,2010-07-08 15:43:00,0,Short,154,Inactive,1,Churned,Churned,Low
,for show,0.0,-1,1,0.0,2010-08-27 09:54:00,2010-08-27 09:54:00,0,Short,104,Inactive,1,Churned,Churned,Low
,amazon,0.0,65,3,0.0,2010-12-03 12:08:00,2010-12-07 15:29:00,4,Short,2,Active,0,Active,Weak,Low
35603C,checked,0.0,154,8,0.0,2010-07-08 10:50:00,2010-07-08 15:33:00,0,Short,154,Inactive,1,Churned,Churned,Low
47566B,stock credited from royal yacht inc,0.0,-144,1,0.0,2010-06-29 10:50:00,2010-06-29 10:50:00,0,Short,163,Inactive,1,Churned,Churned,Low
,carton qnty was 216 not 144 as stat,0.0,-900,1,0.0,2010-11-05 14:09:00,2010-11-05 14:09:00,0,Short,34,At Risk,0,Active,At Risk,Low
46000R,entry error,0.0,-100,1,0.0,2010-06-04 15:07:00,2010-06-04 15:07:00,0,Short,188,Inactive,1,Churned,Churned,Low
,dirty,0.0,-1,1,0.0,2010-04-27 13:12:00,2010-04-27 13:12:00,0,Short,226,Inactive,1,Churned,Churned,Low
84613A,poor quality,0.0,-72,1,0.0,2010-11-02 16:07:00,2010-11-02 16:07:00,0,Short,37,At Risk,0,Active,At Risk,Low
72739B,discoloured,0.0,-134,2,0.0,2009-12-18 17:45:00,2009-12-18 17:46:00,0,Short,356,Inactive,1,Churned,Churned,Low
,temp,0.0,400,4,0.0,2010-03-11 16:23:00,2010-03-11 16:24:00,0,Short,273,Inactive,1,Churned,Churned,Low
45008C,"dirty, torn, thrown away.",0.0,-15,1,0.0,2010-07-22 16:40:00,2010-07-22 16:40:00,0,Short,140,Inactive,1,Churned,Churned,Low
49031B,chrome euro hook 20cm,0.0,400,1,0.0,2010-10-01 13:23:00,2010-10-01 13:23:00,0,Short,69,Inactive,1,Churned,Churned,Low
84508A,wet ctn,0.0,-48,1,0.0,2010-06-21 15:08:00,2010-06-21 15:08:00,0,Short,171,Inactive,1,Churned,Churned,Low
,dotcom multiples,0.0,-441,1,0.0,2010-02-01 11:15:00,2010-02-01 11:15:00,0,Short,311,Inactive,1,Churned,Churned,Low
,faulty,0.0,-13,1,0.0,2010-12-09 14:10:00,2010-12-09 14:10:00,0,Short,0,Active,0,Active,Weak,Low
,dotcom multiple,0.0,-170,1,0.0,2010-08-25 12:25:00,2010-08-25 12:25:00,0,Short,106,Inactive,1,Churned,Churned,Low
,dotcom sets,0.0,-569,1,0.0,2010-10-05 17:03:00,2010-10-05 17:03:00,0,Short,65,Inactive,1,Churned,Churned,Low
,non colour fast,0.0,-60,1,0.0,2010-07-15 09:59:00,2010-07-15 09:59:00,0,Short,147,Inactive,1,Churned,Churned,Low
,no stock,0.0,-910,3,0.0,2010-02-17 10:04:00,2010-02-17 10:12:00,0,Short,295,Inactive,1,Churned,Churned,Low
46000M,dotcom sales,0.0,-228,3,0.0,2010-06-03 10:05:00,2010-12-09 17:25:00,189,Medium,0,Active,0,Active,Weak,Low
,dotcom sold as set,0.0,-420,1,0.0,2010-05-04 11:29:00,2010-05-04 11:29:00,0,Short,219,Inactive,1,Churned,Churned,Low
,wet cartons,0.0,-1400,1,0.0,2010-10-28 17:18:00,2010-10-28 17:18:00,0,Short,42,At Risk,0,Active,At Risk,Low
15056N,wedding co returns?,0.0,-700,1,0.0,2010-02-23 13:08:00,2010-02-23 13:08:00,0,Short,289,Inactive,1,Churned,Churned,Low
84858B,wet & rotting,0.0,-200,1,0.0,2010-05-06 13:32:00,2010-05-06 13:32:00,0,Short,217,Inactive,1,Churned,Churned,Low
,wet,0.0,-200,1,0.0,2009-12-08 11:06:00,2009-12-08 11:06:00,0,Short,366,Inactive,1,Churned,Churned,Low
,amazon sold as set,0.0,-70,1,0.0,2010-05-04 11:27:00,2010-05-04 11:27:00,0,Short,219,Inactive,1,Churned,Churned,Low
,amendment,0.0,45,2,0.0,2010-09-09 15:20:00,2010-11-26 11:27:00,77,Short,13,Active,0,Active,Weak,Low
,bad quality,0.0,-76,1,0.0,2009-12-14 18:43:00,2009-12-14 18:43:00,0,Short,360,Inactive,1,Churned,Churned,Low
85185D,stock take,0.0,-96,1,0.0,2010-10-28 16:04:00,2010-10-28 16:04:00,0,Short,42,At Risk,0,Active,At Risk,Low
84968E,check,0.0,-82,3,0.0,2010-07-08 10:48:00,2010-12-06 15:36:00,151,Medium,3,Active,0,Active,Weak,Low
,counted,0.0,-360,3,0.0,2010-07-07 11:42:00,2010-07-22 11:27:00,14,Short,140,Inactive,1,Churned,Churned,Low
48173C,mia,0.0,-864,4,0.0,2009-12-09 11:59:00,2010-05-17 11:07:00,158,Medium,206,Inactive,1,Churned,Churned,Low
84858A,wet and rotting,0.0,-100,1,0.0,2010-05-06 13:32:00,2010-05-06 13:32:00,0,Short,217,Inactive,1,Churned,Churned,Low
,display,0.0,-180,1,0.0,2010-05-06 14:57:00,2010-05-06 14:57:00,0,Short,217,Inactive,1,Churned,Churned,Low
,display stands,0.0,-3,1,0.0,2010-07-05 12:31:00,2010-07-05 12:31:00,0,Short,157,Inactive,1,Churned,Churned,Low
,amazon adjustment,0.0,18,2,0.0,2010-11-24 09:50:00,2010-11-24 09:51:00,0,Short,15,Active,0,Active,Weak,Low
,came as green?,0.0,-153,1,0.0,2010-07-15 10:05:00,2010-07-15 10:05:00,0,Short,147,Inactive,1,Churned,Churned,Low
,mailout addition,0.0,100,1,0.0,2010-11-26 11:17:00,2010-11-26 11:17:00,0,Short,13,Active,0,Active,Weak,Low
84795A,coding mix up,0.0,-27,1,0.0,2010-07-12 12:52:00,2010-07-12 12:52:00,0,Short,150,Inactive,1,Churned,Churned,Low
84078A,damages etc,0.0,-16,1,0.0,2010-05-18 15:35:00,2010-05-18 15:35:00,0,Short,205,Inactive,1,Churned,Churned,Low
84782A,"damages, lost bits etc",0.0,-66,2,0.0,2010-02-26 11:51:00,2010-02-26 11:52:00,0,Short,286,Inactive,1,Churned,Churned,Low
16245A,damaged,0.0,-3260,41,0.0,2009-12-08 10:59:00,2010-11-29 11:11:00,356,Medium,10,Active,0,Active,Weak,Low
,damaged/dirty,0.0,-408,1,0.0,2010-06-07 10:40:00,2010-06-07 10:40:00,0,Short,185,Inactive,1,Churned,Churned,Low
,short,0.0,-240,1,0.0,2009-12-01 10:52:00,2009-12-01 10:52:00,0,Short,373,Inactive,1,Churned,Churned,Low
,damp and rusty,0.0,-420,1,0.0,2010-04-28 16:01:00,2010-04-28 16:01:00,0,Short,225,Inactive,1,Churned,Churned,Low
,donated to the food chain charity.,0.0,-1,1,0.0,2010-06-14 15:20:00,2010-06-14 15:20:00,0,Short,178,Inactive,1,Churned,Churned,Low
,damges,0.0,-34,1,0.0,2010-07-20 15:55:00,2010-07-20 15:55:00,0,Short,142,Inactive,1,Churned,Churned,Low
35821B,gone,0.0,-29,2,0.0,2010-04-09 11:02:00,2010-10-28 15:32:00,202,Medium,42,At Risk,0,Active,At Risk,Low
84797B,donated to the food chain charity,0.0,-2,2,0.0,2010-06-14 15:21:00,2010-06-14 15:21:00,0,Short,178,Inactive,1,Churned,Churned,Low
,damaged?,0.0,-191,1,0.0,2010-02-08 13:57:00,2010-02-08 13:57:00,0,Short,304,Inactive,1,Churned,Churned,Low
16169C,damages,0.0,-4207,43,0.0,2009-12-01 18:02:00,2010-12-06 16:10:00,369,Medium,3,Active,0,Active,Weak,Low
16151A,found,0.0,530,4,0.0,2010-03-05 12:43:00,2010-09-30 15:07:00,209,Medium,70,Inactive,1,Churned,Churned,Low
,damages?,0.0,-167,2,0.0,2010-02-15 14:17:00,2010-08-31 10:10:00,196,Medium,100,Inactive,1,Churned,Churned,Low
,found again,0.0,50,1,0.0,2010-04-13 10:54:00,2010-04-13 10:54:00,0,Short,240,Inactive,1,Churned,Churned,Low
,mailout,0.0,500,5,0.0,2010-05-21 10:22:00,2010-11-26 11:19:00,189,Medium,13,Active,0,Active,Weak,Low
,code mix up 72597,0.0,-500,1,0.0,2010-11-01 16:58:00,2010-11-01 16:58:00,0,Short,38,At Risk,0,Active,At Risk,Low
,"wet, rusty-thrown away",0.0,-312,1,0.0,2010-06-15 16:43:00,2010-06-15 16:43:00,0,Short,177,Inactive,1,Churned,Churned,Low
,wet/smashed/unsellable,0.0,-700,1,0.0,2010-09-02 17:31:00,2010-09-02 17:31:00,0,Short,98,Inactive,1,Churned,Churned,Low
37479B,tk maxx mix up with pink,0.0,180,1,0.0,2010-07-16 10:33:00,2010-07-16 10:33:00,0,Short,146,Inactive,1,Churned,Churned,Low
79302M,crushed,0.0,-178,4,0.0,2010-06-30 12:30:00,2010-10-28 19:26:00,120,Medium,42,At Risk,0,Active,At Risk,Low
,wet damages,0.0,-4354,1,0.0,2010-09-09 11:03:00,2010-09-09 11:03:00,0,Short,91,Inactive,1,Churned,Churned,Low
84078A,show display,0.0,-6,1,0.0,2010-07-12 12:52:00,2010-07-12 12:52:00,0,Short,150,Inactive,1,Churned,Churned,Low
,show,0.0,-130,1,0.0,2010-10-05 17:06:00,2010-10-05 17:06:00,0,Short,65,Inactive,1,Churned,Churned,Low
,rust fixed,0.0,850,1,0.0,2010-06-15 16:46:00,2010-06-15 16:46:00,0,Short,177,Inactive,1,Churned,Churned,Low
84968B,"rust,missing sets etc",0.0,-256,1,0.0,2010-07-09 14:03:00,2010-07-09 14:03:00,0,Short,153,Inactive,1,Churned,Churned,Low
,sold in wrong qnty,0.0,-800,1,0.0,2010-05-25 17:11:00,2010-05-25 17:11:00,0,Short,198,Inactive,1,Churned,Churned,Low
,my error - connor,0.0,-4200,1,0.0,2010-02-18 15:10:00,2010-02-18 15:10:00,0,Short,294,Inactive,1,Churned,Churned,Low
,rusty connections,0.0,-76,1,0.0,2010-07-01 12:39:00,2010-07-01 12:39:00,0,Short,161,Inactive,1,Churned,Churned,Low
,rusty,0.0,-851,1,0.0,2010-06-03 13:00:00,2010-06-03 13:00:00,0,Short,189,Inactive,1,Churned,Churned,Low
85017A,wrong ctn size,0.0,-626,1,0.0,2010-05-06 16:18:00,2010-05-06 16:18:00,0,Short,217,Inactive,1,Churned,Churned,Low
47587A,12's sold as 1?,0.0,-1060,1,0.0,2010-03-18 11:06:00,2010-03-18 11:06:00,0,Short,266,Inactive,1,Churned,Churned,Low
85123A,21733 mixed,0.0,-192,1,0.0,2009-12-01 10:53:00,2009-12-01 10:53:00,0,Short,373,Inactive,1,Churned,Churned,Low
85232B,wrong code,0.0,-258,1,0.0,2010-11-10 10:49:00,2010-11-10 10:49:00,0,Short,29,Active,0,Active,Weak,Low
16168S,missing,0.0,-15829,26,0.0,2010-01-05 10:13:00,2010-09-09 16:35:00,247,Medium,91,Inactive,1,Churned,Churned,Low
17129D,missing (wrongly coded?),0.0,-2127,1,0.0,2010-01-07 12:43:00,2010-01-07 12:43:00,0,Short,336,Inactive,1,Churned,Churned,Low
B,adjust bad debt,-136552.02000000002,3,3,-45517.340000000004,2010-04-29 13:36:00,2010-10-20 12:04:00,173,Medium,50,At Risk,0,Active,At Risk,Low
