Description,total_revenue,revenue_pct,cum_revenue_pct,total_transactions,days_since_last_sale,is_churned,segment,enhanced_segment
manual,339241.29,1.6567541268656556,1.6567541268656556,788,0.0,0.0,Healthy,Healthy
manual,339241.29,1.6567541268656556,1.6567541268656556,788,352.0,1.0,Churned,Churned
regency cakestand 3 tier,330590.32,1.614505347983548,3.2712594748492037,3918,0.0,0.0,Healthy,Healthy
dotcom postage,309854.11,1.513235831253869,4.784495306103072,1415,0.0,0.0,Healthy,Healthy
white hanging heart t-light holder,260990.22,1.2745990444045754,6.059094350507648,5455,0.0,0.0,Healthy,Healthy
white hanging heart t-light holder,260990.22,1.2745990444045754,6.059094350507648,5455,1.0,0.0,Healthy,Healthy
"paper craft , little birdie",168469.6,0.8227557000841681,6.881850050591816,1,0.0,0.0,At Risk,At Risk
party bunting,148318.28,0.7243426131283013,7.606192663720117,2674,0.0,0.0,Healthy,Healthy
jumbo bag red retrospot,148073.47,0.7231470334929392,8.329339697213056,3269,420.0,1.0,Churned,Churned
assorted colour bird ornament,129324.49,0.6315825603431005,8.960922257556156,2807,0.0,0.0,Healthy,Healthy
postage,125682.42,0.6137957676362527,9.574718025192409,1851,0.0,0.0,Healthy,Healthy
paper chain kit 50's christmas,117760.29000000001,0.5751064277535215,10.14982445294593,2018,0.0,0.0,Healthy,Healthy
medium ceramic top storage jar,81700.92000000001,0.39900312953862666,10.548827582484558,247,0.0,0.0,Healthy,Healthy
chilli lights,80540.88,0.39333783727031446,10.942165419754872,1135,0.0,0.0,Healthy,Healthy
rotating silver angels t-light hldr,71300.4,0.3482100659007988,11.290375485655671,756,0.0,0.0,Healthy,Healthy
jumbo bag strawberry,69002.13,0.33698599495368176,11.627361480609354,1855,0.0,0.0,Healthy,Healthy
jumbo bag strawberry,69002.13,0.33698599495368176,11.627361480609354,1855,331.0,1.0,Churned,Churned
rabbit night light,66870.03,0.326573449140375,11.953934929749728,994,0.0,0.0,Healthy,Healthy
black record cover frame,65189.29,0.3183652120735127,12.27230014182324,634,0.0,0.0,Healthy,Healthy
jumbo storage bag suki,61537.55,0.30053119394664973,12.57283133576989,2329,0.0,0.0,Healthy,Healthy
vintage union jack bunting,60286.04,0.2944191892513674,12.867250525021259,1292,2.0,0.0,Healthy,Healthy
edwardian parasol natural,60145.85,0.29373454275375116,13.16098506777501,1149,0.0,0.0,Healthy,Healthy
edwardian parasol natural,60145.85,0.29373454275375116,13.16098506777501,1149,8.0,0.0,Healthy,Healthy
hot water bottle tea and sympathy,59189.14,0.2890622540688637,13.450047321843874,1583,0.0,0.0,Healthy,Healthy
jumbo  bag baroque black white,59142.78,0.2888358455402276,13.7388831673841,1878,0.0,0.0,Healthy,Healthy
jumbo  bag baroque black white,59142.78,0.2888358455402276,13.7388831673841,1878,501.0,1.0,Churned,Churned
paper chain kit vintage christmas,58652.700000000004,0.2864424397655523,14.025325607149654,1427,0.0,0.0,Healthy,Healthy
chocolate hot water bottle,57981.94,0.2831666463085223,14.308492253458176,1721,0.0,0.0,Healthy,Healthy
jumbo shopper vintage red paisley,57318.71,0.2799276271444308,14.588419880602608,2192,0.0,0.0,Healthy,Healthy
wood black board ant white finish,56745.73,0.27712936228813495,14.865549242890742,1176,0.0,0.0,Healthy,Healthy
heart of wicker large,53506.130000000005,0.26130811402736465,15.126857356918107,1952,0.0,0.0,Healthy,Healthy
victorian glass hanging t-light,52382.82,0.25582220021584284,15.38267955713395,1816,0.0,0.0,Healthy,Healthy
red hanging heart t-light holder,50346.490000000005,0.24587736675774485,15.628556923891693,1760,0.0,0.0,Healthy,Healthy
jumbo bag pink polkadot,50081.96,0.24458548047474027,15.873142404366433,1443,,,Healthy,Weak
scottie dog hot water bottle,49771.94,0.2430714344857898,16.11621383885222,1689,0.0,0.0,Healthy,Healthy
jumbo bag pink vintage paisley,49651.99,0.24248563416202157,16.358699473014244,1619,0.0,0.0,Healthy,Healthy
cream heart card holder,49300.94,0.24077120978804228,16.599470682802288,1299,0.0,0.0,Healthy,Healthy
heart of wicker small,48935.11,0.23898460426537352,16.83845528706766,2151,0.0,0.0,Healthy,Healthy
edwardian parasol black,48723.770000000004,0.23795248221097448,17.076407769278635,944,0.0,0.0,Healthy,Healthy
edwardian parasol black,48723.770000000004,0.23795248221097448,17.076407769278635,944,0.0,0.0,Healthy,Healthy
red retrospot cake stand,48564.29,0.2371736290585397,17.313581398337174,1187,,,Healthy,Weak
red toadstool led night light,48315.84,0.23596027273973852,17.549541671076913,1537,0.0,0.0,Healthy,Healthy
natural slate heart chalkboard,47288.23,0.23094172942412852,17.78048340050104,2046,0.0,0.0,Healthy,Healthy
strawberry ceramic trinket box,47169.35,0.23036115466389873,18.01084455516494,2310,0.0,0.0,Healthy,Healthy
wooden frame antique white,46967.090000000004,0.22937337664401253,18.240217931808953,2059,0.0,0.0,Healthy,Healthy
wooden frame antique white,46967.090000000004,0.22937337664401253,18.240217931808953,2059,1.0,0.0,Healthy,Healthy
home building block word,46516.99,0.22717522136491236,18.467393153173866,2066,0.0,0.0,Healthy,Healthy
please one person metal sign,46249.07000000001,0.22586677932452917,18.693259932498396,1632,,,Healthy,Weak
baking set 9 piece retrospot,45882.01,0.2240741668456434,18.91733409934404,1914,0.0,0.0,Healthy,Healthy
lunch bag  black skull.,45655.27,0.22296683574592516,19.140300935089964,2351,0.0,0.0,Healthy,Healthy
vintage union jack memoboard,45402.18,0.22173081903944342,19.362031754129408,530,0.0,0.0,Healthy,Healthy
round snack boxes set of4 woodland,44063.04,0.21519085534147825,19.577222609470887,1388,,,Healthy,Weak
set/4 white retro storage cubes,43844.96,0.21412581712049145,19.79134842659138,328,1.0,0.0,Healthy,Healthy
red woolly hottie white heart.,42994.24,0.2099711522481607,20.001319578839542,1145,0.0,0.0,Healthy,Healthy
small popcorn holder,42699.89,0.2085336339046746,20.209853212744218,1407,,,Healthy,Weak
red  harmonica in box,42664.54,0.20836099495973748,20.418214207703954,1025,1.0,0.0,Healthy,Healthy
gin + tonic diet metal sign,42613.98,0.20811407487328717,20.62632828257724,1609,0.0,0.0,Healthy,Healthy
spotty bunting,42513.48,0.2076232625970162,20.83395154517426,1140,0.0,0.0,Healthy,Healthy
lunch bag cars blue,42270.3,0.2064356433995677,21.040387188573828,2067,0.0,0.0,Healthy,Healthy
doormat union flag,42239.5,0.20628522530892943,21.246672413882756,991,,,Healthy,Weak
wooden picture frame white finish,41837.6,0.20432246457426972,21.450994878457024,2006,0.0,0.0,Healthy,Healthy
charlotte bag suki design,41580.97,0.20306915955477303,21.654064038011796,1403,,,Healthy,Weak
colour glass. star t-light holder,41099.79,0.20071921874784704,21.854783256759642,757,0.0,0.0,Healthy,Healthy
lunch bag red retrospot,41043.02,0.20044197085805696,22.0552252276177,1837,,,Healthy,Weak
jumbo bag owls,40667.05,0.1986058445743794,22.25383107219208,1314,0.0,0.0,Healthy,Healthy
picnic basket wicker 60 pieces,39619.5,0.19348992019619385,22.447320992388274,2,,,At Risk,At Risk
cream sweetheart mini chest,38599.979999999996,0.18851088604789756,22.63583187843617,929,0.0,0.0,Healthy,Healthy
lunch bag woodland,38506.74,0.18805552946441992,22.823887407900592,1926,0.0,0.0,Healthy,Healthy
doormat hearts,38428.12,0.18767157263695305,23.011558980537547,1033,0.0,0.0,Healthy,Healthy
jam making set with jars,38380.11,0.18743710599631852,23.198996086533867,1159,0.0,0.0,Healthy,Healthy
cook with wine metal sign,38138.86,0.1862589123480561,23.385254998881923,1425,0.0,0.0,Healthy,Healthy
doormat keep calm and come in,38133.64,0.18623341941191549,23.57148841829384,728,0.0,0.0,Healthy,Healthy
set of 3 cake tins pantry design,38108.89,0.1861125477319383,23.757600966025777,1385,0.0,0.0,Healthy,Healthy
spaceboy lunch box,37955.5,0.18536343633833427,23.94296440236411,1368,0.0,0.0,Healthy,Healthy
roses regency teacup and saucer,37682.8,0.18403165019167667,24.12699605255579,1410,0.0,0.0,Healthy,Healthy
jumbo bag woodland animals,37499.37,0.18313583232265793,24.310131884878448,1415,0.0,0.0,Healthy,Healthy
alarm clock bakelike red,36543.77,0.17846896454947844,24.488600849427925,1363,0.0,0.0,Healthy,Healthy
round snack boxes set of 4 fruits,35922.51,0.17543491445240286,24.664035763880328,1154,,,Healthy,Weak
doormat red retrospot,35198.96,0.17190131024846397,24.835937074128793,900,,,Healthy,Weak
love building block word,34836.020000000004,0.17012881863105322,25.006065892759846,1696,0.0,0.0,Healthy,Healthy
recycling bag retrospot,34640.84,0.1691756172371968,25.175241509997043,1570,0.0,0.0,Healthy,Healthy
popcorn holder,34288.67,0.167455723114467,25.34269723311151,803,,,Healthy,Weak
doormat fairy cake,34191.53,0.16698132008444747,25.509678553195958,597,,,Healthy,Weak
recipe box pantry yellow design,33682.62,0.16449595415890464,25.674174507354863,1657,0.0,0.0,Healthy,Healthy
doormat fancy font home sweet home,33466.26,0.16343931590921326,25.837613823264075,713,,,Healthy,Weak
dolly girl lunch box,33380.83,0.1630221010558617,26.000635924319937,1333,0.0,0.0,Healthy,Healthy
doormat new england,33203.79,0.16215749005694619,26.162793414376882,818,,,Healthy,Weak
lunch bag spaceboy design,33049.37,0.16140334844797344,26.324196762824855,2108,,,Healthy,Weak
assorted colours silk fan,32967.03,0.16100122424072813,26.485197987065582,991,0.0,0.0,Healthy,Healthy
alarm clock bakelike green,32609.32,0.1592542743965004,26.64445226146208,1273,0.0,0.0,Healthy,Healthy
jumbo bag spaceboy design,32433.5,0.1583956215167595,26.802847882978842,1248,0.0,0.0,Healthy,Healthy
wood s/3 cabinet ant white finish,31594.39,0.15429765645067262,26.957145539429515,1072,0.0,0.0,Healthy,Healthy
retrospot tea set ceramic 11 pc,31527.12,0.1539691296663468,27.111114669095862,1321,,,Healthy,Weak
6 ribbons rustic charm,31513.11,0.15390070896992336,27.265015378065787,1751,0.0,0.0,Healthy,Healthy
hand over the chocolate   sign,31483.7,0.15375707922818077,27.41877245729397,1460,0.0,0.0,Healthy,Healthy
hand warmer owl design,31416.04,0.15342664779920073,27.57219910509317,1212,0.0,0.0,Healthy,Healthy
set of 3 regency cake tins,31118.550000000003,0.15197379462439628,27.724172899717566,873,0.0,0.0,Healthy,Healthy
white skull hot water bottle,31079.8,0.15178455108503805,27.875957450802602,930,0.0,0.0,Healthy,Healthy
jumbo bag apples,30450.690000000002,0.14871216390966666,28.02466961471227,978,0.0,0.0,Healthy,Healthy
picnic basket wicker large,30339.36,0.14816846111646023,28.17283807582873,762,32.0,0.0,Healthy,At Risk
lunch bag red spotty,30063.27,0.14682011921242388,28.319658195041153,1219,0.0,0.0,Healthy,Healthy
edwardian parasol red,30020.97,0.14661353852300835,28.466271733564163,715,0.0,0.0,Healthy,Healthy
green regency teacup and saucer,29952.550000000003,0.14627939547880478,28.612551129042966,1340,0.0,0.0,Healthy,Healthy
antique silver tea glass etched,29828.78,0.14567493940483403,28.7582260684478,1080,0.0,0.0,Healthy,Healthy
lunch box i love london,29561.86,0.1443713810686923,28.90259744951649,1074,,,Healthy,Weak
knitted union flag hot water bottle,29533.87,0.14423468618697266,29.046832135703465,1009,0.0,0.0,Healthy,Healthy
pink happy birthday bunting,29504.36,0.14409056807480594,29.19092270377827,882,0.0,0.0,Healthy,Healthy
pink happy birthday bunting,29504.36,0.14409056807480594,29.19092270377827,882,26.0,0.0,Healthy,Healthy
set/5 red spotty lid glass bowls,29468.52,0.1439155361147905,29.33483823989306,883,0.0,0.0,Healthy,Healthy
box of vintage alphabet blocks,29450.11,0.14382562711970442,29.478663867012763,571,0.0,0.0,Healthy,Healthy
3 hearts hanging decoration rustic,29198.280000000002,0.14259576388056697,29.62125963089333,718,0.0,0.0,Healthy,Healthy
wood 2 drawer cabinet white finish,29003.370000000003,0.1416438810868558,29.762903511980188,1123,1.0,0.0,Healthy,Healthy
jumbo bag scandinavian paisley,28962.829999999998,0.14144589571690527,29.904349407697094,880,0.0,0.0,Healthy,Healthy
hot water bottle keep calm,28718.8,0.14025412537085152,30.044603533067946,782,0.0,0.0,Healthy,Healthy
pink blue felt craft trinket box,28580.97,0.1395810044152453,30.18418453748319,1148,0.0,0.0,Healthy,Healthy
hanging heart jar t-light holder,28475.96,0.13906816663284513,30.323252704116037,1425,0.0,0.0,Healthy,Healthy
hand warmer scotty dog design,28266.870000000003,0.13804703291298948,30.461299737029027,1083,0.0,0.0,Healthy,Healthy
set 7 babushka nesting boxes,28139.45,0.13742475131853726,30.598724488347564,692,0.0,0.0,Healthy,Healthy
black heart card holder,28112.030000000002,0.13729084014823528,30.7360153284958,566,0.0,0.0,Healthy,Healthy
pack of 60 pink paisley cake cases,28081.73,0.13714286390971775,30.873158192405516,1993,0.0,0.0,Healthy,Healthy
gumball coat rack,28059.480000000003,0.13703420149034434,31.01019239389586,1095,0.0,0.0,Healthy,Healthy
hot baths metal sign,27981.99,0.13665576324867032,31.14684815714453,1176,0.0,0.0,Healthy,Healthy
jumbo bag alphabet,27850.83,0.1360152166003549,31.282863373744885,906,0.0,0.0,Healthy,Healthy
pack of 72 retrospot cake cases,27770.72,0.13562398305356815,31.41848735679845,1708,,,Healthy,Weak
woodland charlotte bag,27598.42,0.13478252081275732,31.553269877611207,1573,0.0,0.0,Healthy,Healthy
tea time party bunting,27564.75,0.13461808649094598,31.687887964102153,874,4.0,0.0,Healthy,Healthy
tea time party bunting,27564.75,0.13461808649094598,31.687887964102153,874,30.0,0.0,Healthy,Healthy
jumbo storage bag skulls,27368.08,0.13365760837776977,31.821545572479923,1321,0.0,0.0,Healthy,Healthy
ivory kitchen scales,27282.73,0.13324078422075755,31.95478635670068,1219,0.0,0.0,Healthy,Healthy
grand chocolatecandle,27239.46,0.13302946633822774,32.08781582303891,920,0.0,0.0,Healthy,Healthy
hot water bottle i am so poorly,27082.84,0.13226458057992366,32.22008040361883,1011,0.0,0.0,Healthy,Healthy
mini paint set vintage,27056.19,0.13213442986188764,32.352214833480716,714,0.0,0.0,Healthy,Healthy
60 teatime fairy cake cases,27041.21,0.13206127197234993,32.48427610545306,2127,0.0,0.0,Healthy,Healthy
jam making set printed,26888.43,0.13131513963833324,32.615591245091395,1200,0.0,0.0,Healthy,Healthy
set of 6 ribbons vintage christmas,26763.75,0.13070623939350276,32.7462974844849,756,0.0,0.0,Healthy,Healthy
jumbo bag pink with white spots,26242.66,0.1281613899502984,32.8744588744352,802,0.0,0.0,Healthy,Healthy
feltcraft 6 flower friends,26218.97,0.12804569499681723,33.00250456943201,1382,28.0,0.0,Healthy,Healthy
hand warmer bird design,26117.63,0.1275507804089834,33.130055349840994,1054,0.0,0.0,Healthy,Healthy
plasters in tin spaceboy,25912.87,0.12655079312849343,33.25660614296949,1299,0.0,0.0,Healthy,Healthy
jumbo bag toys,25719.13,0.1256046242687448,33.382210767238234,1052,7.0,0.0,Healthy,Healthy
fawn blue hot water bottle,25613.45,0.12508851440450286,33.50729928164274,1050,0.0,0.0,Healthy,Healthy
memo board retrospot  design,25603.46,0.12503972619913026,33.632339007841864,900,0.0,0.0,Healthy,Healthy
paper bunting retrospot,25497.960000000003,0.12452449540165178,33.756863503243515,920,,,Healthy,Weak
tea time cake stand in gift box,25428.33,0.124184443075316,33.88104794631883,522,495.0,1.0,Churned,Churned
retrospot heart hot water bottle,25408.010000000002,0.12408520620512867,34.00513315252396,930,,,Healthy,Weak
fairy cake flannel assorted colour,25407.27,0.12408159226398996,34.12921474478795,613,0.0,0.0,Healthy,Healthy
paper bunting white lace,25389.100000000002,0.12399285535792187,34.25320760014587,847,0.0,0.0,Healthy,Healthy
colour glass t-light holder hanging,25205.13,0.12309440028861272,34.376302000434485,1259,0.0,0.0,Healthy,Healthy
paper chain kit empire,25163.56,0.12289138470329347,34.49919338513778,811,0.0,0.0,Healthy,Healthy
jumbo bag red white spotty,25043.62,0.12230563321656768,34.62149901835435,534,0.0,0.0,Healthy,Healthy
red retrospot charlotte bag,24958.77,0.12189125091167624,34.74339026926602,1255,,,Healthy,Weak
paper bunting retro spots,24933.940000000002,0.12176998853535975,34.865160257801385,783,1.0,0.0,Healthy,Healthy
regency teapot roses,24879.13,0.12150231270588302,34.98666257050727,416,0.0,0.0,Healthy,Healthy
pink cream felt craft trinket box,24785.31,0.1210441235739453,35.107706694081216,1397,0.0,0.0,Healthy,Healthy
door mat union flag,24770.81,0.12097330986244349,35.22868000394366,673,0.0,0.0,Healthy,Healthy
small glass heart trinket pot,24641.390000000003,0.1203412608595083,35.34902126480317,1066,0.0,0.0,Healthy,Healthy
jumbo bag vintage doily,24489.08,0.11959742386648511,35.46861868866966,711,,,Healthy,Weak
set of 6 spice tins pantry design,24459.960000000003,0.11945521039897257,35.58807389906863,835,0.0,0.0,Healthy,Healthy
world war 2 gliders asstd designs,24445.61,0.11938512924310701,35.70745902831174,1019,0.0,0.0,Healthy,Healthy
hanging jam jar t-light holder,24440.74,0.11936134560345091,35.82682037391519,925,0.0,0.0,Healthy,Healthy
zinc metal heart decoration,24289.33,0.11862190394424507,35.945442277859435,1408,0.0,0.0,Healthy,Healthy
alarm clock bakelike pink,24257.31,0.11846552773443216,36.063907805593864,969,0.0,0.0,Healthy,Healthy
blue happy birthday bunting,24185.030000000002,0.11811253359185639,36.18202033918572,690,2.0,0.0,Healthy,Healthy
blue happy birthday bunting,24185.030000000002,0.11811253359185639,36.18202033918572,690,520.0,1.0,Churned,Churned
sweetheart ceramic trinket box,24128.86,0.11783821592461122,36.29985855511033,1482,0.0,0.0,Healthy,Healthy
pack of 72 retro spot cake cases,24054.43,0.11747472181791621,36.41733327692825,1410,0.0,0.0,Healthy,Healthy
pink regency teacup and saucer,23990.620000000003,0.11716309265026596,36.53449636957851,1024,0.0,0.0,Healthy,Healthy
lunch bag suki  design,23893.29,0.11668776171644055,36.651184131294954,1279,,,Healthy,Weak
jumbo bag 50's christmas,23772.07,0.11609575908828565,36.76727989038324,716,0.0,0.0,Healthy,Healthy
3 hook photo shelf antique white,23709.46,0.11578999036572521,36.88306988074897,661,0.0,0.0,Healthy,Healthy
vintage snap cards,23506.17,0.11479718213047022,36.99786706287944,1888,0.0,0.0,Healthy,Healthy
set of tea coffee sugar tins pantry,23489.42,0.11471538008442507,37.11258244296387,470,0.0,0.0,Healthy,Healthy
wooden croquet garden set,23426.82,0.11440966019890704,37.22699210316278,642,0.0,0.0,Healthy,Healthy
no singing metal sign,23096.77,0.11279779361399926,37.33978989677678,1152,0.0,0.0,Healthy,Healthy
cream cupid hearts coat hanger,23093.95,0.11278402156803824,37.45257391834482,843,3.0,0.0,Healthy,Healthy
cream cupid hearts coat hanger,23093.95,0.11278402156803824,37.45257391834482,843,716.0,1.0,Churned,Churned
set/5 red retrospot lid glass bowls,23040.04,0.11252074107237886,37.5650946594172,1147,,,Healthy,Weak
red kitchen scales,22911.55,0.11189323391438823,37.676987893331585,950,0.0,0.0,Healthy,Healthy
wooden rounders garden set,22906.54,0.11186876655613831,37.78885665988772,744,0.0,0.0,Healthy,Healthy
vintage heads and tails card game,22858.600000000002,0.1116346417748007,37.90049130166252,1313,0.0,0.0,Healthy,Healthy
plasters in tin woodland animals,22853.72,0.11161080929810217,38.01210211096062,1275,0.0,0.0,Healthy,Healthy
hanging heart zinc t-light holder,22578.3,0.11026573947590765,38.122367850436525,1523,0.0,0.0,Healthy,Healthy
hanging heart zinc t-light holder,22578.3,0.11026573947590765,38.122367850436525,1523,0.0,0.0,Healthy,Healthy
plasters in tin circus parade,22334.08,0.10907304122604801,38.23144089166257,1196,0.0,0.0,Healthy,Healthy
ceramic cake stand + hanging cakes,22333.3,0.10906923193673963,38.34051012359931,477,1.0,0.0,Healthy,Healthy
assorted colour mini cases,22097.61,0.10791819168406,38.448428315283365,766,0.0,0.0,Healthy,Healthy
grey heart hot water bottle,22025.93,0.10756812776402912,38.55599644304739,996,0.0,0.0,Healthy,Healthy
pack of 6 birdy gift tags,21977.3,0.10733063322676487,38.66332707627416,1084,0.0,0.0,Healthy,Healthy
wooden union jack bunting,21826.52,0.10659426830123117,38.76992134457539,774,2.0,0.0,Healthy,Healthy
jumbo bag vintage leaf,21810.43,0.1065156894999854,38.87643703407537,879,0.0,0.0,Healthy,Healthy
christmas lights 10 reindeer,21727.58,0.10611107460357697,38.98254810867895,483,0.0,0.0,Healthy,Healthy
natural slate chalkboard large,21583.2,0.10540596538518889,39.087954074064136,835,0.0,0.0,Healthy,Healthy
homemade jam scented candles,21501.989999999998,0.10500935976373647,39.19296343382787,709,0.0,0.0,Healthy,Healthy
doormat spotty home sweet home,21414.04,0.10457983797569638,39.29754327180357,744,,,Healthy,Weak
pack of 72 skull cake cases,21390.76,0.1044661453409542,39.40200941714453,1481,0.0,0.0,Healthy,Healthy
victorian sewing box large,21386.559999999998,0.1044456337831399,39.50645505092767,526,0.0,0.0,Healthy,Healthy
doormat english rose,21326.3,0.10415134176554697,39.610606392693214,526,,,Healthy,Weak
retro spot tea set ceramic 11 pc,21301.04,0.10402797939640665,39.71463437208962,771,0.0,0.0,Healthy,Healthy
picnic basket wicker small,21260.8,0.1038314591377286,39.81846583122735,922,74.0,1.0,Churned,Churned
15cm christmas glass ball 20 lights,21201.13,0.10354004850563817,39.922005879732986,517,0.0,0.0,Healthy,Healthy
paper chain kit retro spot,21151.79,0.10329908653836245,40.02530496627135,591,0.0,0.0,Healthy,Healthy
feltcraft cushion rabbit,20901.1,0.10207479072206027,40.127379756993406,807,20.0,0.0,Healthy,Healthy
enamel bread bin cream,20886.89,0.10200539328478853,40.2293851502782,739,0.0,0.0,Healthy,Healthy
lunch bag apple design,20852.58,0.1018378333922626,40.33122298367046,1036,0.0,0.0,Healthy,Healthy
red spotty biscuit tin,20800.31,0.10158256217155928,40.432805545842015,897,0.0,0.0,Healthy,Healthy
heart filigree dove  small,20629.38,0.1007477906055593,40.533553336447575,861,0.0,0.0,Healthy,Healthy
baking set spaceboy design,20546.99,0.10034542221310196,40.63389875866068,942,0.0,0.0,Healthy,Healthy
grow a flytrap or sunflower in tin,20469.08,0.09996493281564653,40.73386369147632,350,0.0,0.0,Healthy,Healthy
amazon fee,20467.8,0.09995868167421738,40.83382237315054,3,256.0,1.0,Churned,Churned
strawberry charlotte bag,20401.05,0.09963269441609712,40.93345506756663,1379,0.0,0.0,Healthy,Healthy
feltcraft cushion owl,20244.97,0.09887044585808347,41.032325513424716,875,1.0,0.0,Healthy,Healthy
ladies & gentlemen metal sign,20237.72,0.09883503900233259,41.13116055242705,1110,0.0,0.0,Healthy,Healthy
doormat welcome puppies,20209.4,0.09869673249821326,41.22985728492526,428,,,Healthy,Weak
feltcraft doll molly,20150.99,0.0984114753334671,41.32826876025872,810,0.0,0.0,Healthy,Healthy
feltcraft cushion butterfly,20104.43,0.09818409006398275,41.426452850322704,784,45.0,0.0,Healthy,At Risk
vintage union jack cushion cover,19936.94,0.09736611844057357,41.52381896876328,626,1.0,0.0,Healthy,Healthy
set 2 tea towels i love london,19834.04,0.096863585274123,41.6206825540374,723,0.0,0.0,Healthy,Healthy
metal sign take it or leave it,19728.24,0.09634688936537208,41.71702944340277,881,0.0,0.0,Healthy,Healthy
pottering in the shed metal sign,19593.81,0.09569037300418695,41.81271981640696,1135,0.0,0.0,Healthy,Healthy
red retrospot picnic bag,19576.72,0.09560691049869968,41.90832672690566,935,,,Healthy,Weak
wooden school colouring set,19524.27,0.09535076021123289,42.003677487116896,904,0.0,0.0,Healthy,Healthy
clothes pegs retrospot pack 24,19513.17,0.09529655109415221,42.09897403821105,1202,0.0,0.0,Healthy,Healthy
family album white picture frame,19507.6,0.09526934886152705,42.194243387072575,701,0.0,0.0,Healthy,Healthy
lunch bag pink polkadot,19500.66,0.09523545595409103,42.289478843026664,1281,,,Healthy,Weak
antique silver t-light glass,19381.62,0.0946540998011826,42.38413294282785,689,,,Healthy,Weak
enamel flower jug cream,19273.280000000002,0.09412499928365828,42.478257942111505,798,10.0,0.0,Healthy,Healthy
paper chain kit retrospot,19261.030000000002,0.09406517390669988,42.572323116018204,810,,,Healthy,Weak
classic metal birdcage plant holder,19194.13,0.09373845409294339,42.66606157011115,419,1.0,0.0,Healthy,Healthy
chocolate this way metal sign,19125.980000000003,0.09340562964888502,42.75946719976003,974,0.0,0.0,Healthy,Healthy
large cake stand  hanging strawbery,19121.37,0.09338311577233167,42.852850315532365,520,0.0,0.0,Healthy,Healthy
silver hanging t-light holder,19015.8,0.0928675431155563,42.945717858647924,693,0.0,0.0,Healthy,Healthy
antique silver tea glass engraved,18744.170000000002,0.09154098253243709,43.03725884118036,680,0.0,0.0,Healthy,Healthy
lunch bag suki design,18699.43,0.09132248560467227,43.12858132678503,1084,,,Healthy,Weak
"record frame 7"" single size",18650.87,0.09108533292670491,43.219666659711734,555,0.0,0.0,Healthy,Healthy
white metal lantern,18525.22,0.09047169548876019,43.31013835520049,701,0.0,0.0,Healthy,Healthy
plasters in tin strongman,18323.32,0.0894856756024009,43.3996240308029,956,0.0,0.0,Healthy,Healthy
chick grey hot water bottle,18171.14,0.0887424734909291,43.48836650429383,864,0.0,0.0,Healthy,Healthy
white cherry lights,18048.72,0.08814461041768441,43.576511114711515,349,449.0,1.0,Churned,Churned
set/3 red gingham rose storage box,18044.97,0.08812629652677878,43.664637411238296,814,0.0,0.0,Healthy,Healthy
memo board cottage design,18034.63,0.08807579902492166,43.75271321026322,744,0.0,0.0,Healthy,Healthy
feltcraft butterfly hearts,17893.579999999998,0.08738695254165776,43.84010016280487,1132,8.0,0.0,Healthy,Healthy
traditional modelling clay,17861.71,0.0872313088874811,43.927331471692355,742,0.0,0.0,Healthy,Healthy
multi colour silver t-light holder,17746.71,0.08666968289970835,44.014001154592066,653,0.0,0.0,Healthy,Healthy
blue harmonica in box,17725.36,0.08656541581415228,44.100566570406215,963,0.0,0.0,Healthy,Healthy
heart ivory trellis small,17702.62,0.08645436037970052,44.18702093078591,969,1.0,0.0,Healthy,Healthy
bread bin diner style ivory,17669.989999999998,0.0862950051103003,44.273315935896214,472,,,Healthy,Weak
single heart zinc t-light holder,17664.18,0.08626663078865718,44.35958256668487,1145,0.0,0.0,Healthy,Healthy
single heart zinc t-light holder,17664.18,0.08626663078865718,44.35958256668487,1145,2.0,0.0,Healthy,Healthy
hand warmer union jack,17576.670000000002,0.08583925783048334,44.44542182451536,858,0.0,0.0,Healthy,Healthy
english rose design quilted throw,17477.66,0.0853557222735322,44.53077754678889,83,500.0,1.0,Churned,Churned
painted metal pears assorted,17451.45,0.08522772038536243,44.61600526717425,739,0.0,0.0,Healthy,Healthy
plasters in tin vintage paisley,17401.3,0.0849828026176511,44.700988069791904,1126,0.0,0.0,Healthy,Healthy
jumbo bag doiley patterns,17268.69,0.0843351745981855,44.78532324439009,514,0.0,0.0,Healthy,Healthy
72 sweetheart fairy cake cases,17259.85,0.08429200265269061,44.86961524704278,1460,0.0,0.0,Healthy,Healthy
jumbo bag scandinavian blue paisley,17239.69,0.08419354717518193,44.95380879421796,662,,,Healthy,Weak
wooden box of dominoes,17095.66,0.08349014725327839,45.03729894147124,1123,0.0,0.0,Healthy,Healthy
red retrospot traditional teapot,17030.56,0.08317221810715661,45.1204711595784,570,,,Healthy,Weak
deluxe sewing kit,16971.27,0.08288266328267795,45.203353822861075,597,0.0,0.0,Healthy,Healthy
doormat black flock,16937.68,0.08271861965720588,45.28607244251828,345,,,Healthy,Weak
strawberry lunch box with cutlery,16891.44,0.08249279717307881,45.368565239691364,1038,,,Healthy,Weak
childrens cutlery polkadot pink,16865.97,0.08236840922604777,45.45093364891741,423,,,Healthy,Weak
travel sewing kit,16794.05,0.08201717321699892,45.53295082213441,830,23.0,0.0,Healthy,Healthy
60 cake cases vintage christmas,16770.31,0.08190123407830567,45.61485205621272,1039,,,Healthy,Weak
home sweet home metal sign,16626.41,0.08119846903795351,45.69605052525067,721,0.0,0.0,Healthy,Healthy
set of 4 pantry jelly moulds,16478.48,0.0804760226695081,45.77652654792018,1073,0.0,0.0,Healthy,Healthy
vintage cream 3 basket cake stand,16409.02,0.08013680057289337,45.85666334849307,494,0.0,0.0,Healthy,Healthy
white wood garden plant ladder,16373.699999999999,0.07996430813908349,45.936627656632155,898,1.0,0.0,Healthy,Healthy
retro spot cake stand,16354.009999999998,0.07986814800256832,46.01649580463472,340,0.0,0.0,Healthy,Healthy
gardeners kneeling pad keep calm,16327.35,0.07973794844748988,46.09623375308221,913,0.0,0.0,Healthy,Healthy
set of 3 coloured  flying ducks,16218.1,0.07920440375910577,46.17543815684132,380,276.0,1.0,Churned,Churned
set of 3 coloured  flying ducks,16218.1,0.07920440375910577,46.17543815684132,380,391.0,1.0,Churned,Churned
lunch bag dolly girl design,16213.61,0.07918247592706144,46.25462063276838,994,0.0,0.0,Healthy,Healthy
heart ivory trellis large,16027.56,0.07827386275292995,46.33289449552131,833,1.0,0.0,Healthy,Healthy
doormat welcome to our home,15965.95,0.07797297773461102,46.41086747325592,606,0.0,0.0,Healthy,Healthy
home sweet home mug,15954.75,0.07791828024710619,46.488785753503024,755,0.0,0.0,Healthy,Healthy
childs breakfast set spaceboy,15946.55,0.07787823387232587,46.56666398737535,499,0.0,0.0,Healthy,Healthy
door mat red spot,15889.75,0.07760083947140854,46.64426482684676,412,,,Healthy,Weak
set of 3 notebooks in parcel,15866.56,0.07748758637004811,46.721752413216805,795,9.0,0.0,Healthy,Healthy
hot water bottle babushka,15837.18,0.07734410313943278,46.79909651635624,436,74.0,1.0,Churned,Churned
doormat home sweet home blue,15836.35,0.07734004966491234,46.87643656602115,437,0.0,0.0,Healthy,Healthy
vintage christmas bunting,15798.66,0.07715598285205012,46.953592548873196,401,0.0,0.0,Healthy,Healthy
childs breakfast set dolly girl,15795.01,0.07713815733156865,47.030730706204764,485,1.0,0.0,Healthy,Healthy
red retrospot umbrella,15791.12,0.0771191597220692,47.10784986592683,514,,,Healthy,Weak
pink 3 piece mini dots cutlery set,15767.15,0.07700209733140038,47.18485196325823,448,0.0,0.0,Healthy,Healthy
pink 3 piece mini dots cutlery set,15767.15,0.07700209733140038,47.18485196325823,448,0.0,0.0,Healthy,Healthy
set of 20 kids cookie cutters,15753.18,0.0769338719831466,47.261785835241376,796,0.0,0.0,Healthy,Healthy
red 3 piece mini dots cutlery set,15738.53,0.0768623257160086,47.33864816095738,500,0.0,0.0,Healthy,Healthy
red 3 piece mini dots cutlery set,15738.53,0.0768623257160086,47.33864816095738,500,0.0,0.0,Healthy,Healthy
hand warmer red retrospot,15664.130000000001,0.07649897812044085,47.415147139077824,733,,,Healthy,Weak
red diner wall clock,15658.98,0.07647382704359709,47.491620966121424,616,0.0,0.0,Healthy,Healthy
picture frame wood triple portrait,15645.27,0.0764068714584461,47.56802783757987,575,0.0,0.0,Healthy,Healthy
set of 6 soldier skittles,15620.09,0.07628389978564508,47.64431173736551,708,0.0,0.0,Healthy,Healthy
traditional wooden skipping rope,15547.75,0.07593061262081481,47.72024234998633,835,0.0,0.0,Healthy,Healthy
red/white dots ruffled umbrella,15476.880000000001,0.07558450450121956,47.79582685448755,421,0.0,0.0,Healthy,Healthy
red/white dots ruffled umbrella,15476.880000000001,0.07558450450121956,47.79582685448755,421,1.0,0.0,Healthy,Healthy
doormat 3 smiley cats,15437.73,0.07539330748016476,47.87122016196771,436,,,Healthy,Weak
metal 4 hook hanger french chateau,15411.9,0.07526716139960675,47.94648732336732,997,0.0,0.0,Healthy,Healthy
set of 3 heart cookie cutters,15388.44,0.07515258969810111,48.02163991306542,1248,0.0,0.0,Healthy,Healthy
feltcraft princess charlotte doll,15354.35,0.0749861042205083,48.09662601728593,685,0.0,0.0,Healthy,Healthy
set/6 red spotty paper plates,15334.029999999999,0.07488686735032098,48.17151288463625,984,1.0,0.0,Healthy,Healthy
feltcraft christmas fairy,15282.81,0.07463672401907125,48.24614960865532,586,0.0,0.0,Healthy,Healthy
set of 20 vintage christmas napkins,15275.82,0.07460258692642315,48.32075219558175,1086,0.0,0.0,Healthy,Healthy
pack of 60 dinosaur cake cases,15236.619999999999,0.07441114572015625,48.3951633413019,1303,1.0,0.0,Healthy,Healthy
beware of the cat metal sign,15167.38,0.07407299803847464,48.46923633934038,966,2.0,0.0,Healthy,Healthy
red retrospot round cake tins,15123.2,0.07385723598508509,48.543093575325464,465,,,Healthy,Weak
red retrospot mini cases,15118.47,0.07383413606402278,48.616927711389486,508,,,Healthy,Weak
area patrolled metal sign,15110.980000000001,0.07379755711925393,48.69072526850874,796,0.0,0.0,Healthy,Healthy
zinc folkart sleigh bells,15072.58,0.07361002287638024,48.76433529138512,692,0.0,0.0,Healthy,Healthy
wooden advent calendar cream,15060.57,0.07355136958843982,48.83788666097356,275,0.0,0.0,Healthy,Healthy
wooden skittles garden set,14881.94,0.07267899349978028,48.91056565447334,374,0.0,0.0,Healthy,Healthy
alarm clock bakelike ivory,14867.27,0.07260734955855745,48.9831730040319,746,0.0,0.0,Healthy,Healthy
open closed metal sign,14807.300000000001,0.07231447381519457,49.055487477847095,651,0.0,0.0,Healthy,Healthy
brocade ring purse,14766.42,0.07211482798580196,49.127602305832895,456,0.0,0.0,Healthy,Healthy
set of 2 wooden market crates,14677.84,0.0716822294640897,49.19928453529698,419,0.0,0.0,Healthy,Healthy
vintage snakes & ladders,14651.33,0.07155276246464747,49.27083729776163,828,0.0,0.0,Healthy,Healthy
red spotty round cake tins,14646.039999999999,0.07152692766920993,49.34236422543084,463,0.0,0.0,Healthy,Healthy
wooden happy birthday garland,14593.320000000002,0.07126945878159795,49.41363368421244,651,7.0,0.0,Healthy,Healthy
pink heart shape egg frying pan,14525.0,0.07093580410781851,49.48456948832026,715,38.0,0.0,Healthy,At Risk
3 stripey mice feltcraft,14486.55,0.07074802567973275,49.555317513999995,938,0.0,0.0,Healthy,Healthy
blue 3 piece mini dots cutlery set,14464.380000000001,0.07063975395669865,49.62595726795669,478,0.0,0.0,Healthy,Healthy
blue 3 piece mini dots cutlery set,14464.380000000001,0.07063975395669865,49.62595726795669,478,0.0,0.0,Healthy,Healthy
white spot red ceramic drawer knob,14411.13,0.07037969670583866,49.69633696466253,815,0.0,0.0,Healthy,Healthy
lunch bag pink retrospot,14391.72,0.0702849040065111,49.76662186866904,810,,,Healthy,Weak
lunch box with cutlery retrospot,14348.82,0.07007539309455066,49.83669726176359,886,,,Healthy,Weak
kensington coffee set,14266.98,0.06967571073942612,49.906372972503014,183,10.0,0.0,At Risk,At Risk
you're confusing me metal sign,14262.61,0.06965436895189077,49.9760273414549,772,0.0,0.0,Healthy,Healthy
doormat union jack guns and roses,14236.9,0.06952880891584175,50.04555615037074,401,,,Healthy,Weak
jumbo bag pears,14188.960000000001,0.06929468413450414,50.11485083450525,595,0.0,0.0,Healthy,Healthy
set of 3 butterfly cookie cutters,14076.34,0.06874468136282616,50.18359551586807,1114,0.0,0.0,Healthy,Healthy
mint kitchen scales,14016.8,0.06845390561228712,50.25204942148036,653,0.0,0.0,Healthy,Healthy
wooden box advent calendar,13999.1,0.06836746404721254,50.32041688552757,419,15.0,0.0,Healthy,Healthy
jumbo bag vintage christmas,13972.710000000001,0.0682385830922793,50.38865546861985,476,0.0,0.0,Healthy,Healthy
victorian sewing box medium,13968.48,0.06821792502333775,50.45687339364319,532,0.0,0.0,Healthy,Healthy
cake stand 3 tier magic garden,13965.519999999999,0.06820346925878289,50.525076862901976,421,15.0,0.0,Healthy,Healthy
feltcraft doll rosie,13921.730000000001,0.06798961185004752,50.59306647475202,787,14.0,0.0,Healthy,Healthy
red stripe ceramic drawer knob,13912.17,0.06794292363749875,50.66100939838952,825,0.0,0.0,Healthy,Healthy
doormat airmail,13875.59,0.06776427773634461,50.72877367612586,429,0.0,0.0,Healthy,Healthy
heart filigree dove large,13873.54,0.06775426614264954,50.79652794226851,706,0.0,0.0,Healthy,Healthy
bingo set,13862.17,0.06769873842542365,50.86422668069393,825,4.0,0.0,Healthy,Healthy
grow your own plant in a can,13856.6,0.06767153619279848,50.93189821688673,453,204.0,1.0,Churned,Churned
victorian sewing box small,13843.92,0.06760961082301624,50.99950782770975,655,0.0,0.0,Healthy,Healthy
blue stripe ceramic drawer knob,13839.18,0.06758646206491152,51.06709428977466,805,0.0,0.0,Healthy,Healthy
pink cherry lights,13787.93,0.06733617222253453,51.13443046199719,265,331.0,1.0,Churned,Churned
traditional knitting nancy,13784.32,0.06731854205022271,51.201749004047414,875,0.0,0.0,Healthy,Healthy
sweetheart cakestand 3 tier,13753.38,0.06716744024099064,51.26891644428841,526,0.0,0.0,Healthy,Healthy
full english breakfast plate,13750.11,0.06715147052812093,51.33606791481653,642,0.0,0.0,Healthy,Healthy
tea time tea towels,13714.66,0.06697834321275967,51.40304625802929,453,234.0,1.0,Churned,Churned
tea time tea towels,13714.66,0.06697834321275967,51.40304625802929,453,493.0,1.0,Churned,Churned
doughnut lip gloss,13695.77,0.0668860900396377,51.46993234806893,344,0.0,0.0,Healthy,Healthy
ivory diner wall clock,13689.85,0.066857178510528,51.53678952657946,500,,,Healthy,Weak
save the planet mug,13654.89,0.06668644421024508,51.60347597078971,779,0.0,0.0,Healthy,Healthy
doormat multicolour stripe,13634.35,0.06658613292512464,51.670062103714834,257,,,Healthy,Weak
filigris heart with butterfly,13552.97,0.06618869707395118,51.73625080078879,588,1.0,0.0,Healthy,Healthy
childs breakfast set circus parade,13437.03,0.06562248040419144,51.80187328119298,489,0.0,0.0,Healthy,Healthy
carriage,13426.0,0.06556861314640766,51.86744189433939,267,4.0,0.0,Healthy,Healthy
love hot water bottle,13334.32,0.06512087514154674,51.93256276948094,476,0.0,0.0,Healthy,Healthy
lunch bag alphabet design,13325.55,0.06507804505534877,51.99764081453629,740,0.0,0.0,Healthy,Healthy
frying pan union flag,13298.57,0.06494628271491304,52.0625870972512,480,0.0,0.0,Healthy,Healthy
set of 10 led dolly lights,13290.52,0.06490696889576895,52.12749406614697,372,0.0,0.0,Healthy,Healthy
white spot blue ceramic drawer knob,13272.39,0.06481842733787052,52.19231249348484,763,0.0,0.0,Healthy,Healthy
set 6 school milk bottles in crate,13269.49,0.06480426459557016,52.257116758080414,405,0.0,0.0,Healthy,Healthy
christmas toilet roll,13263.93,0.06477711119998741,52.3218938692804,596,0.0,0.0,Healthy,Healthy
bag 250g swirly marbles,13235.16,0.06463660702895939,52.38653047630936,568,0.0,0.0,Healthy,Healthy
set/20 red retrospot paper napkins,13231.539999999999,0.06461892801960516,52.451149404328966,1181,,,Healthy,Weak
bread bin diner style red,13213.97,0.06453312133608197,52.51568252566505,344,1.0,0.0,Healthy,Healthy
pink paper parasol,13210.85,0.06451788417884848,52.5802004098439,250,3.0,0.0,Healthy,Healthy
door mat new england,13201.61,0.064472758751657,52.64467316859555,464,0.0,0.0,Healthy,Healthy
charlotte bag pink polkadot,13172.0,0.06432815226906613,52.709001320864616,906,,,Healthy,Weak
large circular mirror mobile,13153.8,0.06423926885187077,52.77324058971649,344,1.0,0.0,Healthy,Healthy
advent calendar gingham sack,13141.08,0.06417714813391888,52.83741773785041,495,0.0,0.0,Healthy,Healthy
suki  shoulder bag,13103.21,0.06399220225429318,52.9014099401047,921,0.0,0.0,Healthy,Healthy
paper bunting coloured lace,13076.880000000001,0.06386361432161444,52.96527355442631,619,156.0,1.0,Churned,Churned
plasters in tin skulls,13013.15,0.0635523758503035,53.02882593027662,1090,0.0,0.0,Healthy,Healthy
hanging metal heart lantern,12985.31,0.06341641352422009,53.09224234380084,784,0.0,0.0,Healthy,Healthy
doormat topiary,12927.53,0.0631342330931461,53.155376576893985,337,,,Healthy,Weak
set of 72 pink heart paper doilies,12913.24,0.06306444495953503,53.21844102185352,1019,1.0,0.0,Healthy,Healthy
pharmacie first aid tin,12879.460000000001,0.06289947343025709,53.28134049528378,424,0.0,0.0,Healthy,Healthy
photo frame cornice,12864.25,0.06282519228874384,53.34416568757252,640,0.0,0.0,Healthy,Healthy
vintage red kitchen cabinet,12845.0,0.06273118098209492,53.40689686855462,53,37.0,0.0,At Risk,At Risk
3 tier cake tin red and cream,12837.46,0.06269435785211398,53.469591226406735,263,0.0,0.0,Healthy,Healthy
edwardian parasol pink,12806.76,0.06254442813189989,53.532135654538635,382,0.0,0.0,Healthy,Healthy
edwardian parasol pink,12806.76,0.06254442813189989,53.532135654538635,382,4.0,0.0,Healthy,Healthy
"set 3 retrospot tea,coffee,sugar",12764.91,0.06234004510939302,53.59447569964803,498,,,Healthy,Weak
pack of 6 pannetone gift boxes,12739.15,0.06221424088813192,53.65668994053616,571,0.0,0.0,Healthy,Healthy
wooden advent calendar red,12704.15,0.06204331123967935,53.71873325177584,209,8.0,0.0,Healthy,Healthy
coffee mug apples design,12701.630000000001,0.06203100430499077,53.78076425608083,540,0.0,0.0,Healthy,Healthy
ceramic strawberry cake money bank,12654.71,0.06180186090197948,53.84256611698281,880,0.0,0.0,Healthy,Healthy
childrens cutlery retrospot red,12604.23,0.061555331511868455,53.90412144849468,317,,,Healthy,Weak
doormat respectable house,12524.1,0.06116400029099689,53.96528544878567,320,0.0,0.0,Healthy,Healthy
black/blue dots ruffled umbrella,12491.17,0.06100317991032422,54.026288628695994,311,3.0,0.0,Healthy,Healthy
black/blue dots ruffled umbrella,12491.17,0.06100317991032422,54.026288628695994,311,10.0,0.0,Healthy,Healthy
pack of 12 london tissues,12460.16,0.06085173624179523,54.08714036493779,825,0.0,0.0,Healthy,Healthy
red retrospot small milk jug,12456.39,0.06083332467680478,54.147973689614595,814,,,Healthy,Weak
sombrero,12450.85,0.06080626895530685,54.2087799585699,127,2.0,0.0,At Risk,At Risk
box of vintage jigsaw blocks,12432.28,0.06071557856754217,54.26949553713744,541,1.0,0.0,Healthy,Healthy
candleholder pink hanging heart,12411.640000000001,0.06061477891199757,54.330110316049435,594,1.0,0.0,Healthy,Healthy
christmas craft little friends,12382.47,0.06047232125927294,54.39058263730871,704,0.0,0.0,Healthy,Healthy
pink fairy cake childrens apron,12377.5,0.06044804924919267,54.45103068655791,823,9.0,0.0,Healthy,Healthy
childrens cutlery polkadot blue,12366.97,0.06039662384352965,54.51142731040144,289,,,Healthy,Weak
regency sugar bowl green,12342.43,0.06027677774144319,54.57170408814288,322,1.0,0.0,Healthy,Healthy
red spot ceramic drawer knob,12339.32,0.06026158942125212,54.63196567756413,727,0.0,0.0,Healthy,Healthy
retrospot childrens apron,12324.05,0.060187015257484384,54.692152692821615,634,,,Healthy,Weak
circus parade lunch box,12239.9,0.05977605154556198,54.75192874436718,662,,,Healthy,Weak
antique lily fairy lights,12234.56,0.05974997256491236,54.81167871693209,292,388.0,1.0,Churned,Churned
ribbon reel stripes design,12192.05,0.0595423662976061,54.8712210832297,957,1.0,0.0,Healthy,Healthy
set/20 red spotty paper napkins,12185.39,0.059509840827357705,54.93073092405706,942,0.0,0.0,Healthy,Healthy
coffee mug cat + bird design,12124.78,0.059213839513280256,54.98994476357034,643,0.0,0.0,Healthy,Healthy
blue diner wall clock,12104.8,0.05911626310253504,55.04906102667288,543,0.0,0.0,Healthy,Healthy
blue spot ceramic drawer knob,12074.4,0.058967798493593376,55.10802882516647,767,0.0,0.0,Healthy,Healthy
red floral feltcraft shoulder bag,12066.52,0.05892931490417034,55.16695814007064,613,0.0,0.0,Healthy,Healthy
strawberry   picnic bag,12038.82,0.058794036296680736,55.22575217636732,657,5.0,0.0,Healthy,Healthy
"assorted flower colour ""leis""",11961.49,0.05841637944768537,55.28416855581501,277,2.0,0.0,Healthy,Healthy
set of 36 teatime paper doilies,11864.15,0.05794099967681755,55.342109555491824,812,3.0,0.0,Healthy,Healthy
alarm clock bakelike orange,11864.0,0.057940267121181326,55.400049822613006,612,4.0,0.0,Healthy,Healthy
natural slate rectangle chalkboard,11788.06,0.05756939862108165,55.45761922123409,808,0.0,0.0,Healthy,Healthy
gardeners kneeling pad cup of tea,11785.99,0.05755928935330174,55.51517851058739,758,0.0,0.0,Healthy,Healthy
set3 book box green gingham flower,11762.93,0.05744667113349271,55.57262518172088,465,2.0,0.0,Healthy,Healthy
red/white dot mini cases,11748.16,0.057374538821845726,55.62999972054273,401,0.0,0.0,Healthy,Healthy
t-light glass fluted antique,11728.69,0.05727945310026368,55.68727917364299,434,0.0,0.0,Healthy,Healthy
tea time kitchen apron,11721.990000000002,0.057246732281845625,55.74452590592484,351,3.0,0.0,Healthy,Healthy
tea time kitchen apron,11721.990000000002,0.057246732281845625,55.74452590592484,351,384.0,1.0,Churned,Churned
feltcraft princess lola doll,11697.6,0.057127618735395375,55.80165352466023,647,0.0,0.0,Healthy,Healthy
christmas lights 10 vintage baubles,11696.64,0.057122930379323526,55.85877645503955,356,0.0,0.0,Healthy,Healthy
red spot heart hot water bottle,11670.66,0.0569960517431293,55.91577250678268,455,0.0,0.0,Healthy,Healthy
place setting white heart,11609.19,0.056695850443404174,55.972468357226084,716,0.0,0.0,Healthy,Healthy
aged glass silver t-light holder,11593.86,0.05662098325738195,56.029089340483466,643,0.0,0.0,Healthy,Healthy
jumbo bag paisley park,11581.83,0.05656223229535667,56.08565157277882,338,0.0,0.0,Healthy,Healthy
first aid tin,11564.43,0.05647725584155453,56.14212882862038,534,0.0,0.0,Healthy,Healthy
doorstop retrospot heart,11561.95,0.05646514425503562,56.198593972875415,697,0.0,0.0,Healthy,Healthy
babushka lights string of 10,11542.6,0.05637064457796254,56.254964617453375,413,1.0,0.0,Healthy,Healthy
door mat fairy cake,11532.31,0.05632039126131748,56.31128500871469,386,0.0,0.0,Healthy,Healthy
piggy bank retrospot,11492.82,0.05612753378082056,56.367412542495515,598,12.0,0.0,Healthy,Healthy
jumbo bag dolly girl design,11465.29,0.05599308540305202,56.42340562789857,688,0.0,0.0,Healthy,Healthy
strawberry fairy cake teapot,11462.58,0.055979850564557544,56.47938547846312,482,4.0,0.0,Healthy,Healthy
party metal sign,11382.16,0.05558710306945594,56.53497258153258,971,0.0,0.0,Healthy,Healthy
childrens apron spaceboy design,11365.8,0.05550720566806496,56.59047978720064,846,,,Healthy,Weak
red gingham rose jewellery box,11342.25,0.0553921944331776,56.64587198163382,997,0.0,0.0,Healthy,Healthy
soldiers egg cup,11238.45,0.05488526593290967,56.70075724756673,446,0.0,0.0,Healthy,Healthy
vintage cream dog food container,11199.64,0.05469572937129697,56.755452976938024,489,0.0,0.0,Healthy,Healthy
union stripe with fringe  hammock,11199.18,0.054693482867345884,56.81014645980537,388,1.0,0.0,Healthy,Healthy
set/6 pink  butterfly t-lights,11184.890000000001,0.054623694733734816,56.8647701545391,499,1.0,0.0,Healthy,Healthy
rose cottage keepsake box,11184.82,0.054623352874437904,56.91939350741354,306,0.0,0.0,Healthy,Healthy
pink party bags,11180.57,0.054602597131411516,56.97399610454495,369,6.0,0.0,Healthy,Healthy
sweetheart recipe book stand,11175.81,0.05457935069922197,57.02857545524417,498,0.0,0.0,Healthy,Healthy
potting shed tea mug,11163.64,0.05451991601860289,57.08309537126278,881,3.0,0.0,Healthy,Healthy
pack of 60 spaceboy cake cases,11159.9,0.05450165096473967,57.13759702222752,1103,1.0,0.0,Healthy,Healthy
two door curio cabinet,11112.85,0.054271872680177,57.19186889490769,262,83.0,1.0,Churned,Churned
regency tea plate roses,11097.25,0.05419568689400957,57.246064581801704,445,0.0,0.0,Healthy,Healthy
4 traditional spinning tops,11073.45,0.05407945473306182,57.30014403653477,841,0.0,0.0,Healthy,Healthy
hand warmer babushka design,11072.83,0.05407642683643209,57.3542204633712,592,0.0,0.0,Healthy,Healthy
family photo frame cornice,11064.72,0.0540368199950335,57.40825728336623,354,0.0,0.0,Healthy,Healthy
large popcorn holder,11063.4,0.054030373505434715,57.462287656871666,554,,,Healthy,Weak
adjust bad debt,11062.06,0.05402382934175111,57.51631148621342,1,118.0,1.0,Churned,Churned
red retrospot peg bag,11060.2,0.054014745651861915,57.57032623186528,605,,,Healthy,Weak
party cone christmas decoration,10991.21,0.053677818896240674,57.62400405076152,424,0.0,0.0,Healthy,Healthy
red retrospot mug,10986.43,0.0536544747899663,57.677658525551486,340,,,Healthy,Weak
wicker star,10958.6,0.05351856130092529,57.73117708685241,858,0.0,0.0,Healthy,Healthy
set of 72 retro spot paper  doilies,10949.4,0.053473631221903475,57.78465071807432,554,0.0,0.0,Healthy,Healthy
glitter butterfly clips,10940.48,0.053430068580069275,57.83808078665439,607,1.0,0.0,Healthy,Healthy
pink baby bunting,10898.05,0.053222853009102344,57.89130363966349,579,1.0,0.0,Healthy,Healthy
recipe box retrospot,10891.7,0.0531918414871688,57.94449548115066,670,,,Healthy,Weak
i'm on holiday metal sign,10866.220000000001,0.05306740470309533,57.99756288585375,771,1.0,0.0,Healthy,Healthy
36 doilies vintage christmas,10823.97,0.05286106819889186,58.05042395405265,342,32.0,0.0,Healthy,At Risk
retro coffee mugs assorted,10821.29,0.05284797987152464,58.10327193392417,492,17.0,0.0,Healthy,Healthy
lunch bag vintage doily,10797.0,0.052729354695498554,58.15600128861967,601,,,Healthy,Weak
set/6 red spotty paper cups,10781.81,0.05265517122807013,58.20865645984774,843,2.0,0.0,Healthy,Healthy
set of 72 retrospot paper  doilies,10777.789999999999,0.052635538737019295,58.26129199858476,607,,,Healthy,Weak
feltcraft doll emily,10770.070000000002,0.0525978365402749,58.31388983512503,656,1.0,0.0,Healthy,Healthy
calendar paper cut design,10755.050000000001,0.05252448330256754,58.3664143184276,463,22.0,0.0,Healthy,Healthy
set/2 red retrospot tea towels,10684.210000000001,0.05217852169409953,58.418592840121704,503,,,Healthy,Weak
camouflage led torch,10681.67,0.05216611708532611,58.47075895720703,444,0.0,0.0,Healthy,Healthy
vintage union jack doorstop,10641.15,0.05196822938946044,58.52272718659649,403,0.0,0.0,Healthy,Healthy
set of 36 paisley flower doilies,10622.15,0.0518754390088719,58.574602625605365,808,1.0,0.0,Healthy,Healthy
pink doughnut trinket pot,10592.66,0.05173141857079001,58.626334044176154,693,0.0,0.0,Healthy,Healthy
door mat spotty home sweet home,10563.06,0.05158686092524154,58.677920905101395,286,,,Healthy,Weak
door mat 3 smiley cats,10532.27,0.051436491671645684,58.72935739677304,284,0.0,0.0,Healthy,Healthy
set 10 lights night owl,10509.880000000001,0.05132714553367846,58.780684542306716,396,0.0,0.0,Healthy,Healthy
lunch bag doiley pattern,10502.19,0.05128958984806131,58.83197413215478,492,0.0,0.0,Healthy,Healthy
coffee mug pears  design,10492.45,0.05124202256874908,58.88321615472353,396,0.0,0.0,Healthy,Healthy
pack 3 boxes christmas pannetone,10485.949999999999,0.051210278491179304,58.9344264332147,438,3.0,0.0,Healthy,Healthy
red 3 piece retrospot cutlery set,10467.880000000001,0.05112202995553538,58.98554846317024,287,,,Healthy,Weak
set/10 red polkadot party candles,10451.93,0.051044134872883416,59.03659259804312,485,,,Healthy,Weak
s/6 wooden skittles in cotton bag,10451.6,0.05104252325048371,59.08763512129361,547,0.0,0.0,Healthy,Healthy
lunch bag vintage leaf design,10441.91,0.050995200156383556,59.138630321449995,668,0.0,0.0,Healthy,Healthy
10 colour spaceboy pen,10397.33,0.05077748462129739,59.189407806071294,585,0.0,0.0,Healthy,Healthy
pack of 12 suki tissues,10395.88,0.05077040325014721,59.24017820932144,718,0.0,0.0,Healthy,Healthy
photo cube,10374.33,0.05066515942374285,59.290843368745186,557,0.0,0.0,Healthy,Healthy
revolver wooden ruler,10373.99,0.05066349896430074,59.341506867709484,348,0.0,0.0,Healthy,Healthy
pink 3 piece polkadot cutlery set,10339.4,0.050494571634587176,59.39200143934407,296,,,Healthy,Weak
alarm clock bakelike chocolate,10324.92,0.05042385559717022,59.44242529494124,549,0.0,0.0,Healthy,Healthy
welcome  wooden block letters,10314.19,0.05037145345065891,59.492796748391896,367,3.0,0.0,Healthy,Healthy
paper bunting vintage paisley,10303.35,0.050318514096681026,59.54311526248858,552,4.0,0.0,Healthy,Healthy
door mat hearts,10298.44,0.05029453510885525,59.59340979759743,316,,,Healthy,Weak
polkadot pen,10293.71,0.05027143518779294,59.64368123278523,275,,,Healthy,Weak
red spotty charlotte bag,10231.44,0.04996732692467461,59.6936485597099,780,0.0,0.0,Healthy,Healthy
toy tidy spaceboy,10217.66,0.0499000294802267,59.74354858919013,688,0.0,0.0,Healthy,Healthy
vintage doily jumbo bag red,10206.41,0.04984508780750981,59.79339367699764,259,0.0,0.0,Healthy,Healthy
poppy's playhouse kitchen,10161.4,0.04962527227959979,59.84301894927724,742,0.0,0.0,Healthy,Healthy
traditional wooden catch cup game,10151.28,0.04957584919267579,59.892594798469915,818,0.0,0.0,Healthy,Healthy
london bus coffee mug,10140.6,0.049523691231376545,59.94211848970129,317,0.0,0.0,Healthy,Healthy
jumbo bag charlie and lola toys,10132.11,0.04948222858236619,59.99160071828366,573,91.0,1.0,Churned,Churned
gingerbread man cookie cutter,10131.26,0.049478077433760925,60.04107879571742,732,0.0,0.0,Healthy,Healthy
ma campagne cutlery box,10125.72,0.049451021712262996,60.09052981742968,363,151.0,1.0,Churned,Churned
enchanted bird coathanger 5 hook,10119.51,0.049420693908923265,60.139950511338604,519,0.0,0.0,Healthy,Healthy
clear drawer knob acrylic edwardian,10117.08,0.04940882650761642,60.18935933784622,511,1.0,0.0,Healthy,Healthy
toy tidy pink polkadot,10090.01,0.049276624633798956,60.23863596248002,589,,,Healthy,Weak
regency tea plate green,10051.99,0.049090946198537044,60.28772690867856,381,0.0,0.0,Healthy,Healthy
bathroom metal sign,10036.79,0.04901671389406621,60.33674362257263,1501,120.0,1.0,Churned,Churned
bathroom metal sign,10036.79,0.04901671389406621,60.33674362257263,1501,0.0,0.0,Healthy,Healthy
set/3 russian doll stacking tins,10030.08,0.048983944238605734,60.385727566811234,385,300.0,1.0,Churned,Churned
set/3 russian doll stacking tins,10030.08,0.048983944238605734,60.385727566811234,385,395.0,1.0,Churned,Churned
english rose hot water bottle,10021.55,0.04894228624142572,60.43466985305266,531,0.0,0.0,Healthy,Healthy
english rose hot water bottle,10021.55,0.04894228624142572,60.43466985305266,531,1.0,0.0,Healthy,Healthy
skull lunch box with cutlery,10014.54,0.04890805147469279,60.48357790452735,703,,,Healthy,Weak
bath building block word,9944.65,0.0485667293852542,60.53214463391261,581,0.0,0.0,Healthy,Healthy
round snack boxes set of 4 skulls,9943.550000000001,0.04856135731058856,60.5807059912232,646,0.0,0.0,Healthy,Healthy
ice cream sundae lip gloss,9935.76,0.04852331325454726,60.62922930447775,277,0.0,0.0,Healthy,Healthy
food container set 3 love heart,9914.89,0.048421390347027096,60.67765069482478,692,1.0,0.0,Healthy,Healthy
white wire egg holder,9894.99,0.04832420463262121,60.7259748994574,375,1.0,0.0,Healthy,Healthy
coffee mug dog + ball design,9891.4,0.04830667213439421,60.77428157159179,526,0.0,0.0,Healthy,Healthy
enamel measuring jug cream,9844.039999999999,0.04807537990151667,60.82235695149331,625,0.0,0.0,Healthy,Healthy
glitter hanging butterfly string,9825.02,0.04798249184684331,60.87033944334016,481,0.0,0.0,Healthy,Healthy
door mat english rose,9816.33,0.047940052456984655,60.918279495797144,325,0.0,0.0,Healthy,Healthy
vinyl record frame silver,9814.74,0.047932287367240665,60.96621178316438,218,1.0,0.0,Healthy,Healthy
vinyl record frame silver,9814.74,0.047932287367240665,60.96621178316438,218,0.0,0.0,Healthy,Healthy
tea time table cloth,9791.67,0.047819620310389215,61.014031403474775,232,254.0,1.0,Churned,Churned
tea time table cloth,9791.67,0.047819620310389215,61.014031403474775,232,317.0,1.0,Churned,Churned
red white scarf  hot water bottle,9784.58,0.047784994847316964,61.061816398322094,359,283.0,1.0,Churned,Churned
ceramic heart fairy cake money bank,9765.529999999999,0.04769196028151634,61.10950835860361,736,0.0,0.0,Healthy,Healthy
poppy's playhouse bedroom,9764.64,0.0476876137847414,61.15719597238835,703,0.0,0.0,Healthy,Healthy
moroccan tea glass,9759.91,0.0476645138636791,61.20486048625203,436,87.0,1.0,Churned,Churned
set of 4 knick knack tins doily,9726.48,0.04750125163088568,61.252361737882914,353,,,Healthy,Weak
black/blue polkadot umbrella,9722.53,0.04748196099913176,61.29984369888204,401,,,Healthy,Weak
picture dominoes,9718.41,0.04746184013765676,61.3473055390197,711,0.0,0.0,Healthy,Healthy
round cake tin vintage red,9602.6,0.046896258349448404,61.39420179736915,392,0.0,0.0,Healthy,Healthy
recipe box blue sketchbook design,9589.84,0.04683394228332684,61.44103573965248,703,14.0,0.0,Healthy,Healthy
regency milk jug pink,9587.15,0.04682080511891719,61.4878565447714,329,0.0,0.0,Healthy,Healthy
traditional christmas ribbons,9566.02,0.046717612448294255,61.534574157219694,718,0.0,0.0,Healthy,Healthy
traditional christmas ribbons,9566.02,0.046717612448294255,61.534574157219694,718,0.0,0.0,Healthy,Healthy
pantry rolling pin,9564.98,0.04671253339588309,61.58128669061558,238,0.0,0.0,Healthy,Healthy
red retrospot jumbo bag,9563.89,0.046707210158259856,61.62799390077384,210,,,Healthy,Weak
toy tidy pink retrospot,9529.53,0.046539406080521845,61.67453330685436,511,0.0,0.0,Healthy,Healthy
washroom metal sign,9527.16,0.04652783170146948,61.721061138555825,794,0.0,0.0,Healthy,Healthy
folkart zinc heart christmas dec,9514.78,0.04646737144295969,61.76752850999878,637,0.0,0.0,Healthy,Healthy
small chinese style scissor,9513.1,0.04645916681983396,61.81398767681862,93,0.0,0.0,At Risk,At Risk
triple photo frame cornice,9478.23,0.04628887205293278,61.86027654887155,295,0.0,0.0,Healthy,Healthy
christmas lights 10 santas,9466.41,0.046231146668798226,61.90650769554035,246,0.0,0.0,Healthy,Healthy
red retrospot butter dish,9408.77,0.04594964995631804,61.95245734549667,536,,,Healthy,Weak
boys vintage tin seaside bucket,9397.07,0.045892510616692465,61.998349856113364,496,0.0,0.0,Healthy,Healthy
pink floral feltcraft shoulder bag,9387.29,0.04584474798921058,62.04419460410257,574,0.0,0.0,Healthy,Healthy
ivory hanging decoration  heart,9358.94,0.045706294973963994,62.08990089907653,690,1.0,0.0,Healthy,Healthy
kings choice biscuit tin,9352.41,0.04567440438526698,62.1355753034618,462,0.0,0.0,Healthy,Healthy
scandinavian reds ribbons,9346.72,0.04564661610813283,62.18122191956993,891,0.0,0.0,Healthy,Healthy
scandinavian reds ribbons,9346.72,0.04564661610813283,62.18122191956993,891,0.0,0.0,Healthy,Healthy
box of 24 cocktail parasols,9336.68,0.04559758371754816,62.22681950328748,1122,0.0,0.0,Healthy,Healthy
vintage blue kitchen cabinet,9290.0,0.04536961240355483,62.272189115691035,37,57.0,0.0,At Risk,At Risk
glass  beurre dish,9271.89,0.045281168519741226,62.31747028421078,519,120.0,1.0,Churned,Churned
lovebird hanging decoration white,9270.48,0.04527428249676071,62.36274456670754,1149,0.0,0.0,Healthy,Healthy
piccadilly tea set,9224.92,0.04505178093151787,62.40779634763906,108,572.0,1.0,Churned,Churned
box of 6 mini 50's crackers,9219.53,0.04502545776565618,62.45282180540471,403,0.0,0.0,Healthy,Healthy
gaolers keys decorative garden,9201.49,0.04493735574113948,62.49775916114585,486,2.0,0.0,Healthy,Healthy
funky diva pen,9173.029999999999,0.04479836551842632,62.542557526664275,292,0.0,0.0,Healthy,Healthy
noel wooden block letters,9167.61,0.04477189584143739,62.58732942250571,438,0.0,0.0,Healthy,Healthy
box of 6 mini vintage crackers,9162.41,0.04474650057938158,62.63207592308509,376,0.0,0.0,Healthy,Healthy
red metal box top secret,9117.62,0.0445277594664047,62.676603682551495,257,0.0,0.0,Healthy,Healthy
pink vintage paisley picnic bag,9087.63,0.044381297176202046,62.720984979727696,625,0.0,0.0,Healthy,Healthy
recipe box with metal heart,9075.51,0.044322106680795045,62.76530708640849,367,368.0,1.0,Churned,Churned
large heart measuring spoons,9005.64,0.043980882265441286,62.809287968673935,806,,,Healthy,Weak
set/3 vanilla scented candle in box,9001.15,0.04395895443339694,62.853246923107335,389,13.0,0.0,Healthy,Healthy
set/3 vanilla scented candle in box,9001.15,0.04395895443339694,62.853246923107335,389,16.0,0.0,Healthy,Healthy
set 2 pantry design tea towels,8999.27,0.04394977306942292,62.897196696176756,372,0.0,0.0,Healthy,Healthy
girls vintage tin seaside bucket,8987.24,0.04389102210739764,62.94108771828415,487,0.0,0.0,Healthy,Healthy
pack of 12 hearts design tissues,8972.11,0.04381713166222372,62.984904849946375,919,0.0,0.0,Healthy,Healthy
airline bag vintage tokyo 78,8936.8,0.04364468806545627,63.02854953801183,684,0.0,0.0,Healthy,Healthy
christmas craft tree top angel,8895.210000000001,0.043441574806052215,63.071991112817884,572,0.0,0.0,Healthy,Healthy
large white heart of wicker,8878.210000000001,0.04335855183394667,63.11534966465183,562,0.0,0.0,Healthy,Healthy
blue 3 piece polkadot cutlery set,8867.880000000001,0.04330810316913196,63.15865776782096,259,,,Healthy,Weak
retrospot party bag + sticker set,8857.32,0.04325653125234168,63.2019142990733,409,,,Healthy,Weak
hand warmer red love heart,8855.51,0.043247691747664574,63.24516199082097,397,0.0,0.0,Healthy,Healthy
cake stand white two tier lace,8809.93,0.0430250925083369,63.288187083329305,359,0.0,0.0,Healthy,Healthy
3 tier cake tin green and cream,8794.42,0.042949346255551205,63.33113642958486,256,,,Healthy,Weak
red spotty shopper bag,8763.09,0.042796339801664945,63.37393276938652,517,0.0,0.0,Healthy,Healthy
sweetheart key cabinet,8747.05,0.04271800518563125,63.416650774572155,393,408.0,1.0,Churned,Churned
red retrospot shopper bag,8694.26,0.04246019443872235,63.45911096901088,696,,,Healthy,Weak
12 pencils small tube skull,8686.54,0.042422492241977965,63.501533461252855,822,0.0,0.0,Healthy,Healthy
set of 2 tea towels apple and pears,8648.49,0.042236667295588795,63.543770128548445,411,0.0,0.0,Healthy,Healthy
four hook  white lovebirds,8642.300000000001,0.042206437166333904,63.58597656571478,828,0.0,0.0,Healthy,Healthy
charlie+lola pink hot water bottle,8624.1,0.042117553749138566,63.62809411946392,662,0.0,0.0,Healthy,Healthy
mini wooden happy birthday garland,8568.0,0.04184357794119029,63.66993769740511,532,3.0,0.0,Healthy,Healthy
victorian  metal postcard spring,8567.24,0.04183986632596675,63.711777563731076,405,1.0,0.0,Healthy,Healthy
bird house hot water bottle,8563.76,0.04182287103520632,63.753600434766284,512,0.0,0.0,Healthy,Healthy
set 6 paper table lantern hearts,8558.76,0.041798452513998816,63.795398887280285,297,0.0,0.0,Healthy,Healthy
ice cream pen lip gloss,8553.34,0.04177198283700987,63.8371708701173,257,2.0,0.0,Healthy,Healthy
6 egg house painted wood,8533.09,0.041673087826119455,63.87884395794342,382,0.0,0.0,Healthy,Healthy
white dove honeycomb paper garland,8532.17,0.041668594818217275,63.920512552761636,369,359.0,1.0,Churned,Churned
childrens cutlery spaceboy,8517.67,0.04159778110671549,63.96211033386835,360,0.0,0.0,Healthy,Healthy
scandinavian paisley picnic bag,8498.61,0.04150469770387246,64.00361503157222,649,0.0,0.0,Healthy,Healthy
vintage doily travel sewing kit,8497.98,0.04150162097020031,64.04511665254242,415,0.0,0.0,Healthy,Healthy
light pink cherry lights,8481.19,0.04141962357598549,64.08653627611841,170,409.0,1.0,Churned,Churned
ribbon reel hearts design,8457.84,0.04130558908194642,64.12784186520035,684,1.0,0.0,Healthy,Healthy
ribbon reel lace design,8449.94,0.041267007818438554,64.16910887301879,480,0.0,0.0,Healthy,Healthy
feltcraft princess olivia doll,8445.97,0.04124761951259978,64.21035649253139,466,0.0,0.0,Healthy,Healthy
small white heart of wicker,8438.54,0.04121133359008543,64.25156782612147,629,0.0,0.0,Healthy,Healthy
door mat welcome puppies,8429.7,0.04116816164459055,64.29273598776606,270,2.0,0.0,Healthy,Healthy
retro spot large milk jug,8420.28,0.0411221571506356,64.3338581449167,516,0.0,0.0,Healthy,Healthy
kings choice tea caddy,8393.61,0.04099190875851474,64.37485005367522,605,0.0,0.0,Healthy,Healthy
afghan slipper sock pair,8378.8,0.04091958109869809,64.41576963477391,80,11.0,0.0,At Risk,At Risk
round container set of 5 retrospot,8371.05,0.040881732390826445,64.45665136716474,607,0.0,0.0,Healthy,Healthy
picnic boxes set of 3 retrospot,8367.8,0.04086586035204156,64.49751722751678,350,0.0,0.0,Healthy,Healthy
doormat merry christmas red,8366.72,0.040860585951460734,64.53837781346824,264,10.0,0.0,Healthy,Healthy
gingham heart  doorstop red,8352.94,0.040793288507012845,64.57917110197526,624,0.0,0.0,Healthy,Healthy
rain poncho retrospot,8333.11,0.04069644465190386,64.61986754662716,308,,,Healthy,Weak
skull shoulder bag,8275.22,0.04041372701336329,64.66028127364052,725,0.0,0.0,Healthy,Healthy
door mat fancy font home sweet home,8238.8,0.04023586250488778,64.70051713614541,245,,,Healthy,Weak
gin and tonic mug,8209.17,0.04009115834821208,64.74060829449363,617,0.0,0.0,Healthy,Healthy
cream sweetheart wall cabinet,8201.99,0.040056093351758096,64.78066438784538,175,329.0,1.0,Churned,Churned
retrospot large milk jug,8194.59,0.04001995394037098,64.82068434178575,438,,,Healthy,Weak
mini cake stand  hanging strawbery,8179.19,0.03994474489505184,64.8606290866808,724,0.0,0.0,Healthy,Healthy
laundry 15c metal sign,8081.139999999999,0.03946589769417256,64.90009498437497,751,0.0,0.0,Healthy,Healthy
photo frame 3 classic hanging,8020.45,0.039169505683755795,64.93926449005873,316,0.0,0.0,Healthy,Healthy
ribbon reel snowy village,8012.57,0.039131022094332765,64.97839551215307,498,0.0,0.0,Healthy,Healthy
set/10 red spotty party candles,7990.77,0.039024557341868014,65.01742006949493,388,0.0,0.0,Healthy,Healthy
cabin bag vintage retrospot,7985.03,0.03899652487952179,65.05641659437445,115,3.0,0.0,At Risk,At Risk
set/10 pink polkadot party candles,7962.62,0.03888708106746973,65.09530367544193,420,,,Healthy,Weak
set/2 red spotty tea towels,7960.570000000001,0.03887706947377465,65.1341807449157,426,0.0,0.0,Healthy,Healthy
cardholder holly wreath metal,7956.84,0.038858853256953846,65.17303959817265,304,0.0,0.0,Healthy,Healthy
rose caravan doorstop,7955.84,0.03885396955271234,65.21189356772537,431,0.0,0.0,Healthy,Healthy
vintage post office cabinet,7954.87,0.03884923235959809,65.25074280008496,48,366.0,1.0,Churned,Churned
retro spot traditional teapot,7937.910000000001,0.038766404735662216,65.28950920482063,261,207.0,1.0,Churned,Churned
red retrospot oven glove,7916.58,0.03866223532419097,65.32817144014483,564,,,Healthy,Weak
owl doorstop,7900.01,0.03858131234490928,65.36675275248973,534,3.0,0.0,Healthy,Healthy
kings choice mug,7882.08,0.03849374752785915,65.4052465000176,414,0.0,0.0,Healthy,Healthy
fairy tale cottage nightlight,7877.839999999999,0.038473040621875176,65.44371954063948,279,0.0,0.0,Healthy,Healthy
weekend bag vintage rose paisley,7875.33,0.038460782524229006,65.4821803231637,313,371.0,1.0,Churned,Churned
novelty biscuits cake stand 3 tier,7821.96,0.03820013922886004,65.52038046239257,260,0.0,0.0,Healthy,Healthy
pack of 60 mushroom cake cases,7792.37,0.03805563042035399,65.55843609281293,950,0.0,0.0,Healthy,Healthy
red retrospot sugar jam bowl,7791.88,0.03805323740527566,65.5964893302182,580,,,Healthy,Weak
girls alphabet iron on patches,7788.67,0.03803756071466043,65.63452689093286,310,0.0,0.0,Healthy,Healthy
set of 4 knick knack tins london,7771.61,0.0379542447203004,65.67248113565316,274,0.0,0.0,Healthy,Healthy
strawberry shopper bag,7767.48,0.037934075021783004,65.71041521067494,757,0.0,0.0,Healthy,Healthy
doormat red spot,7765.42,0.03792401459104551,65.74833922526598,205,,,Healthy,Weak
charlotte bag apples design,7741.94,0.03780934521545504,65.78614857048143,583,0.0,0.0,Healthy,Healthy
spaceboy baby gift set,7741.749999999999,0.03780841731164915,65.82395698779308,184,0.0,0.0,At Risk,At Risk
large cake towel pink spots,7729.37,0.03774795705313936,65.86170494484622,329,13.0,0.0,Healthy,Healthy
lantern cream gazebo,7727.14,0.03773706639268081,65.8994420112389,369,0.0,0.0,Healthy,Healthy
childrens cutlery polkadot green,7701.71,0.03761287379381941,65.93705488503272,246,,,Healthy,Weak
charlie + lola red hot water bottle,7699.25,0.03760085988138531,65.9746557449141,601,0.0,0.0,Healthy,Healthy
"diamante heart shaped wall mirror,",7673.7300000000005,0.03747622774914218,66.01213197266324,272,0.0,0.0,Healthy,Healthy
holiday fun ludo,7669.64,0.03745625339879444,66.04958822606204,425,0.0,0.0,Healthy,Healthy
set of 6 t-lights santa,7664.720000000001,0.03743222557392625,66.08702045163596,379,0.0,0.0,Healthy,Healthy
colouring pencils brown tube,7660.6,0.03741210471245126,66.12443255634841,584,93.0,1.0,Churned,Churned
colouring pencils brown tube,7660.6,0.03741210471245126,66.12443255634841,584,391.0,1.0,Churned,Churned
colouring pencils brown tube,7660.6,0.03741210471245126,66.12443255634841,584,1.0,0.0,Healthy,Healthy
i can only please one person mug,7627.49,0.037250405265015114,66.16168296161342,630,107.0,1.0,Churned,Churned
gardeners kneeling pad,7623.41,0.03723047975170979,66.19891344136514,554,366.0,1.0,Churned,Churned
red baby bunting,7613.9400000000005,0.03718423107254277,66.23609767243768,438,1.0,0.0,Healthy,Healthy
paint your own canvas set,7608.12,0.037155807913857225,66.27325348035154,418,0.0,0.0,Healthy,Healthy
giraffe wooden ruler,7604.889999999999,0.03714003354915717,66.31039351390069,274,0.0,0.0,Healthy,Healthy
red spotty coir doormat,7563.34,0.036937115637922756,66.34733062953862,208,0.0,0.0,Healthy,Healthy
card holder gingham heart,7559.94,0.03692051104350165,66.38425114058212,481,,,Healthy,Weak
pack of 12 traditional crayons,7548.67,0.036865471696699924,66.42111661227882,785,0.0,0.0,Healthy,Healthy
dog bowl chasing ball design,7537.37,0.03681028583877095,66.45792689811759,230,,,Healthy,Weak
glass jar english confectionery,7529.6,0.036772339456814476,66.49469923757441,424,,,Healthy,Weak
white lovebird lantern,7527.9400000000005,0.03676423250777358,66.53146347008219,401,0.0,0.0,Healthy,Healthy
cream sweetheart trays,7524.44,0.03674713954292832,66.56821060962511,256,406.0,1.0,Churned,Churned
set/6 turquoise butterfly t-lights,7523.570000000001,0.036742890720238224,66.60495350034535,427,0.0,0.0,Healthy,Healthy
set/6 turquoise butterfly t-lights,7523.570000000001,0.036742890720238224,66.60495350034535,427,43.0,0.0,Healthy,At Risk
cream sweetheart letter rack,7493.06,0.03659388890382999,66.64154738924917,279,316.0,1.0,Churned,Churned
mirrored disco ball,7484.81,0.0365535983438376,66.67810098759301,302,2.0,0.0,Healthy,Healthy
red retrospot bowl,7445.51,0.03636166876714656,66.71446265636015,544,,,Healthy,Weak
asstd design racing car pen,7408.65,0.03618165542880479,66.75064431178896,251,2.0,0.0,Healthy,Healthy
"set 3 red spot tin tea,coffee,sugar",7404.09,0.036159385737463544,66.78680369752642,304,0.0,0.0,Healthy,Healthy
christmas metal tags assorted,7365.7,0.03597190033163227,66.82277559785805,338,1.0,0.0,Healthy,Healthy
set 3 wicker log baskets,7362.66,0.03595705387073811,66.85873265172879,164,416.0,1.0,Churned,Churned
love large wood letters,7361.74,0.03595256086283593,66.89468521259163,286,139.0,1.0,Churned,Churned
box of 6 christmas cake decorations,7356.18,0.03592540746725317,66.93061062005887,220,0.0,0.0,Healthy,Healthy
pottering mug,7351.25,0.035901330805342566,66.96651195086422,623,0.0,0.0,Healthy,Healthy
antique glass dressing table pot,7336.09,0.035827293849041396,67.00233924471326,356,0.0,0.0,Healthy,Healthy
door mat black flock,7318.79,0.03574280576566341,67.03808205047892,192,1.0,0.0,Healthy,Healthy
door mat black flock,7318.79,0.03574280576566341,67.03808205047892,192,220.0,1.0,Churned,Churned
lavender scented fabric heart,7306.14,0.03568102690700841,67.07376307738593,494,4.0,0.0,Healthy,Healthy
green 3 piece mini dots cutlery set,7306.06,0.035680636210669095,67.1094437135966,249,0.0,0.0,Healthy,Healthy
green 3 piece mini dots cutlery set,7306.06,0.035680636210669095,67.1094437135966,249,0.0,0.0,Healthy,Healthy
12 egg house painted wood,7304.69,0.03567394553585823,67.14511765913247,216,0.0,0.0,Healthy,Healthy
hanging metal star lantern,7284.24,0.03557407378411951,67.18069173291659,461,0.0,0.0,Healthy,Healthy
pack of 20 napkins pantry design,7279.03,0.03554862968502128,67.21624036260161,829,0.0,0.0,Healthy,Healthy
set 6 paper table lantern stars,7250.900000000001,0.03541125108470783,67.25165161368632,246,0.0,0.0,Healthy,Healthy
set of 4 knick knack tins doiley,7248.79,0.03540094646875826,67.28705256015508,182,0.0,0.0,At Risk,At Risk
pack 3 boxes bird pannetone,7211.99,0.03522122615267098,67.32227378630775,342,0.0,0.0,Healthy,Healthy
s/4 cacti candles,7193.46,0.03513073111307595,67.35740451742082,357,0.0,0.0,Healthy,Healthy
black kitchen scales,7167.4800000000005,0.035003852476881724,67.3924083698977,339,0.0,0.0,Healthy,Healthy
pack of 12 woodland tissues,7129.46,0.03481817404161981,67.42722654393931,553,0.0,0.0,Healthy,Healthy
wooden heart christmas scandinavian,7123.929999999999,0.0347911671571643,67.46201771109648,831,0.0,0.0,Healthy,Healthy
door mat multicolour stripe,7078.28,0.03456822605853973,67.49658593715502,239,0.0,0.0,Healthy,Healthy
ceramic cherry cake money bank,7069.88,0.03452720294291112,67.53111314009793,610,0.0,0.0,Healthy,Healthy
gumball magazine rack,7060.58,0.03448178449346514,67.5655949245914,307,0.0,0.0,Healthy,Healthy
giant 50's christmas cracker,7053.57,0.03444754972673221,67.60004247431813,333,0.0,0.0,Healthy,Healthy
jingle bell heart antique silver,7038.400000000001,0.03437346393338863,67.63441593825152,210,0.0,0.0,Healthy,Healthy
vintage union jack apron,7037.62,0.034369654644080254,67.6687855928956,334,1.0,0.0,Healthy,Healthy
big doughnut fridge magnets,7028.51,0.03432516409844017,67.70311075699404,525,1.0,0.0,Healthy,Healthy
pack of 12 pink paisley tissues,7023.95,0.03430289440709892,67.73741365140114,432,0.0,0.0,Healthy,Healthy
ceramic cake bowl + hanging cakes,7023.14,0.034298938606663304,67.77171259000781,391,0.0,0.0,Healthy,Healthy
set of 12 fairy cake baking cases,6989.54,0.03413484614414883,67.80584743615196,552,0.0,0.0,Healthy,Healthy
cooking set retrospot,6984.349999999999,0.03410949971913543,67.8399569358711,242,216.0,1.0,Churned,Churned
fancy fonts birthday wrap,6978.0,0.0340784881972019,67.8740354240683,485,0.0,0.0,Healthy,Healthy
20 dolly pegs retrospot,6955.83,0.03397021647416779,67.90800564054247,506,0.0,0.0,Healthy,Healthy
5 hook hanger red magic toadstool,6951.45,0.03394882584959001,67.94195446639206,213,,,Healthy,Weak
inflatable political globe,6942.26,0.03390394460761061,67.97585841099968,362,234.0,1.0,Churned,Churned
wooden regatta bunting,6933.740000000001,0.03386233544747302,68.00972074644714,381,0.0,0.0,Healthy,Healthy
spaceboy birthday card,6931.64,0.03385207966856586,68.0435728261157,1034,,,Healthy,Weak
happy stencil craft,6923.85,0.03381403561252456,68.07738686172823,533,0.0,0.0,Healthy,Healthy
bottle bag retrospot,6920.11,0.03379577055866134,68.11118263228688,435,1.0,0.0,Healthy,Healthy
man flu metal sign,6908.870000000001,0.03374087772298686,68.14492351000987,407,0.0,0.0,Healthy,Healthy
cupcake lace paper set 6,6891.249999999999,0.033654826854251585,68.17857833686412,273,0.0,0.0,Healthy,Healthy
cake stand lovebird 2 tier white,6885.44,0.03362645253260846,68.21220478939672,270,0.0,0.0,Healthy,Healthy
paper chain kit skulls,6883.87,0.0336187851169493,68.24582357451366,230,0.0,0.0,Healthy,Healthy
set/10 pink spotty party candles,6882.16,0.033610433982696336,68.27943400849637,387,0.0,0.0,Healthy,Healthy
red heart shape love bucket,6875.71,0.033578934090338644,68.31301294258671,362,0.0,0.0,Healthy,Healthy
small fairy cake fridge magnets,6875.0,0.03357546666032718,68.34658840924703,5,660.0,1.0,Churned,Churned
polkadot cutlery 24 pcs in tray,6855.75,0.03348145535367826,68.38006986460071,79,452.0,1.0,Churned,Churned
ceramic cake design spotted mug,6827.21,0.03334207443462579,68.41341193903534,528,0.0,0.0,Healthy,Healthy
wall tidy retrospot,6826.51,0.03333865584165674,68.446750594877,546,0.0,0.0,Healthy,Healthy
tea time oven glove,6823.15,0.03332224659540529,68.4800728414724,745,0.0,0.0,Healthy,Healthy
tea time oven glove,6823.15,0.03332224659540529,68.4800728414724,745,1.0,0.0,Healthy,Healthy
green christmas tree card holder,6820.7,0.03331028152001361,68.51338312299242,364,0.0,0.0,Healthy,Healthy
set of 3 black flying ducks,6809.65,0.033256316588145006,68.54663943958057,275,0.0,0.0,Healthy,Healthy
set 40 heart shape petit four cases,6792.23,0.033171242460258044,68.57981068204083,161,16.0,0.0,At Risk,At Risk
pack of 20 skull paper napkins,6790.7,0.03316377039276855,68.6129744524336,654,0.0,0.0,Healthy,Healthy
tea time teapot in gift box,6787.46,0.03314794719102608,68.64612239962463,263,0.0,0.0,Healthy,Healthy
12 pencil small tube woodland,6773.95,0.03308196834672339,68.67920436797135,658,0.0,0.0,Healthy,Healthy
watering can blue elephant,6771.5199999999995,0.033070100945416535,68.71227446891677,620,0.0,0.0,Healthy,Healthy
wall art classic puddings,6762.71,0.0330270755110489,68.74530154442782,150,2.0,0.0,At Risk,At Risk
enamel watering can cream,6761.38,0.033020580184407705,68.77832212461223,356,1.0,0.0,Healthy,Healthy
wall mounted vintage organiser,6756.09,0.032994745388970154,68.8113168700012,163,389.0,1.0,Churned,Churned
office mug warmer black+silver,6755.56,0.03299215702572217,68.84430902702692,300,2.0,0.0,Healthy,Healthy
childrens cutlery dolly girl,6753.71,0.032983122172875384,68.8772921491998,291,0.0,0.0,Healthy,Healthy
vintage paisley stationery set,6744.8,0.0329396083680836,68.91023175756789,656,23.0,0.0,Healthy,Healthy
watering can pink bunny,6742.12,0.03292652004071637,68.9431582776086,516,0.0,0.0,Healthy,Healthy
retrospot padded seat cushion,6735.63,0.03289482480018903,68.9760531024088,224,,,Healthy,Weak
set of 6 t-lights snowmen,6729.130000000001,0.032863080722619266,69.00891618313142,328,3.0,0.0,Healthy,Healthy
dolly girl baby gift set,6719.61,0.03281658785824016,69.04173277098965,133,0.0,0.0,At Risk,At Risk
mini lights woodland mushrooms,6719.14,0.03281429251724666,69.0745470635069,215,0.0,0.0,Healthy,Healthy
cake stand lovebird 2 tier pink,6702.33,0.032732197448947,69.10727926095585,156,1.0,0.0,At Risk,At Risk
metal merry christmas wreath,6699.71,0.03271940214383427,69.13999866309969,330,3.0,0.0,Healthy,Healthy
poppy's playhouse livingroom,6699.25,0.03271715563988317,69.17271581873958,564,0.0,0.0,Healthy,Healthy
wheelbarrow for children,6689.67,0.032670369753249585,69.20538618849282,207,0.0,0.0,Healthy,Healthy
door mat topiary,6681.38,0.03262988384508753,69.23801607233791,206,0.0,0.0,Healthy,Healthy
biscuit tin 50's christmas,6681.25,0.03262924896353614,69.27064532130144,309,0.0,0.0,Healthy,Healthy
pink/brown dots ruffled umbrella,6664.45,0.0325472027322789,69.30319252403372,90,619.0,1.0,Churned,Churned
white beaded garland string 20light,6664.33,0.032546616687769925,69.33573914072149,236,315.0,1.0,Churned,Churned
blue party bags,6662.54,0.03253787485717763,69.36827701557867,286,6.0,0.0,Healthy,Healthy
ant white wire heart spiral,6659.17,0.032521416773883774,69.40079843235256,347,2.0,0.0,Healthy,Healthy
ant white wire heart spiral,6659.17,0.032521416773883774,69.40079843235256,347,2.0,0.0,Healthy,Healthy
cream sweetheart shelf + hooks,6647.24,0.03246315418228265,69.43326158653484,197,389.0,1.0,Churned,Churned
wooden owls light garland,6631.35,0.03238555212188518,69.46564713865672,193,0.0,0.0,Healthy,Healthy
cream slice flannel pink spot,6624.77,0.0323534173479761,69.4980005560047,313,2.0,0.0,Healthy,Healthy
charlotte bag dolly girl design,6620.45,0.03233231974565281,69.53033287575035,631,0.0,0.0,Healthy,Healthy
cacti t-light candles,6606.26,0.0322630199824659,69.56259589573281,442,11.0,0.0,Healthy,Healthy
pack 20 english rose paper napkins,6579.0199999999995,0.032129987878927374,69.59472588361174,732,280.0,1.0,Churned,Churned
pack 20 english rose paper napkins,6579.0199999999995,0.032129987878927374,69.59472588361174,732,443.0,1.0,Churned,Churned
12 pencils small tube red retrospot,6570.68,0.03208925778555325,69.6268151413973,535,,,Healthy,Weak
adjustment by john on 26/01/2010 17,6563.5,0.03205419278909927,69.6588693341864,16,,,At Risk,At Risk
wrap pink fairy cakes,6558.62,0.03203036031240073,69.69089969449881,419,1.0,0.0,Healthy,Healthy
vintage donkey tail game,6550.17,0.03198909301156004,69.72288878751037,252,0.0,0.0,Healthy,Healthy
skulls party bag + sticker set,6520.55,0.03184443769192675,69.7547332252023,381,4.0,0.0,Healthy,Healthy
tropical  honeycomb paper garland,6517.16,0.03182788193454805,69.78656110713685,235,0.0,0.0,Healthy,Healthy
glass jar digestive biscuits,6498.610000000001,0.031737289220868194,69.81829839635772,340,0.0,0.0,Healthy,Healthy
vintage christmas stocking,6488.2,0.03168644985971415,69.84998484621744,344,0.0,0.0,Healthy,Healthy
fairy cake design umbrella,6486.79,0.031679563836733635,69.88166441005417,454,20.0,0.0,Healthy,Healthy
fairy cake design umbrella,6486.79,0.031679563836733635,69.88166441005417,454,18.0,0.0,Healthy,Healthy
vintage cream cat food container,6482.96,0.03166085924948868,69.91332526930366,386,0.0,0.0,Healthy,Healthy
easter craft 4 chicks,6480.29,0.03164781975916387,69.94497308906281,299,5.0,0.0,Healthy,Healthy
christmas star wish list chalkboard,6471.2,0.031603426887608616,69.97657651595043,438,0.0,0.0,Healthy,Healthy
jingle bell heart decoration,6459.16,0.03154462708854093,70.00812114303896,356,,,Healthy,Weak
3 drawer antique white wood cabinet,6457.94,0.031538668969366294,70.03965981200832,202,,,Healthy,Weak
rotating leaves t-light holder,6449.0,0.031495008653447266,70.07115482066177,501,0.0,0.0,Healthy,Healthy
christmas craft white fairy,6445.389999999999,0.031477378481135444,70.10263219914292,503,0.0,0.0,Healthy,Healthy
landmark frame camden town,6444.65,0.03147376453999673,70.13410596368291,68,0.0,0.0,At Risk,At Risk
large zinc heart wall organiser,6431.110000000001,0.0314076391845668,70.16551360286748,38,81.0,1.0,Churned,Churned
doormat neighbourhood witch,6419.7,0.03135191611917126,70.19686551898666,169,1.0,0.0,At Risk,At Risk
traditional naughts & crosses,6406.91,0.031289453541922446,70.22815497252857,257,0.0,0.0,Healthy,Healthy
red retrospot plate,6394.53,0.031228993283412644,70.25938396581198,368,,,Healthy,Weak
pantry washing up brush,6391.82,0.031215758444918175,70.2905997242569,381,0.0,0.0,Healthy,Healthy
corona mexican tray,6380.2,0.031159009801631922,70.32175873405852,396,352.0,1.0,Churned,Churned
set of 60 pantry design cake cases,6371.889999999999,0.031118426219385036,70.3528771602779,629,0.0,0.0,Healthy,Healthy
red retrospot tea cup and saucer,6364.67,0.031083165874761395,70.38396032615266,374,,,Healthy,Weak
pearl crystal pumpkin t-light hldr,6363.28,0.031076377525865704,70.41503670367852,342,1.0,0.0,Healthy,Healthy
wooden star christmas scandinavian,6358.04,0.031050786915640234,70.44608749059417,766,0.0,0.0,Healthy,Healthy
ceramic bowl with strawberry design,6356.06,0.03104111718124206,70.47712860777541,356,1.0,0.0,Healthy,Healthy
small red retrospot windmill,6351.9,0.031020800971597408,70.50814940874702,412,,,Healthy,Weak
regency tea plate pink,6344.41,0.03098422202682856,70.53913363077385,305,0.0,0.0,Healthy,Healthy
pink fairy cake child's apron,6339.17,0.03095863141660309,70.57009226219046,389,0.0,0.0,Healthy,Healthy
pack of 6 sweetie gift boxes,6324.77,0.030888306075525458,70.60098056826598,295,1.0,0.0,Healthy,Healthy
set 3 wicker oval baskets w lids,6316.3,0.030846941100599937,70.63182750936659,45,178.0,1.0,Churned,Churned
embossed glass tealight holder,6283.87,0.030688562572048023,70.66251607193864,376,0.0,0.0,Healthy,Healthy
christmas pudding trinket pot,6273.84,0.030639579018505756,70.69315565095715,456,0.0,0.0,Healthy,Healthy
set of 4 english rose placemats,6271.79,0.030629567424810673,70.72378521838196,446,,,Healthy,Weak
retro red spotty washing up gloves,6257.39,0.030559242083733045,70.7543444604657,420,18.0,0.0,Healthy,Healthy
ribbon reel christmas sock bauble,6226.44,0.03040809143745855,70.78475255190317,555,,,Healthy,Weak
slate tile natural hanging,6224.72,0.03039969146616317,70.81515224336933,462,0.0,0.0,Healthy,Healthy
12 message cards with envelopes,6214.83,0.030351391631214714,70.84550363500054,445,0.0,0.0,Healthy,Healthy
love seat antique white metal,6210.0,0.03032780333972826,70.87583143834027,41,16.0,0.0,At Risk,At Risk
set/10 blue polkadot party candles,6205.84,0.030307487130083608,70.90613892547036,308,,,Healthy,Weak
gingham heart decoration,6200.54,0.030281603497603646,70.93642052896796,519,507.0,1.0,Churned,Churned
set of 9 heart shaped balloons,6185.22,0.030206785148623835,70.96662731411658,537,1.0,0.0,Healthy,Healthy
classic glass cookie jar,6183.39,0.03019784796986189,70.99682516208644,300,,,Healthy,Weak
citronella candle garden pot,6182.39,0.030192964265620386,71.02701812635206,522,0.0,0.0,Healthy,Healthy
set/20 strawberry paper napkins,6181.25,0.03018739684278507,71.05720552319485,741,56.0,0.0,Healthy,At Risk
light garland butterfiles pink,6167.59,0.03012068544284615,71.0873262086377,179,0.0,0.0,At Risk,At Risk
cake plate lovebird white,6160.84,0.030087720439216013,71.11741392907692,403,0.0,0.0,Healthy,Healthy
zinc willie winkie  candle stick,6134.7,0.029960060410343145,71.14737398948726,630,0.0,0.0,Healthy,Healthy
small heart measuring spoons,6130.99,0.029941941867607173,71.17731593135487,980,0.0,0.0,Healthy,Healthy
glass cake cover and plate,6126.25,0.029918793109502455,71.20723472446437,163,331.0,1.0,Churned,Churned
bundle of 3 alphabet exercise books,6114.24,0.02986013982156201,71.23709486428594,345,1.0,0.0,Healthy,Healthy
parisienne jewellery drawer,6102.18,0.029801242348409498,71.26689610663435,258,0.0,0.0,Healthy,Healthy
bread bin diner style mint,6091.38,0.029748498342601275,71.29664460497695,158,,,At Risk,At Risk
childrens apron apples design,6079.45,0.02969023575100015,71.32633484072795,445,,,Healthy,Weak
vanilla scent candle jewelled box,6055.85,0.029574980330900703,71.35590982105886,270,34.0,0.0,Healthy,At Risk
vanilla scent candle jewelled box,6055.85,0.029574980330900703,71.35590982105886,270,16.0,0.0,Healthy,Healthy
glass jar daisy fresh cotton wool,6036.26,0.02947930856480968,71.38538912962368,496,0.0,0.0,Healthy,Healthy
wall art stop for tea,6036.2,0.029479015542555186,71.41486814516622,219,,,Healthy,Weak
victorian sewing kit,6024.52,0.02942197387701444,71.44429011904325,313,0.0,0.0,Healthy,Healthy
funky washing up gloves assorted,6023.26,0.02941582040967015,71.47370593945291,471,5.0,0.0,Healthy,Healthy
36 pencils tube red retrospot,6019.7,0.0293984344225704,71.50310437387549,434,,,Healthy,Weak
kings choice giant tube matches,6018.75,0.029393794903540976,71.53249816877903,238,32.0,0.0,Healthy,At Risk
set 12 kids colour  chalk sticks,6013.14,0.02936639732274615,71.56186456610178,788,0.0,0.0,Healthy,Healthy
woodland party bag + sticker set,6011.57,0.02935872990708699,71.59122329600886,437,0.0,0.0,Healthy,Healthy
cosy hour cigar box matches,6003.08,0.029317267258076637,71.62054056326694,365,0.0,0.0,Healthy,Healthy
bread bin diner style pink,6001.0,0.02930710915325431,71.6498476724202,148,39.0,0.0,At Risk,At Risk
set of 6 tea time baking cases,5985.55,0.0292316559227231,71.67907932834292,378,0.0,0.0,Healthy,Healthy
pack of 12 red spotty tissues,5981.8099999999995,0.029213390868859886,71.70829271921178,271,0.0,0.0,Healthy,Healthy
fine wicker heart,5979.24,0.029200839748959224,71.73749355896074,427,100.0,1.0,Churned,Churned
set/10 blue spotty party candles,5966.95,0.029140819023831165,71.76663437798457,321,0.0,0.0,Healthy,Healthy
vintage christmas gift sack,5964.150000000001,0.02912714465195496,71.79576152263652,214,0.0,0.0,Healthy,Healthy
overnight bag vintage rose paisley,5959.53,0.029104581938359214,71.82486610457488,383,0.0,0.0,Healthy,Healthy
wall art bicycle safety,5954.15,0.029078307609539937,71.85394441218442,173,,,At Risk,At Risk
pack of 12 coloured pencils,5950.0,0.029058040236937706,71.88300245242135,390,0.0,0.0,Healthy,Healthy
recycled acapulco mat turquoise,5949.34,0.029054816992138313,71.9120572694135,278,0.0,0.0,Healthy,Healthy
tea bag plate red spotty,5934.19,0.02898082887287955,71.94103809828637,465,0.0,0.0,Healthy,Healthy
rustic  seventeen drawer sideboard,5910.0,0.02886269206727762,71.96990079035365,29,,,At Risk,At Risk
pink drawer knob acrylic edwardian,5884.92,0.028740208764900743,71.99864099911855,313,1.0,0.0,Healthy,Healthy
brown check cat doorstop,5883.33,0.028732443675156757,72.0273734427937,453,17.0,0.0,Healthy,Healthy
green 3 piece polkadot cutlery set,5874.71,0.028690346144595005,72.0560637889383,175,,,At Risk,At Risk
dinosaur lunch box with cutlery,5874.01,0.028686927551625958,72.08475071648994,409,,,Healthy,Weak
pantry chopping board,5868.5,0.02866001834125528,72.11341073483119,57,1.0,0.0,At Risk,At Risk
charlie and lola figures tins,5865.04,0.028643120724579682,72.14205385555577,306,98.0,1.0,Churned,Churned
charlie and lola figures tins,5865.04,0.028643120724579682,72.14205385555577,306,227.0,1.0,Churned,Churned
queens guard coffee mug,5849.29,0.028566202382776025,72.17062005793855,272,1.0,0.0,Healthy,Healthy
botanical gardens wall clock,5843.92,0.028539976890999155,72.19916003482955,83,0.0,0.0,At Risk,At Risk
set of 4 jam jar magnets,5842.88,0.028534897838587994,72.22769493266813,235,1.0,0.0,Healthy,Healthy
ribbon reel christmas present,5840.43,0.028522932763196313,72.25621786543132,493,1.0,0.0,Healthy,Healthy
doormat i love london,5839.41,0.02851795138486998,72.2847358168162,194,2.0,0.0,Healthy,Healthy
chocolate calculator,5836.76,0.028505009568630005,72.31324082638483,459,0.0,0.0,Healthy,Healthy
pack of 6 skull paper plates,5820.099999999999,0.02842364705596657,72.3416644734408,416,2.0,0.0,Healthy,Healthy
round cake tin vintage green,5811.87,0.02838345417005901,72.37004792761086,302,1.0,0.0,Healthy,Healthy
6 chocolate love heart t-lights,5803.58,0.028342968261896962,72.39839089587275,382,0.0,0.0,Healthy,Healthy
doormat christmas village,5784.67,0.028250617414690156,72.42664151328744,149,1.0,0.0,At Risk,At Risk
glass heart t-light holder,5771.11,0.028184394385175386,72.45482590767261,415,0.0,0.0,Healthy,Healthy
3 piece spaceboy cookie cutter set,5768.830000000001,0.028173259539504763,72.48299916721211,408,0.0,0.0,Healthy,Healthy
frying pan pink polkadot,5750.95,0.028085938907666703,72.51108510611978,354,0.0,0.0,Healthy,Healthy
red retrospot wrap,5736.42,0.02801497868503768,72.53910008480482,440,,,Healthy,Weak
fairy cake birthday candle set,5732.6,0.02799632293483514,72.56709640773965,330,0.0,0.0,Healthy,Healthy
toadstool money box,5731.330000000001,0.027990120630448433,72.5950865283701,408,0.0,0.0,Healthy,Healthy
grow your own basil in enamel mug,5729.570000000001,0.027981525310983392,72.62306805368108,472,0.0,0.0,Healthy,Healthy
garland wooden happy easter,5728.53,0.02797644625857222,72.65104449993966,463,,,Healthy,Weak
save the planet cotton tote bag,5716.5199999999995,0.02791779297063178,72.67896229291028,464,0.0,0.0,Healthy,Healthy
love garland painted zinc,5698.889999999999,0.027831693264854098,72.70679398617514,240,1.0,0.0,Healthy,Healthy
metal sign empire tea,5695.1,0.027813184025778807,72.73460717020092,500,0.0,0.0,Healthy,Healthy
large cake stand hanging hearts,5691.41,0.027795163157127663,72.76240233335804,158,199.0,1.0,Churned,Churned
dairy maid traditional teapot,5680.15,0.02774017264736835,72.79014250600541,257,0.0,0.0,Healthy,Healthy
red spotty bowl,5660.1900000000005,0.027642693910707974,72.81778519991612,422,0.0,0.0,Healthy,Healthy
spaceboy gift wrap,5656.14,0.027622914908529885,72.84540811482465,446,,,Healthy,Weak
bag 125g swirly marbles,5646.47,0.027575689488514563,72.87298380431317,561,0.0,0.0,Healthy,Healthy
heart decoration painted zinc,5644.77,0.027567387191304006,72.90055119150446,510,1.0,0.0,Healthy,Healthy
s/16 vintage ivory cutlery,5643.15,0.027559475590432772,72.9281106670949,131,247.0,1.0,Churned,Churned
s/16 vintage ivory cutlery,5643.15,0.027559475590432772,72.9281106670949,131,403.0,1.0,Churned,Churned
cream sweetheart egg holder,5624.5,0.027468394506328757,72.95557906160123,244,78.0,1.0,Churned,Churned
button box,5618.21,0.02743767600664971,72.98301673760788,381,0.0,0.0,Healthy,Healthy
red retrospot storage jar,5604.6,0.027371208791922865,73.0103879463998,319,,,Healthy,Weak
skull and crossbones  garland,5597.42,0.027336143795468882,73.03772409019527,282,3.0,0.0,Healthy,Healthy
set of 3 babushka stacking tins,5556.92,0.027138353773688045,73.06486244396896,176,,,At Risk,At Risk
large red spot windmill,5554.92,0.02712858636520504,73.09199103033417,52,9.0,0.0,At Risk,At Risk
peace wooden block letters,5543.87,0.02707462143333644,73.11906565176751,340,0.0,0.0,Healthy,Healthy
children's apron dolly girl,5542.95,0.02707012842543426,73.14613578019295,404,,,Healthy,Weak
wall art big love,5538.26,0.027047223852541616,73.1731830040455,112,0.0,0.0,At Risk,At Risk
heart decoration with pearls,5537.57,0.027043854096614976,73.20022685814212,581,0.0,0.0,Healthy,Healthy
glass star frosted t-light holder,5534.17,0.02702724950219387,73.22725410764431,293,1.0,0.0,Healthy,Healthy
"key fob , shed",5529.14,0.027002684469859116,73.25425679211418,835,0.0,0.0,Healthy,Healthy
large ivory heart wall organiser,5525.4,0.026984419415995893,73.28124121153017,155,0.0,0.0,At Risk,At Risk
red spotty plate,5523.2,0.02697367526666459,73.30821488679683,289,0.0,0.0,Healthy,Healthy
treasure island book box,5521.29,0.02696434739156332,73.3351792341884,267,0.0,0.0,Healthy,Healthy
set of 5 lucky cat magnets,5513.83,0.026927914957921715,73.36210714914633,255,0.0,0.0,Healthy,Healthy
french wc sign blue metal,5510.57,0.026911994082094416,73.38901914322842,425,0.0,0.0,Healthy,Healthy
door mat union jack guns and roses,5510.39,0.026911115015330948,73.41593025824376,226,,,Healthy,Weak
small heart flowers hook,5503.2699999999995,0.026876343041131453,73.4428066012849,462,0.0,0.0,Healthy,Healthy
small heart flowers hook,5503.2699999999995,0.026876343041131453,73.4428066012849,462,407.0,1.0,Churned,Churned
lunch bag paisley park,5497.33,0.026847333837936933,73.46965393512284,325,0.0,0.0,Healthy,Healthy
chinese dragon paper lanterns,5487.3099999999995,0.02679839912143708,73.49645233424427,244,78.0,1.0,Churned,Churned
fanny's rest stopmetal sign,5479.4400000000005,0.02675996436905646,73.52321229861333,506,215.0,1.0,Churned,Churned
glass honeypot wasp catcher,5473.82,0.02673251795121922,73.54994481656455,343,486.0,1.0,Churned,Churned
milk pan red retrospot,5469.51,0.026711469185938343,73.57665628575049,392,0.0,0.0,Healthy,Healthy
fairy cake candles,5459.48,0.026662485632396073,73.60331877138289,129,542.0,1.0,Churned,Churned
set of 9 black skull balloons,5457.97,0.026655111238991405,73.62997388262188,443,0.0,0.0,Healthy,Healthy
white jewelled heart decoration,5451.49,0.026623464835506476,73.65659734745739,469,0.0,0.0,Healthy,Healthy
organiser wood antique white,5450.43,0.02661828810901048,73.6832156355664,310,,,Healthy,Weak
pink polkadot bowl,5449.13,0.026611939293496527,73.7098275748599,412,,,Healthy,Weak
red gingham teddy bear,5440.51,0.02656984176293478,73.73639741662284,349,0.0,0.0,Healthy,Healthy
36 pencils tube skulls,5438.57,0.026560367376706265,73.76295778399954,557,0.0,0.0,Healthy,Healthy
set of 3 cases woodland design,5435.91,0.02654737672342387,73.78950516072297,237,384.0,1.0,Churned,Churned
wrap english rose,5435.4,0.026544886034260706,73.81605004675723,440,2.0,0.0,Healthy,Healthy
red star card holder,5431.400000000001,0.0265253512172947,73.84257539797451,345,0.0,0.0,Healthy,Healthy
key cabinet ma campagne,5430.59,0.02652139541685908,73.86909679339138,135,0.0,0.0,At Risk,At Risk
christmas gingham heart,5429.91,0.02651807449797486,73.89561486788935,383,0.0,0.0,Healthy,Healthy
cream sweetheart magazine rack,5426.74,0.026502593155529292,73.92211746104488,180,385.0,1.0,Churned,Churned
large red retrospot windmill,5426.06,0.026499272236645076,73.94861673328153,234,,,Healthy,Weak
small zinc heart wall organiser,5416.18,0.026451021238739037,73.97506775452027,45,0.0,0.0,At Risk,At Risk
charlotte bag vintage alphabet,5405.88,0.026400719085051566,74.00146847360531,445,0.0,0.0,Healthy,Healthy
vintage billboard tea mug,5404.360000000001,0.02639329585460448,74.02786176945992,279,113.0,1.0,Churned,Churned
kashmir folkart tumblers,5394.54,0.026345337878952928,74.05420710733887,124,580.0,1.0,Churned,Churned
magic drawing slate spaceboy,5393.83,0.026341870448941457,74.08054897778781,577,0.0,0.0,Healthy,Healthy
grow your own herbs set of 3,5393.43,0.026339916967244862,74.10688889475506,264,125.0,1.0,Churned,Churned
red retrospot childrens umbrella,5380.2699999999995,0.02627564741942669,74.13316454217448,342,,,Healthy,Weak
retro sport party bag + sticker set,5370.08,0.026225882473205786,74.15939042464768,254,2.0,0.0,Healthy,Healthy
set of three vintage gift wraps,5367.009999999999,0.02621088950118437,74.18560131414887,248,357.0,1.0,Churned,Churned
cake stand lace white,5365.66,0.026204296500458343,74.21180561064932,264,358.0,1.0,Churned,Churned
illustrated cat bowl,5362.2,0.026187398883782746,74.2379930095331,210,,,Healthy,Weak
vintage doily deluxe sewing kit,5354.01,0.026147401346044846,74.26414041087915,205,0.0,0.0,Healthy,Healthy
woolly hat sock glove advent string,5341.85,0.02608801550246818,74.29022842638162,188,399.0,1.0,Churned,Churned
red retrospot oven glove double,5334.06,0.02604997144642688,74.31627839782804,352,,,Healthy,Weak
mini cake stand with hanging cakes,5332.25,0.02604113194174976,74.3423195297698,410,2.0,0.0,Healthy,Healthy
60 cake cases dolly girl design,5314.12,0.025952590383851323,74.36827212015365,609,,,Healthy,Weak
home small wood letters,5296.4800000000005,0.025866441841031228,74.39413856199468,401,74.0,1.0,Churned,Churned
charlie + lola biscuits tins,5287.2,0.025821121065670086,74.41995968306036,260,199.0,1.0,Churned,Churned
charlie + lola biscuits tins,5287.2,0.025821121065670086,74.41995968306036,260,212.0,1.0,Churned,Churned
red spotty peg bag,5282.89,0.025800072300389214,74.44575975536074,364,0.0,0.0,Healthy,Healthy
12 pencils small tube red spotty,5278.03,0.02577633749777551,74.47153609285851,367,0.0,0.0,Healthy,Healthy
antique glass pedestal bowl,5277.95,0.02577594680143619,74.49731203965995,299,0.0,0.0,Healthy,Healthy
travel card wallet keep calm,5262.82,0.025702056356262264,74.52301409601621,534,0.0,0.0,Healthy,Healthy
red metal beach spade,5250.3,0.02564091237915866,74.54865500839537,467,0.0,0.0,Healthy,Healthy
alphabet stencil craft,5221.4,0.025499773326579246,74.57415478172194,343,0.0,0.0,Healthy,Healthy
empire union jack tv dinner tray,5218.61,0.02548614779174545,74.59964092951368,269,0.0,0.0,Healthy,Healthy
floral folk stationery set,5216.88,0.025477698983407657,74.62511862849709,577,0.0,0.0,Healthy,Healthy
metal sign her dinner is served,5207.7300000000005,0.025433013089597917,74.65055164158669,230,2.0,0.0,Healthy,Healthy
doormat welcome sunrise,5198.6,0.025388424869873003,74.67594006645656,218,0.0,0.0,Healthy,Healthy
swallows greeting card,5197.84,0.025384713254649457,74.70132477971121,685,0.0,0.0,Healthy,Healthy
watering can green dinosaur,5174.58,0.025271118293992118,74.7265958980052,423,0.0,0.0,Healthy,Healthy
cosy hour giant tube matches,5173.05,0.02526364622650262,74.7518595442317,260,52.0,0.0,Healthy,At Risk
retro spot lamp,5164.42,0.025221499858898457,74.77708104409061,196,32.0,0.0,Healthy,At Risk
glamorous  mug,5163.8,0.025218471962268726,74.80229951605287,330,0.0,0.0,Healthy,Healthy
tablecloth red apples design,5160.78,0.025203723175459384,74.82750323922834,192,0.0,0.0,Healthy,Healthy
purple drawerknob acrylic edwardian,5160.03,0.02520006039727826,74.85270329962562,283,0.0,0.0,Healthy,Healthy
set of 3 wooden heart decorations,5147.19,0.02513735363481737,74.87784065326044,445,0.0,0.0,Healthy,Healthy
citronella candle flowerpot,5145.4400000000005,0.025128807152394746,74.90296946041283,391,2.0,0.0,Healthy,Healthy
regency tea strainer,5143.6900000000005,0.025120260669972118,74.92808972108281,176,1.0,0.0,At Risk,At Risk
set of 6 nativity magnets,5143.06,0.025117183936299973,74.95320690501912,163,4.0,0.0,At Risk,At Risk
large ceramic top storage jar,5141.0599999999995,0.025107416527816964,74.97831432154693,280,0.0,0.0,Healthy,Healthy
metal sign neighbourhood witch,5140.820000000001,0.025106244438799007,75.00342056598573,402,28.0,0.0,Healthy,Healthy
small ivory heart wall organiser,5138.6,0.025095402615382872,75.02851596860111,152,0.0,0.0,At Risk,At Risk
rocking horse red christmas,5135.24,0.02507899336913142,75.05359496197025,511,0.0,0.0,Healthy,Healthy
enamel wash bowl cream,5133.3,0.02506951898290291,75.07866448095315,372,1.0,0.0,Healthy,Healthy
tv dinner tray dolly girl,5130.62,0.025056430655535682,75.10372091160869,249,0.0,0.0,Healthy,Healthy
sewing box retrospot design,5130.36,0.025055160892432895,75.12877607250113,187,0.0,0.0,At Risk,At Risk
3 hook hanger magic garden,5122.759999999999,0.025018044740197476,75.15379411724132,223,,,Healthy,Weak
red spots  wrap,5115.5,0.02498258904740417,75.17877670628872,362,0.0,0.0,Healthy,Healthy
pens assorted funny face,5107.54,0.024943714761641814,75.20372042105036,287,1.0,0.0,Healthy,Healthy
airline bag vintage jet set red,5099.84,0.02490611023898225,75.22862653128935,430,0.0,0.0,Healthy,Healthy
foot stool home sweet home,5097.65,0.02489541492669336,75.25352194621604,217,0.0,0.0,Healthy,Healthy
strawberry raffia food cover,5095.63,0.024885549844125526,75.27840749606017,319,0.0,0.0,Healthy,Healthy
biscuit tin vintage christmas,5079.78,0.024808143131897716,75.30321563919206,277,0.0,0.0,Healthy,Healthy
biscuit tin vintage red,5078.03,0.024799596649475085,75.32801523584153,230,3.0,0.0,Healthy,Healthy
set of 12 mini loaf baking cases,5073.45,0.024777229284049004,75.35279246512559,444,0.0,0.0,Healthy,Healthy
36 pencils tube woodland,5069.99,0.02476033166737341,75.37755279679297,485,31.0,0.0,Healthy,At Risk
woodland design  cotton tote bag,5062.86,0.024725510856131498,75.4022783076491,380,4.0,0.0,Healthy,Healthy
pantry magnetic  shopping list,5062.599999999999,0.024724241093028704,75.42700254874212,475,0.0,0.0,Healthy,Healthy
feltcraft girl amelie kit,5059.14,0.02470734347635311,75.45170989221847,275,,,Healthy,Weak
skulls  water transfer tattoos,5052.21,0.024673499405959504,75.47638339162444,503,0.0,0.0,Healthy,Healthy
doormat friendship,5050.04,0.02466290176775544,75.50104629339219,95,,,At Risk,At Risk
pink owl soft toy,5033.51,0.024582174136643414,75.52562846752883,362,0.0,0.0,Healthy,Healthy
polyester filler pad 40x40cm,5032.95,0.024579439262268167,75.5502079067911,380,0.0,0.0,Healthy,Healthy
blue savannah picnic hamper for 2,5016.91,0.02450110464623448,75.57470901143733,182,31.0,0.0,At Risk,At Risk
blue savannah picnic hamper for 2,5016.91,0.02450110464623448,75.57470901143733,182,501.0,1.0,Churned,Churned
set 3 paper vintage chick paper egg,5014.650000000001,0.024490067474648682,75.59919907891198,214,70.0,1.0,Churned,Churned
vintage christmas tablecloth,5012.96,0.024481814014480543,75.62368089292646,117,0.0,0.0,At Risk,At Risk
pack of six led tea lights,5008.26,0.024458860604545482,75.648139753531,203,,,Healthy,Weak
chocolate box ribbons,5000.0599999999995,0.024418814229765162,75.67255856776076,562,0.0,0.0,Healthy,Healthy
chocolate box ribbons,5000.0599999999995,0.024418814229765162,75.67255856776076,562,0.0,0.0,Healthy,Healthy
vintage billboard drink me mug,4998.32,0.024410316584384948,75.69696888434514,472,38.0,0.0,Healthy,At Risk
bubblegum ring assorted,4997.28,0.024405237531973788,75.72137412187712,245,0.0,0.0,Healthy,Healthy
wall art keep calm,4994.790000000001,0.024393077108412452,75.74576719898553,83,,,At Risk,At Risk
five heart hanging decoration,4983.9800000000005,0.024340284265561812,75.7701074832511,389,3.0,0.0,Healthy,Healthy
english rose design peg bag,4983.02,0.02433559590948997,75.79444307916059,410,473.0,1.0,Churned,Churned
doctor's bag soft toy,4961.33,0.024229668364491787,75.81867274752508,195,1.0,0.0,Healthy,Healthy
pack of 6 handbag gift boxes,4955.75,0.024202417294824204,75.84287516481992,349,0.0,0.0,Healthy,Healthy
potting shed twine,4944.04,0.024145229118156215,75.86702039393808,290,3.0,0.0,Healthy,Healthy
retrospot lamp,4938.96,0.024120419900609386,75.89114081383869,214,,,Healthy,Weak
landmark frame covent garden,4937.01,0.024110896677338456,75.91525171051603,53,1.0,0.0,At Risk,At Risk
traditional pick up sticks game,4931.87,0.024085794437537132,75.93933750495357,276,0.0,0.0,Healthy,Healthy
set of 4 napkin charms cutlery,4911.72,0.023987387797070867,75.96332489275063,244,1.0,0.0,Healthy,Healthy
"hook, 5 hanger ,magic toadstool red",4908.8,0.02397312738068568,75.98729802013132,175,9.0,0.0,At Risk,At Risk
set/6 purple butterfly t-lights,4898.400000000001,0.02392233685657406,76.01122035698789,399,0.0,0.0,Healthy,Healthy
set/6 purple butterfly t-lights,4898.400000000001,0.02392233685657406,76.01122035698789,399,0.0,0.0,Healthy,Healthy
frying pan red polkadot,4890.14,0.023881997459539252,76.03510235444743,188,0.0,0.0,At Risk,At Risk
wash bag vintage rose paisley,4884.860000000001,0.02385621150114412,76.05895856594857,373,0.0,0.0,Healthy,Healthy
circus parade baby gift set,4879.599999999999,0.023830523216833814,76.0827890891654,111,5.0,0.0,At Risk,At Risk
36 foil heart cake cases,4878.900000000001,0.02382710462386477,76.10661619378926,256,0.0,0.0,Healthy,Healthy
hand warmer red polka dot,4876.2,0.02381391862241271,76.13043011241167,46,0.0,0.0,At Risk,At Risk
roll wrap 50's christmas,4875.65,0.023811232585079882,76.15424134499675,354,0.0,0.0,Healthy,Healthy
set/3 ocean scent candle jewel box,4866.81,0.023768060639585007,76.17800940563633,244,15.0,0.0,Healthy,Healthy
set/3 ocean scent candle jewel box,4866.81,0.023768060639585007,76.17800940563633,244,238.0,1.0,Churned,Churned
playing cards keep calm & carry on,4860.55,0.0237374886510332,76.20174689428737,335,0.0,0.0,Healthy,Healthy
pizza plate in box,4840.59,0.02364000991437282,76.22538690420174,369,0.0,0.0,Healthy,Healthy
asstd design bubble gum ring,4824.3,0.02356045437227875,76.24894735857401,476,367.0,1.0,Churned,Churned
christmas gingham star,4823.9,0.023558500890582146,76.2725058594646,415,0.0,0.0,Healthy,Healthy
tea party birthday card,4806.49,0.023473475599737597,76.29597933506435,845,0.0,0.0,Healthy,Healthy
landmark frame oxford street,4805.53,0.023468787243665752,76.31944812230802,57,1.0,0.0,At Risk,At Risk
"hook, 5 hanger , magic toadstool",4795.95,0.023422001357032166,76.34287012366505,258,296.0,1.0,Churned,Churned
red spotty childs umbrella,4791.04,0.02339802236920639,76.36626814603426,247,1.0,0.0,Healthy,Healthy
landmark frame notting hill,4780.57,0.02334688998579786,76.38961503602006,50,0.0,0.0,At Risk,At Risk
dairy maid large milk jug,4768.64,0.02328862739419674,76.41290366341426,342,2.0,0.0,Healthy,Healthy
grow your own flowers set of 3,4765.32,0.023272413496114953,76.43617607691037,172,0.0,0.0,At Risk,At Risk
bull dog bottle opener,4764.5,0.02326840885863692,76.45944448576901,264,0.0,0.0,Healthy,Healthy
party cones candy assorted,4759.59,0.023244429870811146,76.48268891563983,195,21.0,0.0,Healthy,Healthy
doormat peace on earth blue,4756.7,0.023230315965553205,76.50591923160538,93,0.0,0.0,At Risk,At Risk
woodland  height chart stickers,4752.830000000001,0.0232114160301386,76.52913064763551,258,1.0,0.0,Healthy,Healthy
set 12 retro white chalk sticks,4751.06,0.023202771873631133,76.55233341950914,713,0.0,0.0,Healthy,Healthy
blue vintage spot beaker,4747.62,0.023185971931040366,76.57551939144018,222,1.0,0.0,Healthy,Healthy
french bathroom sign blue metal,4736.11,0.023129760495220676,76.5986491519354,370,0.0,0.0,Healthy,Healthy
magnets pack of 4 childhood memory,4734.6,0.023122386101816012,76.62177153803722,277,7.0,0.0,Healthy,Healthy
balloon pump with 10 balloons,4733.49,0.02311696519010794,76.64488850322734,281,0.0,0.0,Healthy,Healthy
camouflage design teddy,4722.56,0.023063586302748323,76.66795208953009,64,,,At Risk,At Risk
tradtional alphabet stamp set,4717.66,0.02303965615196496,76.69099174568206,192,0.0,0.0,Healthy,Healthy
spaceboy tv dinner tray,4716.83,0.023035602677444516,76.7140273483595,253,0.0,0.0,Healthy,Healthy
retrospot giant tube matches,4713.6,0.023019828312744465,76.73704717667223,182,,,At Risk,At Risk
set of 5 pancake day magnets,4713.52,0.023019437616405146,76.76006661428865,223,10.0,0.0,Healthy,Healthy
coffee mug pink paisley design,4711.53,0.02300971904496455,76.78307633333361,144,1.0,0.0,At Risk,At Risk
porcelain butterfly oil burner,4710.74,0.023005860918613764,76.80608219425223,371,122.0,1.0,Churned,Churned
porcelain butterfly oil burner,4710.74,0.023005860918613764,76.80608219425223,371,352.0,1.0,Churned,Churned
landmark frame london bridge,4703.87,0.022972309870474647,76.8290545041227,52,1.0,0.0,At Risk,At Risk
spaceboy mini backpack,4697.54,0.02294139602262594,76.85199590014533,233,0.0,0.0,Healthy,Healthy
abc treasure book box,4693.08,0.022919614701708838,76.87491551484703,226,0.0,0.0,Healthy,Healthy
door mat bird on the wire,4691.77,0.022913217049152473,76.89782873189618,202,498.0,1.0,Churned,Churned
coffee mug blue paisley design,4689.56,0.022902424062778752,76.92073115595896,167,0.0,0.0,At Risk,At Risk
strawberry bath sponge,4687.65,0.02289309618767748,76.94362425214663,514,0.0,0.0,Healthy,Healthy
monsters stencil craft,4682.3,0.022866968369985446,76.96649122051662,393,0.0,0.0,Healthy,Healthy
red spotty childs apron,4678.23,0.02284709169372253,76.98933831221034,296,0.0,0.0,Healthy,Healthy
apple bath sponge,4676.15,0.022836933588900207,77.01217524579924,509,0.0,0.0,Healthy,Healthy
set of 3 cake tins sketchbook,4671.81,0.02281573831249209,77.03499098411173,297,0.0,0.0,Healthy,Healthy
treasure tin gymkhana design,4669.55,0.022804701140906294,77.05779568525264,363,0.0,0.0,Healthy,Healthy
6 ribbons elegant christmas,4660.69,0.022761431521326585,77.08055711677397,358,0.0,0.0,Healthy,Healthy
toilet metal sign,4649.0,0.022704341018743423,77.10326145779271,913,0.0,0.0,Healthy,Healthy
tea bag plate red retrospot,4648.93,0.02270399915944652,77.12596545695216,496,,,Healthy,Weak
pink  spotty plate,4645.09,0.022685245735159155,77.14865070268732,239,0.0,0.0,Healthy,Healthy
blue paper parasol,4644.13,0.02268055737908731,77.17133126006641,189,71.0,1.0,Churned,Churned
red spotty apron,4638.110000000001,0.022651157479553468,77.19398241754597,204,1.0,0.0,Healthy,Healthy
heart wooden christmas decoration,4629.17,0.022607497163634437,77.2165899147096,415,0.0,0.0,Healthy,Healthy
balloons  writing set,4612.63,0.022526720695479993,77.23911663540508,643,0.0,0.0,Healthy,Healthy
blue polkadot bowl,4611.89,0.022523106754341285,77.26163974215942,385,,,Healthy,Weak
pack of 6 sandcastle flags assorted,4586.48,0.02239901182956471,77.28403875398898,403,0.0,0.0,Healthy,Healthy
antique tall swirlglass trinket pot,4586.4,0.02239862113322539,77.3064373751222,268,0.0,0.0,Healthy,Healthy
pink vintage spot beaker,4572.41,0.022330298110886777,77.32876767323309,191,0.0,0.0,Healthy,Healthy
home sweet home blackboard,4561.76,0.02227828666071478,77.35104595989381,169,0.0,0.0,At Risk,At Risk
red paper parasol,4559.650000000001,0.022267982044765215,77.37331394193858,227,3.0,0.0,Healthy,Healthy
"feather pen,hot pink",4556.5,0.02225259837640448,77.39556654031499,376,0.0,0.0,Healthy,Healthy
s/4 blue round decoupage boxes,4552.69,0.02223399146324435,77.41780053177823,67,437.0,1.0,Churned,Churned
s/4 blue round decoupage boxes,4552.69,0.02223399146324435,77.41780053177823,67,505.0,1.0,Churned,Churned
christmas retrospot angel wood,4547.19,0.022207131089916093,77.44000766286814,417,0.0,0.0,Healthy,Healthy
make your own flowerpower card kit,4542.500000000001,0.022184226517023453,77.46219188938517,351,0.0,0.0,Healthy,Healthy
ceramic cake design spotted plate,4540.849999999999,0.022176168405024968,77.48436805779019,364,1.0,0.0,Healthy,Healthy
set of 12 rose botanical t-lights,4538.17,0.022163080077657743,77.50653113786785,194,192.0,1.0,Churned,Churned
"fancy font birthday card,",4534.49,0.022145108046049012,77.5286762459139,665,0.0,0.0,Healthy,Healthy
modern floral stationery set,4530.54,0.022125817414295083,77.55080206332819,497,0.0,0.0,Healthy,Healthy
pink  heart shape love bucket,4524.5,0.02209631984067641,77.57289838316886,294,0.0,0.0,Healthy,Healthy
pack of 20 napkins red apples,4524.0,0.02209387798855566,77.59499226115742,485,0.0,0.0,Healthy,Healthy
set of 3 hanging owls ollie beak,4521.72,0.022082743142885036,77.6170750043003,325,0.0,0.0,Healthy,Healthy
regency sugar tongs,4515.22,0.022050999065315272,77.63912600336562,209,0.0,0.0,Healthy,Healthy
parisienne curio cabinet,4507.08,0.02201124571278944,77.66113724907841,241,0.0,0.0,Healthy,Healthy
"tray, breakfast in bed",4506.889999999999,0.022010317808983555,77.68314756688738,120,95.0,1.0,Churned,Churned
set of 60 i love london cake cases,4495.849999999999,0.02195640171415737,77.70510396860155,407,0.0,0.0,Healthy,Healthy
poppy's playhouse bathroom,4487.2,0.021914157672468376,77.72701812627402,402,0.0,0.0,Healthy,Healthy
cherry blossom  decorative flask,4476.67,0.021862732266805362,77.74888085854083,299,7.0,0.0,Healthy,Healthy
small ceramic top storage jar,4476.01,0.021859509022005973,77.77074036756284,231,0.0,0.0,Healthy,Healthy
small red retrospot mug in box,4462.95,0.021795727844611954,77.79253609540744,236,,,Healthy,Weak
set of 16 vintage pistachio cutlery,4451.95,0.02174200709795543,77.8142781025054,133,,,At Risk,At Risk
green vintage spot beaker,4444.2300000000005,0.021704304901211037,77.8359824074066,185,1.0,0.0,At Risk,At Risk
ribbon reel making snowmen,4439.28,0.021680130565215595,77.85766253797182,403,,,Healthy,Weak
boom box speaker boys,4432.92,0.021649070206239646,77.87931160817806,171,0.0,0.0,At Risk,At Risk
union jack flag passport cover,4431.54,0.02164233069438637,77.90095393887245,411,0.0,0.0,Healthy,Healthy
pig keyring with light & sound,4430.82,0.021638814427332488,77.92259275329978,202,0.0,0.0,Healthy,Healthy
willow branch lights.,4423.69,0.021603993616090576,77.94419674691588,79,598.0,1.0,Churned,Churned
charlie+lola red hot water bottle,4420.65,0.02158914715519641,77.96578589407108,314,0.0,0.0,Healthy,Healthy
charlie+lola red hot water bottle,4420.65,0.02158914715519641,77.96578589407108,314,38.0,0.0,Healthy,At Risk
blue polkadot plate,4419.44,0.021583237873064192,77.98736913194413,241,,,Healthy,Weak
childs apron spaceboy design,4412.87,0.021551151936197527,78.00892028388033,310,0.0,0.0,Healthy,Healthy
wall art only one person,4406.57,0.021520384599476063,78.0304406684798,86,0.0,0.0,At Risk,At Risk
heads and tails sporting fun,4404.31,0.02150934742789027,78.05195001590769,428,25.0,0.0,Healthy,Healthy
star wooden christmas decoration,4403.83,0.021507003249854346,78.07345701915754,405,0.0,0.0,Healthy,Healthy
pack of 12 skull tissues,4401.44,0.021495331196717152,78.09495235035426,479,0.0,0.0,Healthy,Healthy
retro spot small milk jug,4380.61,0.021393603637366667,78.11634595399163,297,0.0,0.0,Healthy,Healthy
fancy font home sweet home doormat,4378.65,0.02138403157705332,78.13772998556868,164,0.0,0.0,At Risk,At Risk
christmas gingham tree,4377.33,0.021377585087454538,78.15910757065613,412,0.0,0.0,Healthy,Healthy
christmas hanging star with bell,4374.41,0.021363324671069352,78.1804708953272,344,0.0,0.0,Healthy,Healthy
s/4 valentine decoupage heart box,4369.7300000000005,0.021340468935219126,78.20181136426243,287,0.0,0.0,Healthy,Healthy
s/4 valentine decoupage heart box,4369.7300000000005,0.021340468935219126,78.20181136426243,287,43.0,0.0,Healthy,At Risk
french enamel candleholder,4363.28,0.021308969042861434,78.22312033330529,378,0.0,0.0,Healthy,Healthy
flamingo lights,4357.38,0.021280155187836575,78.24440048849313,150,442.0,1.0,Churned,Churned
peg bag apples design,4356.2,0.0212743924168316,78.26567488090996,338,,,Healthy,Weak
boys alphabet iron on patches,4350.14,0.021244797169128096,78.28691967807909,217,0.0,0.0,Healthy,Healthy
pink spotty bowl,4348.93,0.02123888788699588,78.30815856596608,348,0.0,0.0,Healthy,Healthy
sandalwood fan,4345.62,0.021222722825956504,78.32938128879204,306,0.0,0.0,Healthy,Healthy
retro spot mug,4343.01,0.021209976357886188,78.35059126514992,154,2.0,0.0,At Risk,At Risk
roll wrap vintage christmas,4342.6,0.021207974039147173,78.37179923918906,337,0.0,0.0,Healthy,Healthy
vintage union jack shopping bag,4338.63,0.02118858573330841,78.39298782492237,195,14.0,0.0,Healthy,Healthy
lunch box with cutlery fairy cakes,4320.21,0.021098627901179938,78.41408645282355,297,,,Healthy,Weak
classic cafe sugar dispenser,4311.35,0.021055358281600232,78.43514181110515,325,,,Healthy,Weak
vintage seaside jigsaw puzzles,4302.48,0.021012039824978103,78.45615385093014,298,1.0,0.0,Healthy,Healthy
tea time des tea cosy,4298.6,0.02099309105252108,78.47714694198265,344,0.0,0.0,Healthy,Healthy
red spotty tablecloth,4294.6900000000005,0.020973995768936805,78.4981209377516,139,442.0,1.0,Churned,Churned
antique all glass candlestick,4293.7,0.020969160901737716,78.51909009865334,299,0.0,0.0,Healthy,Healthy
set/3 rose candle in jewelled box,4288.33,0.020942935409960853,78.5400330340633,222,15.0,0.0,Healthy,Healthy
set/3 rose candle in jewelled box,4288.33,0.020942935409960853,78.5400330340633,222,13.0,0.0,Healthy,Healthy
recycled acapulco mat green,4286.55,0.020934242416410977,78.56096727647972,205,0.0,0.0,Healthy,Healthy
sandwich bath sponge,4265.24,0.020830170679024564,78.58179744715873,420,107.0,1.0,Churned,Churned
pink  polkadot plate,4265.05,0.020829242775218682,78.60262668993396,239,,,Healthy,Weak
set of 6 herb tins sketchbook,4262.820000000001,0.020818352114760134,78.62344504204871,295,0.0,0.0,Healthy,Healthy
ocean scent candle in jewelled box,4258.97,0.020799549853430348,78.64424459190215,212,35.0,0.0,Healthy,At Risk
office mug warmer polkadot,4254.05,0.02077552202856216,78.66502011393071,269,1.0,0.0,Healthy,Healthy
36 pencils tube red spotty,4252.11,0.02076604764233364,78.68578616157305,275,0.0,0.0,Healthy,Healthy
make your own monsoon card kit,4245.17,0.020732154734897618,78.70651831630795,300,0.0,0.0,Healthy,Healthy
ceramic strawberry money box,4244.41,0.020728443119674075,78.72724675942763,293,16.0,0.0,Healthy,Healthy
12 pencils tall tube skulls,4243.8,0.02072546406008676,78.74797222348772,576,0.0,0.0,Healthy,Healthy
set of 2 tins vintage bathroom,4239.07,0.020702364139024456,78.76867458762675,279,3.0,0.0,Healthy,Healthy
vintage billboard love/hate mug,4224.63,0.020631843449777164,78.78930643107653,373,0.0,0.0,Healthy,Healthy
toast its - i love you,4218.05,0.02059970867586808,78.8099061397524,341,0.0,0.0,Healthy,Healthy
glass bon bon jar,4215.78,0.02058862266723987,78.83049476241963,225,0.0,0.0,Healthy,Healthy
christmas retrospot star wood,4209.9,0.020559906486299837,78.85105466890593,429,0.0,0.0,Healthy,Healthy
chest of drawers gingham heart,4205.5599999999995,0.020538711209891716,78.87159338011583,140,2.0,0.0,At Risk,At Risk
assorted colour t-light holder,4199.27,0.020507992710212673,78.89210137282603,274,1.0,0.0,Healthy,Healthy
zinc t-light holder stars small,4197.83,0.020500960176104907,78.91260233300214,274,0.0,0.0,Healthy,Healthy
glass apothecary bottle perfume,4197.110000000001,0.02049744390905103,78.93309977691119,246,0.0,0.0,Healthy,Healthy
set 20 napkins fairy cakes design,4193.679999999999,0.02048069280350267,78.9535804697147,523,1.0,0.0,Healthy,Healthy
flower vine raffia food cover,4190.93,0.020467262616838542,78.97404773233153,319,1.0,0.0,Healthy,Healthy
sweetheart cream steel foldin bench,4189.5,0.020460278919773194,78.9945080112513,94,453.0,1.0,Churned,Churned
retrospot red washing up gloves,4187.43,0.020450169651993286,79.01495818090329,432,,,Healthy,Weak
set 12 lavender  botanical t-lights,4186.29,0.020444602229157973,79.03540278313245,218,100.0,1.0,Churned,Churned
magic drawing slate dolly girl,4176.45,0.020396546579421592,79.05579932971187,464,0.0,0.0,Healthy,Healthy
red retrospot cup,4164.55,0.020338430498947718,79.07613776021083,469,,,Healthy,Weak
hall cabinet with 3 drawers,4163.54,0.020333497957663798,79.09647125816849,13,309.0,1.0,Churned,Churned
party cones carnival assorted,4153.11,0.02028256092242493,79.11675381909092,155,261.0,1.0,Churned,Churned
set of 16 vintage rose cutlery,4152.17,0.02027797024043792,79.13703178933136,122,,,At Risk,At Risk
ivory giant garden thermometer,4150.31,0.020268886550548728,79.15730067588191,216,213.0,1.0,Churned,Churned
antique glass heart decoration,4149.15,0.020263221453628584,79.17756389733555,182,108.0,1.0,Churned,Churned
parisienne key cabinet,4147.18,0.020253600556272823,79.19781749789182,255,0.0,0.0,Healthy,Healthy
antique heart shelf unit,4145.47,0.020245249422019856,79.21806274731384,74,0.0,0.0,At Risk,At Risk
retro spots butter dish,4142.87,0.020232551790991947,79.23829529910483,173,37.0,0.0,At Risk,At Risk
kings choice cigar box matches,4141.28,0.02022478670124796,79.25852008580608,286,393.0,1.0,Churned,Churned
love heart pocket warmer,4139.56,0.020216386729952577,79.27873647253604,290,0.0,0.0,Healthy,Healthy
doormat vintage leaf,4122.2,0.0201316056243201,79.29886807816035,142,,,At Risk,At Risk
small dolly mix design orange bowl,4099.7699999999995,0.020022064138183207,79.31889014229854,733,0.0,0.0,Healthy,Healthy
small dolly mix design orange bowl,4099.7699999999995,0.020022064138183207,79.31889014229854,733,352.0,1.0,Churned,Churned
childrens cutlery circus parade,4097.22,0.020009610692367376,79.33889975299091,158,0.0,0.0,At Risk,At Risk
union jack hot water bottle,4089.09,0.019969906176883965,79.3588696591678,183,15.0,0.0,At Risk,At Risk
set of 6 t-lights toadstools,4086.5600000000004,0.019957550405152968,79.37882720957295,294,0.0,0.0,Healthy,Healthy
i love london baby gift set,4082.52,0.019937820240017296,79.39876502981296,103,0.0,0.0,At Risk,At Risk
garden metal sign,4080.85,0.019929664453933987,79.4186946942669,344,238.0,1.0,Churned,Churned
buffalo bill treasure book box,4079.28,0.019921997038274828,79.43861669130519,175,0.0,0.0,At Risk,At Risk
red retrospot apron,4079.2000000000003,0.01992160634193551,79.45853829764712,195,,,Healthy,Weak
ladybird + bee raffia food cover,4077.82,0.019914866830082235,79.4784531644772,285,146.0,1.0,Churned,Churned
12 pencils tall tube woodland,4069.16,0.019872573951350826,79.49832573842855,513,0.0,0.0,Healthy,Healthy
"key fob , back door",4061.51,0.019835213613903335,79.51816095204245,688,0.0,0.0,Healthy,Healthy
mouse toy with pink t-shirt,4051.94,0.019788476564312162,79.53794942860677,442,1.0,0.0,Healthy,Healthy
hanging fairy cake decoration,4049.4,0.019776071955538745,79.5577255005623,188,1.0,0.0,At Risk,At Risk
easter tin bucket,4039.63,0.01972835816509927,79.5774538587274,176,262.0,1.0,Churned,Churned
skulls  stickers,4034.5099999999998,0.019703353599382776,79.59715721232678,370,1.0,0.0,Healthy,Healthy
vintage christmas cake frill,4034.08,0.01970125360655893,79.61685846593333,151,0.0,0.0,At Risk,At Risk
set of 4 napkin charms hearts,4021.12,0.019637960799589065,79.63649642673292,275,1.0,0.0,Healthy,Healthy
empire design rosette,4020.89,0.01963683754761352,79.65613326428053,87,30.0,0.0,At Risk,At Risk
hen house decoration,4017.7400000000002,0.01962145387925279,79.67575471815978,300,3.0,0.0,Healthy,Healthy
ceramic plate strawberry design,4011.73,0.01959210281676136,79.69534682097654,260,0.0,0.0,Healthy,Healthy
ivy heart wreath,4010.73,0.019587219112519857,79.71493404008906,171,37.0,0.0,At Risk,At Risk
heart shaped holly wreath,3999.5,0.01953237511388779,79.73446641520295,172,3.0,0.0,At Risk,At Risk
red spotty cup,3999.45,0.019532130928675714,79.75399854613163,434,0.0,0.0,Healthy,Healthy
grey floral feltcraft shoulder bag,3997.34,0.019521826312726146,79.77352037244435,296,43.0,0.0,Healthy,At Risk
"hook, 1 hanger ,magic garden",3988.85,0.01948036366371579,79.79300073610807,413,98.0,1.0,Churned,Churned
pack of 6 skull paper cups,3988.06,0.019476505537365005,79.81247724164544,385,0.0,0.0,Healthy,Healthy
union jack guns & roses  doormat,3987.11,0.019471866018335577,79.83194910766377,102,0.0,0.0,At Risk,At Risk
tea cosy vintage union jack,3984.99,0.01946151256534359,79.85141062022912,109,437.0,1.0,Churned,Churned
set of 36 doilies pantry design,3983.6,0.019454724216447904,79.87086534444556,244,3.0,0.0,Healthy,Healthy
cream felt easter egg basket,3982.91,0.019451354460521268,79.89031669890608,318,266.0,1.0,Churned,Churned
"hook, 3 hanger ,magic garden",3979.2,0.019433235917785296,79.90974993482386,208,71.0,1.0,Churned,Churned
spotty  home sweet home doormat,3978.34,0.019429035932137604,79.929178970756,120,0.0,0.0,At Risk,At Risk
wrap christmas village,3971.46,0.01939543604695607,79.94857440680295,283,1.0,0.0,Healthy,Healthy
charlotte bag pink with white spots,3959.52,0.019337124618312534,79.96791153142127,319,,,Weak,At Risk
assorted tutti frutti small purse,3956.48,0.019322278157418365,79.98723380957868,231,0.0,0.0,Weak,At Risk
brocante coat rack,3942.62,0.019254590016631146,80.00648839959531,84,176.0,1.0,Churned,Churned
wall art dog licence,3939.76,0.019240622622500453,80.02572902221782,114,,,Weak,Weak
landmark frame baker street,3930.27,0.019194276269248595,80.04492329848706,32,0.0,0.0,Weak,Weak
glass jar kings choice,3928.28,0.019184557697808007,80.06410785618488,194,2.0,0.0,Weak,At Risk
white tall porcelain t-light holder,3924.92,0.01916814845155656,80.08327600463643,211,0.0,0.0,Weak,At Risk
garland with hearts and bells,3917.4900000000002,0.019131862529042202,80.10240786716547,205,0.0,0.0,Weak,At Risk
pantry scrubbing brush,3910.01,0.019095332421315767,80.12150319958678,291,0.0,0.0,Weak,At Risk
set 10 night owl lights,3908.73,0.01908908127988664,80.14059228086667,170,,,Weak,Weak
green metal box army supplies,3906.25,0.019076969693367713,80.15966925056004,135,0.0,0.0,Weak,Weak
polyester filler pad 45x45cm,3901.3500000000004,0.019053039542584357,80.17872229010263,353,1.0,0.0,Weak,At Risk
recycled acapulco mat red,3896.84,0.01903101403645518,80.19775330413908,186,7.0,0.0,Weak,Weak
office mug warmer choc+blue,3888.4800000000005,0.018990186268996224,80.21674349040808,249,0.0,0.0,Weak,At Risk
white bell honeycomb paper,3885.64,0.018976316548950354,80.23571980695702,216,11.0,0.0,Weak,At Risk
"mirror, arched georgian",3884.000000000001,0.018968307273994296,80.25468811423102,1,421.0,1.0,Churned,Churned
bicycle puncture repair kit,3881.91,0.01895810033212955,80.27364621456314,116,0.0,0.0,Weak,Weak
multicolour spring flower mug,3881.33,0.01895526778366948,80.29260148234681,204,1.0,0.0,Weak,At Risk
please one person  metal sign,3868.07,0.018890509865427164,80.31149199221224,178,0.0,0.0,Weak,Weak
rose scent candle in jewelled box,3864.87,0.018874882011854357,80.3303668742241,186,8.0,0.0,Weak,Weak
rose scent candle in jewelled box,3864.87,0.018874882011854357,80.3303668742241,186,153.0,1.0,Churned,Churned
blue  spotty plate,3859.6299999999997,0.018849291401628884,80.34921616562572,204,3.0,0.0,Weak,At Risk
skull design tv dinner tray,3856.8,0.018835470518625434,80.36805163614434,256,0.0,0.0,Weak,At Risk
cardholder gingham christmas tree,3854.15,0.018822528702385453,80.38687416484673,208,0.0,0.0,Weak,At Risk
biscuit tin vintage green,3851.76,0.018810856649248264,80.40568502149598,176,4.0,0.0,Weak,Weak
birdhouse garden marker,3848.41,0.01879449624003923,80.42447951773602,317,0.0,0.0,Weak,At Risk
feltcraft doll maria,3848.34,0.018794154380742327,80.44327367211676,300,201.0,1.0,Churned,Churned
pencil case life is beautiful,3842.6600000000003,0.018766414940650594,80.46204008705742,271,0.0,0.0,Weak,At Risk
12 ivory rose peg place settings,3842.63,0.01876626842952335,80.48080635548695,336,78.0,1.0,Churned,Churned
joy wooden block letters,3842.07,0.01876353355514811,80.49956988904209,271,0.0,0.0,Weak,At Risk
parisienne sewing box,3839.2400000000002,0.018749712672144658,80.51831960171424,138,0.0,0.0,Weak,Weak
tool box soft toy,3839.0899999999997,0.01874898011650843,80.53706858183075,222,0.0,0.0,Weak,At Risk
set/4 blue flower candles in bowl,3837.2999999999997,0.01874023828591614,80.55580882011667,255,242.0,1.0,Churned,Churned
set/4 blue flower candles in bowl,3837.2999999999997,0.01874023828591614,80.55580882011667,255,533.0,1.0,Churned,Churned
set of salt and pepper toadstools,3835.71,0.018732473196172154,80.57454129331283,265,,,Weak,At Risk
vintage red teatime mug,3830.67,0.018707859326794984,80.59324915263963,266,65.0,1.0,Churned,Churned
glass cloche small,3828.66,0.018698043081269565,80.6119471957209,193,15.0,0.0,Weak,At Risk
set of 4 fairy cake placemats,3824.85,0.01867943616810944,80.63062663188902,255,26.0,0.0,Weak,At Risk
set of 4 fairy cake placemats,3824.85,0.01867943616810944,80.63062663188902,255,212.0,1.0,Churned,Churned
glass cloche large,3821.82,0.01866463854425769,80.64929127043327,99,140.0,1.0,Churned,Churned
gymkhana treasure book box,3815.5299999999997,0.01863392004457864,80.66792519047785,200,,,Weak,At Risk
s/4 pink flower candles in bowl,3809.64,0.018605155026596192,80.68653034550444,434,0.0,0.0,Weak,At Risk
s/4 pink flower candles in bowl,3809.64,0.018605155026596192,80.68653034550444,434,8.0,0.0,Weak,At Risk
ivory enchanted forest placemat,3804.81,0.018581566735109738,80.70511191223954,242,0.0,0.0,Weak,At Risk
ivory enchanted forest placemat,3804.81,0.018581566735109738,80.70511191223954,242,1.0,0.0,Weak,At Risk
pink diamante pen in gift box,3803.4,0.01857468071212922,80.72368659295168,264,0.0,0.0,Weak,At Risk
rex cash+carry jumbo shopper,3801.9,0.01856735515576697,80.74225394810745,1902,0.0,0.0,Weak,At Risk
"charlotte bag , suki design",3796.59,0.01854142268624459,80.76079537079369,339,0.0,0.0,Weak,At Risk
charlie and lola charlotte bag,3795.0,0.0185336575965006,80.7793290283902,269,261.0,1.0,Churned,Churned
flag of st george car flag,3791.67,0.0185173948613764,80.79784642325157,62,85.0,1.0,Churned,Churned
cast iron hook garden fork,3790.47,0.0185115344162866,80.81635795766786,173,233.0,1.0,Churned,Churned
white hanging beads candle holder,3789.25,0.018505576297111966,80.83486353396498,144,11.0,0.0,Weak,Weak
16 piece cutlery set pantry design,3785.06,0.01848511357634007,80.85334864754132,69,1.0,0.0,Weak,Weak
red spotty oven glove,3778.37,0.01845244159496442,80.87180108913628,339,0.0,0.0,Weak,At Risk
pompom curtain,3771.04,0.01841664404287421,80.89021773317916,133,0.0,0.0,Weak,Weak
star portable table light,3767.0800000000004,0.018397304574077865,80.90861503775324,182,87.0,1.0,Churned,Churned
elephant carnival pouffe,3766.35,0.018393739469981563,80.92700877722322,115,45.0,0.0,Weak,At Risk
food cover with beads set 2,3761.63,0.018370688385961675,80.94537946560918,145,0.0,0.0,Weak,Weak
garland with stars and bells,3761.4100000000003,0.01836961397102855,80.96374907958021,184,0.0,0.0,Weak,Weak
utilty cabinet with hooks,3760.71,0.018366195378059495,80.98211527495828,18,326.0,1.0,Churned,Churned
dinosaurs  writing set,3760.66,0.01836595119284742,81.00048122615112,555,0.0,0.0,Weak,At Risk
dairy maid stripe mug,3758.4100000000003,0.01835496285830404,81.01883618900943,158,11.0,0.0,Weak,Weak
large antique white photo frame,3757.78,0.018351886124631893,81.03718807513407,135,0.0,0.0,Weak,Weak
"key fob , garage design",3756.66,0.01834641637588141,81.05553449150995,475,0.0,0.0,Weak,At Risk
mini jigsaw spaceboy,3756.52,0.0183457326572876,81.07388022416723,341,0.0,0.0,Weak,At Risk
enamel colander cream,3754.4,0.018335379204295614,81.09221560337153,278,,,Weak,At Risk
3d dog picture playing cards,3753.28,0.01832990945554513,81.11054551282707,218,4.0,0.0,Weak,At Risk
3d dog picture playing cards,3753.28,0.01832990945554513,81.11054551282707,218,0.0,0.0,Weak,At Risk
romantic pinks ribbons,3748.75,0.01830778627533113,81.1288532991024,501,0.0,0.0,Weak,At Risk
romantic pinks ribbons,3748.75,0.01830778627533113,81.1288532991024,501,16.0,0.0,Weak,At Risk
"charlotte bag , pink/white spots",3740.38,0.018266909670829758,81.14712020877323,359,0.0,0.0,Weak,At Risk
heart garland rustic padded,3737.9,0.018254798084310832,81.16537500685754,260,15.0,0.0,Weak,At Risk
set of 3 blue stripe basket,3734.9400000000005,0.018240342319755985,81.1836153491773,80,485.0,1.0,Churned,Churned
3d vintage christmas stickers,3733.84,0.018234970245090333,81.20185031942239,299,1.0,0.0,Weak,At Risk
emergency first aid tin,3730.92,0.018220709828705144,81.2200710292511,468,1.0,0.0,Weak,At Risk
cinderella chandelier,3717.56,0.018155463540038677,81.23822649279114,23,35.0,0.0,Weak,At Risk
wooden tree christmas scandinavian,3715.68,0.018146282176064652,81.2563727749672,550,10.0,0.0,Weak,At Risk
red spotty oven glove double,3715.23,0.018144084509155976,81.27451685947636,173,15.0,0.0,Weak,Weak
set 3 wicker storage baskets,3712.2999999999997,0.018129775255728373,81.2926466347321,84,2.0,0.0,Weak,Weak
storage tin vintage doily,3704.78,0.01809304979983228,81.31073968453192,190,,,Weak,At Risk
cinammon & orange wreath,3702.75,0.01808313588022203,81.32882282041214,177,0.0,0.0,Weak,Weak
skulls and crossbones wrap,3695.3,0.01804675228362284,81.34686957269577,267,,,Weak,At Risk
toilet sign occupied or vacant,3688.21,0.01801212682055059,81.36488169951632,433,0.0,0.0,Weak,At Risk
magnets pack of 4 swallows,3687.48,0.018008561716454295,81.38289026123277,430,0.0,0.0,Weak,At Risk
floral elephant soft toy,3682.76,0.017985510632434403,81.4008757718652,139,456.0,1.0,Churned,Churned
mistletoe heart wreath green,3676.18,0.017953375858525317,81.41882914772373,179,4.0,0.0,Weak,Weak
glass apothecary bottle tonic,3674.1600000000003,0.017943510775957485,81.43677265849969,223,0.0,0.0,Weak,At Risk
fuschia retro bar stool,3672.35,0.017934671271280365,81.45470732977097,36,247.0,1.0,Churned,Churned
ribbon reel spots design,3668.58,0.017916259706289902,81.47262358947727,277,0.0,0.0,Weak,At Risk
blue polkadot cup,3658.27,0.017865908715560017,81.49048949819283,399,,,Weak,At Risk
chalkboard kitchen organiser,3656.86,0.0178590226925795,81.5083485208854,45,338.0,1.0,Churned,Churned
chest natural wood 20 drawers,3655.0,0.017849939002690305,81.52619845988809,18,24.0,0.0,Weak,Weak
retro spot  cigar box matches,3652.0,0.017835287889965797,81.54403374777806,190,0.0,0.0,Weak,At Risk
set/3 decoupage stacking tins,3646.83,0.01781003913903723,81.5618437869171,224,1.0,0.0,Weak,At Risk
set/3 decoupage stacking tins,3646.83,0.01781003913903723,81.5618437869171,224,437.0,1.0,Churned,Churned
jam jar with pink lid,3640.93,0.017781225284012367,81.5796250122011,354,0.0,0.0,Weak,At Risk
pink heart dots hot water bottle,3638.67,0.017770188112426574,81.59739520031353,294,366.0,1.0,Churned,Churned
cardholder gingham star,3626.78,0.017712120868995113,81.61510732118252,238,0.0,0.0,Weak,At Risk
set of 6 snack loaf baking cases,3607.81,0.01761947699953382,81.63272679818205,354,0.0,0.0,Weak,At Risk
savoy art deco clock,3607.81,0.01761947699953382,81.65034627518158,146,119.0,1.0,Churned,Churned
lunchbox with cutlery fairy cakes,3597.68,0.017570005075567403,81.66791628025715,196,214.0,1.0,Churned,Churned
drawer knob crackle glaze ivory,3595.38,0.017558772555811945,81.68547505281296,194,12.0,0.0,Weak,At Risk
rain poncho with red spots,3592.97,0.017547002828589925,81.70302205564155,161,0.0,0.0,Weak,Weak
union jack flag luggage tag,3591.5,0.017539823783354915,81.7205618794249,453,1.0,0.0,Weak,At Risk
red drawer knob acrylic edwardian,3591.06,0.017537674953488656,81.7380995543784,184,2.0,0.0,Weak,Weak
cowboys and indians birthday card,3587.2200000000003,0.01751892152920129,81.7556184759076,628,0.0,0.0,Weak,At Risk
antique silver bauble lamp,3583.23,0.017499435549277693,81.77311791145688,78,0.0,0.0,Weak,Weak
coloured glass star t-light holder,3580.96,0.017488349540649484,81.79060626099754,52,,,Weak,Weak
classic chrome bicycle bell,3578.62,0.01747692167272437,81.80808318267026,193,0.0,0.0,Weak,At Risk
christmas metal postcard with bells,3577.9900000000002,0.017473844939052224,81.8255570276093,158,1.0,0.0,Weak,Weak
red retro bar stool,3570.87,0.017439072964852725,81.84299610057415,37,414.0,1.0,Churned,Churned
"swiss roll towel, pink  spots",3570.57,0.01743760785358028,81.86043370842773,150,4.0,0.0,Weak,Weak
wrap red apples,3564.76,0.01740923353193715,81.87784294195967,295,0.0,0.0,Weak,At Risk
pink hawaiian picnic hamper for 4,3560.09,0.017386426633129337,81.8952293685928,61,552.0,1.0,Churned,Churned
pink hawaiian picnic hamper for 4,3560.09,0.017386426633129337,81.8952293685928,61,552.0,1.0,Churned,Churned
dinosaur party bag + sticker set,3552.3599999999997,0.017348675599342524,81.91257804419213,264,2.0,0.0,Weak,At Risk
classic french style basket natural,3552.09,0.01734735699919732,81.92992540119133,178,44.0,0.0,Weak,At Risk
christmas retrospot tree wood,3552.0899999999997,0.017347356999197316,81.94727275819052,388,0.0,0.0,Weak,At Risk
white rocking horse hand painted,3551.53,0.01734462212482208,81.96461738031535,192,0.0,0.0,Weak,At Risk
birds mobile vintage design,3545.02,0.017312829210209896,81.98193020952556,180,0.0,0.0,Weak,Weak
ivory wicker heart large,3542.71,0.01730154785341203,81.99923175737896,287,0.0,0.0,Weak,At Risk
box of 9 pebble candles,3540.22,0.01728938742985069,82.01652114480882,308,32.0,0.0,Weak,At Risk
shoe shine box,3538.2799999999997,0.017279913043622173,82.03380105785244,178,98.0,1.0,Churned,Churned
nurse's bag soft toy,3538.0,0.017278545606434555,82.05107960345887,182,25.0,0.0,Weak,Weak
black retro bar stool,3533.9,0.017258522419044395,82.06833812587791,31,412.0,1.0,Churned,Churned
bundle of 3 retro note books,3529.89,0.01723893876503597,82.08557706464295,276,0.0,0.0,Weak,At Risk
christmas retrospot heart wood,3529.31,0.0172361062165759,82.10281317085952,289,0.0,0.0,Weak,At Risk
minature coloured gardening set,3527.42,0.017226876015559462,82.12004004687508,178,550.0,1.0,Churned,Churned
no junk mail metal sign,3517.9,0.01718038315118036,82.13722043002626,505,87.0,1.0,Churned,Churned
zinc herb garden container,3516.64,0.017174229683836067,82.15439465971009,204,28.0,0.0,Weak,At Risk
6 gift tags vintage christmas,3510.05,0.01714204607288457,82.17153670578298,327,0.0,0.0,Weak,At Risk
newspaper stand,3508.3,0.017133499590461943,82.18867020537344,53,364.0,1.0,Churned,Churned
set of 12 fork candles,3507.5099999999998,0.017129641464111153,82.20579984683755,141,0.0,0.0,Weak,Weak
tote bag i love london,3506.56,0.017125001945081725,82.22292484878263,199,0.0,0.0,Weak,At Risk
silver christmas tree bauble stand,3505.58,0.017120215914925054,82.24004506469755,126,78.0,1.0,Churned,Churned
blue polkadot wrap,3504.84,0.017116601973786345,82.25716166667134,264,,,Weak,At Risk
6 ribbons empire,3490.19,0.017045055706648337,82.27420672237798,375,0.0,0.0,Weak,At Risk
polka dot raffia food cover,3482.01,0.017005107005952848,82.29121182938394,210,2.0,0.0,Weak,At Risk
lunchbox with cutlery retrospot,3481.89,0.017004520961443868,82.30821635034539,231,0.0,0.0,Weak,At Risk
red flower crochet food cover,3479.79,0.016994265182536713,82.32521061552792,275,0.0,0.0,Weak,At Risk
"rustic wooden cabinet, glass doors",3462.49,0.016909777099158724,82.34212039262708,25,259.0,1.0,Churned,Churned
tea cosy red  stripe,3459.08,0.016893123667695204,82.35901351629478,266,0.0,0.0,Weak,At Risk
blue spotty bowl,3455.94,0.01687778883637689,82.37589130513116,308,0.0,0.0,Weak,At Risk
strawberry lunchbox with cutlery,3454.09,0.016868753983530112,82.39276005911469,183,0.0,0.0,Weak,Weak
metal shelf with rail,3451.82,0.0168576679749019,82.4096177270896,185,435.0,1.0,Churned,Churned
roll wrap vintage spot,3445.08,0.016824751808314175,82.42644247889791,305,0.0,0.0,Weak,At Risk
metal sign drop your pants,3444.43,0.016821577400557196,82.44326405629847,206,0.0,0.0,Weak,At Risk
set of 4 english rose coasters,3439.84,0.016799161198088705,82.46006321749657,532,0.0,0.0,Weak,At Risk
set of 4 english rose coasters,3439.84,0.016799161198088705,82.46006321749657,532,164.0,1.0,Churned,Churned
6 gift tags 50's christmas,3429.4,0.016748175325807423,82.47681139282237,322,0.0,0.0,Weak,At Risk
magic drawing slate circus parade,3427.12,0.016737040480136797,82.49354843330251,402,0.0,0.0,Weak,At Risk
set of 5 mini grocery magnets,3423.29,0.016718335892891845,82.5102667691954,205,0.0,0.0,Weak,At Risk
feltcraft girl nicole kit,3422.4,0.01671398939611691,82.52698075859152,182,,,Weak,Weak
door mat friendship,3420.2400000000002,0.016703440594955262,82.54368419918647,179,227.0,1.0,Churned,Churned
glass apothecary bottle elixir,3419.5800000000004,0.016700217350155873,82.56038441653664,209,0.0,0.0,Weak,At Risk
woodland mini backpack,3411.34,0.016659975627205895,82.57704439216384,152,0.0,0.0,Weak,Weak
large white honeycomb paper bell,3408.61,0.016646643114626592,82.59369103527847,201,1.0,0.0,Weak,At Risk
"key fob , front  door",3408.03,0.016643810566166522,82.61033484584463,474,0.0,0.0,Weak,At Risk
peace small wood letters,3407.7200000000003,0.016642296617851656,82.62697714246248,167,57.0,0.0,Weak,At Risk
pink and lilac quilted throw,3402.32,0.016615924614947545,82.64359306707743,30,576.0,1.0,Churned,Churned
tea time tea set in gift box,3401.15,0.016610210680984987,82.66020327775841,177,120.0,1.0,Churned,Churned
balloon water bomb pack of 35,3399.41,0.016601713035604773,82.67680499079401,292,3.0,0.0,Weak,At Risk
12 pencils tall tube red retrospot,3395.02,0.016580273573984578,82.69338526436799,383,,,Weak,At Risk
ceramic strwberry design mug,3393.1,0.016570896861840892,82.70995616122983,215,0.0,0.0,Weak,At Risk
cast iron hook garden trowel,3389.74,0.016554487615589444,82.72651064884542,172,226.0,1.0,Churned,Churned
square mirror curtain,3381.62,0.01651483193714845,82.74302548078256,53,424.0,1.0,Churned,Churned
enamel fire bucket cream,3379.67,0.016505308713877523,82.75953078949644,191,1.0,0.0,Weak,At Risk
skulls writing set,3378.5099999999998,0.016499643616957375,82.77603043311339,495,0.0,0.0,Weak,At Risk
s/16 vintage red cutlery,3375.2499999999995,0.01648372274113008,82.79251415585452,39,1.0,0.0,Weak,Weak
s/16 vintage red cutlery,3375.2499999999995,0.01648372274113008,82.79251415585452,39,66.0,1.0,Churned,Churned
vintage  2 metre folding ruler,3374.0499999999997,0.01647786229604028,82.80899201815056,152,,,Weak,Weak
love heart napkin box,3373.22,0.01647380882151983,82.82546582697208,221,317.0,1.0,Churned,Churned
sweetheart 3 tier cake stand,3371.58,0.016465799546563766,82.84193162651864,158,,,Weak,Weak
camoflage design teddy,3368.92,0.016452808893281372,82.85838443541192,44,79.0,1.0,Churned,Churned
cream wall planter heart shaped,3367.35,0.016445141477622213,82.87482957688954,183,0.0,0.0,Weak,Weak
door mat airmail,3366.71,0.01644201590690765,82.89127159279644,139,,,Weak,Weak
set of 72 skull paper  doilies,3365.64,0.016436790343369246,82.9077083831398,237,10.0,0.0,Weak,At Risk
cake plate lovebird pink,3359.66,0.01640758579200506,82.92411596893182,175,2.0,0.0,Weak,Weak
watering can garden marker,3356.74,0.016393325375619876,82.94050929430743,276,0.0,0.0,Weak,At Risk
set of 4 knick knack tins poppies,3353.84,0.01637916263331952,82.95688845694075,178,0.0,0.0,Weak,Weak
empire gift wrap,3351.0,0.016365292913273655,82.97325374985402,261,3.0,0.0,Weak,At Risk
"wall mirror , diamante oval shape",3331.91,0.016272062999303376,82.98952581285333,129,0.0,0.0,Weak,Weak
set 12 kids  white chalk sticks,3324.22,0.016234507313686225,83.00576032016701,467,0.0,0.0,Weak,At Risk
love heart sock hanger,3322.22,0.01622473990520322,83.02198506007221,265,1.0,0.0,Weak,At Risk
magic drawing slate purdey,3314.08,0.016184986552677395,83.03817004662488,351,0.0,0.0,Weak,At Risk
large deco jewellery stand,3302.44,0.016128140235306312,83.0542981868602,95,50.0,0.0,Weak,At Risk
set of 4 diamond napkin rings,3300.7599999999998,0.016119935612180586,83.07041812247238,99,2.0,0.0,Weak,Weak
pink polkadot wrap,3298.5,0.01610889844059479,83.08652702091297,260,,,Weak,At Risk
blue owl soft toy,3297.9300000000003,0.01610611472917714,83.10263313564215,257,39.0,0.0,Weak,At Risk
cake stand victorian filigree med,3297.25,0.016102793810292913,83.11873592945244,209,26.0,0.0,Weak,At Risk
pink padded mobile,3296.7,0.016100107772960087,83.1348360372254,245,43.0,0.0,Weak,At Risk
pink  polkadot cup,3292.9,0.01608154969684238,83.15091758692223,382,,,Weak,At Risk
pink spotty childs umbrella,3292.86,0.01608135434867272,83.1669989412709,206,273.0,1.0,Churned,Churned
set of 2 fancy font tea towels,3290.0800000000004,0.016067777650881347,83.18306671892178,191,475.0,1.0,Churned,Churned
black and white paisley flower mug,3288.65,0.016060793953816,83.19912751287559,33,610.0,1.0,Churned,Churned
easter tree yellow birds,3285.86,0.016047168418982207,83.21517468129457,149,1.0,0.0,Weak,Weak
charlie lola blue hot water bottle,3279.66,0.016016889452684892,83.23119157074726,271,0.0,0.0,Weak,At Risk
charlie lola blue hot water bottle,3279.66,0.016016889452684892,83.23119157074726,271,38.0,0.0,Weak,At Risk
cupboard 3 drawer ma campagne,3276.62,0.016002042991790724,83.24719361373904,133,2.0,0.0,Weak,Weak
set of 60 vintage leaf cake cases,3272.6099999999997,0.0159824593377823,83.26317607307682,382,0.0,0.0,Weak,At Risk
set 3 song bird paper eggs assorted,3271.4100000000003,0.015976598892692498,83.27915267196951,138,1.0,0.0,Weak,Weak
sweetheart wire magazine rack,3271.35,0.01597630587043801,83.29512897783995,209,0.0,0.0,Weak,At Risk
heart shaped mirror,3266.4,0.015952131534442575,83.3110811093744,212,365.0,1.0,Churned,Churned
cherry crochet food cover,3263.75,0.015939189718202594,83.3270202990926,254,0.0,0.0,Weak,At Risk
belle jardiniere cushion cover,3257.08,0.015906615410911776,83.34292691450351,210,0.0,0.0,Weak,At Risk
recycled acapulco mat pink,3254.32,0.01589313638720523,83.35882005089071,164,0.0,0.0,Weak,Weak
string of 20 rose lights,3248.94,0.015866862058385948,83.3746869129491,45,617.0,1.0,Churned,Churned
ceramic strawberry design mug,3245.93,0.015852162108619023,83.39053907505772,243,,,Weak,At Risk
fairy soap soap holder,3244.14,0.015843420278026734,83.40638249533575,293,141.0,1.0,Churned,Churned
small marshmallows pink bowl,3243.32,0.015839415640548703,83.42222191097629,614,0.0,0.0,Weak,At Risk
small marshmallows pink bowl,3243.32,0.015839415640548703,83.42222191097629,614,4.0,0.0,Weak,At Risk
lipstick pen red,3242.59,0.01583585053645241,83.43805776151274,509,0.0,0.0,Weak,At Risk
dinosaur keyrings assorted,3242.18,0.01583384821771339,83.45389160973045,409,50.0,0.0,Weak,At Risk
fluted antique candle holder,3241.1299999999997,0.015828720328259813,83.4697203300587,262,0.0,0.0,Weak,At Risk
3d traditional christmas stickers,3238.49,0.015815827349062245,83.48553615740776,302,,,Weak,At Risk
white bamboo ribs lampshade,3234.97,0.01579863671013216,83.5013347941179,151,26.0,0.0,Weak,Weak
white bamboo ribs lampshade,3234.97,0.01579863671013216,83.5013347941179,151,721.0,1.0,Churned,Churned
white bamboo ribs lampshade,3234.97,0.01579863671013216,83.5013347941179,151,185.0,1.0,Churned,Churned
recycled acapulco mat blue,3223.49,0.015742571785439714,83.51707736590333,162,0.0,0.0,Weak,Weak
jazz hearts purse notebook,3220.3999999999996,0.015727481139333473,83.53280484704267,433,0.0,0.0,Weak,At Risk
wrap alphabet design,3217.92,0.01571536955281455,83.54852021659548,235,0.0,0.0,Weak,At Risk
red hanging metal star tlight hldr,3214.57,0.015699009143605516,83.56421922573908,58,437.0,1.0,Churned,Churned
sweetheart cream steel table rect,3212.16,0.015687239416383496,83.57990646515546,90,18.0,0.0,Weak,Weak
black diner wall clock,3212.1,0.015686946394129007,83.59559341154959,160,120.0,1.0,Churned,Churned
white sweethearts cabinet 4 drawers,3210.04,0.015676885963391514,83.61127029751297,143,494.0,1.0,Churned,Churned
green cherry lights,3209.36,0.015673565044507294,83.62694386255748,83,597.0,1.0,Churned,Churned
home sweet home cushion cover,3207.91,0.01566648367335711,83.64261034623084,229,0.0,0.0,Weak,At Risk
black wine glass,3196.01,0.015608367592883239,83.65821871382373,91,31.0,0.0,Weak,At Risk
pack of 12 pink spot tissues,3194.19,0.015599479251163706,83.6738181930749,197,0.0,0.0,Weak,At Risk
classic white frame,3192.09,0.015589223472256549,83.68940741654716,222,248.0,1.0,Churned,Churned
"swiss roll towel, chocolate  spots",3187.1600000000003,0.015565146810345945,83.7049725633575,214,0.0,0.0,Weak,At Risk
assorted creepy crawlies,3185.6,0.0155575282317292,83.72053009158923,256,15.0,0.0,Weak,At Risk
triangular pouffe vintage,3185.2799999999997,0.015555965446371918,83.73608605703559,87,1.0,0.0,Weak,Weak
retro spot small tube matches,3183.45,0.01554702826760997,83.7516330853032,131,2.0,0.0,Weak,Weak
cabin bag vintage paisley,3178.02,0.015520509753578614,83.76715359505678,54,12.0,0.0,Weak,Weak
s/16 vintage pistachio cutlery,3177.2999999999997,0.015516993486524732,83.78267058854331,58,16.0,0.0,Weak,Weak
set of 6 funky beakers,3169.3900000000003,0.015478363385974452,83.79814895192929,302,0.0,0.0,Weak,At Risk
soap dish brocante,3166.61,0.015464786688183074,83.81361373861748,169,3.0,0.0,Weak,Weak
red/white spot picnic bag,3164.59,0.01545492160561524,83.82906866022309,111,0.0,0.0,Weak,Weak
set of 6 strawberry chopsticks,3164.18,0.015452919286876223,83.84452157950996,269,0.0,0.0,Weak,At Risk
3 traditional biscuit cutters  set,3162.6400000000003,0.015445398382344313,83.8599669778923,250,0.0,0.0,Weak,At Risk
mint diner wall clock,3159.41,0.015429624017644259,83.87539660190994,162,2.0,0.0,Weak,Weak
black and white cat bowl,3156.3199999999997,0.015414533371538018,83.89081113528148,94,6.0,0.0,Weak,Weak
black and white dog bowl,3155.4,0.015410040363635837,83.90622117564511,98,62.0,1.0,Churned,Churned
set of 6 kashmir folkart baubles,3153.88,0.015402617133188754,83.9216237927783,194,34.0,0.0,Weak,At Risk
gin & tonic diet greeting card,3149.93,0.01538332650143482,83.93700711927974,553,0.0,0.0,Weak,At Risk
drawer knob ceramic ivory,3147.79,0.015372875374358006,83.9523799946541,190,0.0,0.0,Weak,At Risk
white wicker star,3146.78,0.01536794283307409,83.96774793748718,294,0.0,0.0,Weak,At Risk
office mug warmer pink,3146.07,0.015364475403062622,83.98311241289024,137,0.0,0.0,Weak,Weak
bag 500g swirly marbles,3145.71,0.01536271726953568,83.99847513015978,225,0.0,0.0,Weak,At Risk
pink  spotty cup,3145.4900000000002,0.015361642854602552,84.01383677301438,369,0.0,0.0,Weak,At Risk
pink spots  wrap,3144.5,0.015356807987403463,84.02919358100178,232,4.0,0.0,Weak,At Risk
green drawer knob acrylic edwardian,3141.11,0.015340252230024772,84.0445338332318,226,2.0,0.0,Weak,At Risk
mobile vintage hearts,3139.99,0.015334782481274286,84.05986861571307,224,9.0,0.0,Weak,At Risk
glitter heart garland with bells,3132.39,0.01529766632903887,84.0751662820421,180,3.0,0.0,Weak,Weak
kitchen metal sign,3129.2400000000002,0.015282282660678142,84.09044856470278,704,1.0,0.0,Weak,At Risk
lads only tissue box,3123.0299999999997,0.015251954857338412,84.10570051956012,284,0.0,0.0,Weak,At Risk
spaceboy beaker,3112.34,0.015199748058996754,84.1209002676191,184,0.0,0.0,Weak,Weak
eucalyptus & pinecone  wreath,3110.28,0.015189687628259261,84.13608995524737,158,23.0,0.0,Weak,Weak
salle de bain hook,3109.83,0.015187489961350584,84.15127744520872,339,120.0,1.0,Churned,Churned
money box kings choice design,3104.35,0.015160727262107153,84.16643817247083,214,0.0,0.0,Weak,At Risk
tea for one polkadot,3103.7,0.015157552854350175,84.18159572532518,230,0.0,0.0,Weak,At Risk
5 hook blackboard organiser,3101.46,0.015146613356849213,84.19674233868203,125,471.0,1.0,Churned,Churned
children's spaceboy mug,3100.94,0.015144073830643631,84.21188641251267,238,0.0,0.0,Weak,At Risk
english rose garden secateurs,3096.08,0.015120339028029929,84.2270067515407,312,29.0,0.0,Weak,At Risk
rocking horse green christmas,3087.18,0.01507687406028056,84.24208362560098,362,9.0,0.0,Weak,At Risk
porcelain t-light holders assorted,3083.82,0.015060464814029114,84.25714409041501,236,2.0,0.0,Weak,At Risk
teatime cake tin with handle,3083.2,0.01505743691739938,84.27220152733241,107,619.0,1.0,Churned,Churned
"folding umbrella , black/blue  spot",3077.01,0.015027206788144487,84.28722873412056,69,3.0,0.0,Weak,Weak
cherry blossom decorative flask,3076.92,0.015026767254762749,84.30225550137533,215,175.0,1.0,Churned,Churned
hanging metal bird bath,3076.39,0.015024178891514752,84.31727968026684,143,388.0,1.0,Churned,Churned
pizza slice dish,3074.18,0.015013385905141032,84.33229306617197,113,475.0,1.0,Churned,Churned
vintage  2 meter folding ruler,3073.7200000000003,0.015011139401189944,84.34730420557317,181,0.0,0.0,Weak,Weak
airline bag vintage world champion,3073.43,0.015009723126959907,84.36231392870013,287,0.0,0.0,Weak,At Risk
angel decoration 3 buttons,3073.32,0.015009185919493342,84.37732311461963,317,0.0,0.0,Weak,At Risk
green rose washbag,3072.64,0.015005865000609119,84.39232897962023,259,3.0,0.0,Weak,At Risk
tv dinner tray vintage paisley,3070.92,0.014997465029313735,84.40732644464954,209,0.0,0.0,Weak,At Risk
large red babushka notebook,3070.18,0.014993851088175025,84.42232029573772,308,0.0,0.0,Weak,At Risk
strawberry honeycomb  garland,3067.9,0.0149827162425044,84.43730301198022,238,15.0,0.0,Weak,At Risk
red retrospot pudding bowl,3065.45,0.014970751167112719,84.45227376314733,182,,,Weak,Weak
jam jar with green lid,3060.43,0.014946234971820377,84.46721999811915,317,,,Weak,At Risk
heart calculator,3047.99,0.014885481691056092,84.4821054798102,291,0.0,0.0,Weak,At Risk
box of 6 assorted colour teaspoons,3047.91,0.014885090994716771,84.49699057080491,255,,,Weak,At Risk
spotty pink duck doorstop,3045.31,0.014872393363688867,84.5118629641686,240,0.0,0.0,Weak,At Risk
small red babushka notebook,3044.8599999999997,0.01487019569678019,84.52673315986539,492,0.0,0.0,Weak,At Risk
sweetheart bird house,3041.21,0.014852370176298708,84.54158553004169,94,1.0,0.0,Weak,Weak
decorative wicker heart large,3038.19,0.014837621389489372,84.55642315143118,233,0.0,0.0,Weak,At Risk
wood stamp set thank you,3036.9500000000003,0.014831565596229909,84.5712547170274,433,0.0,0.0,Weak,At Risk
robot birthday card,3035.7,0.014825460965928029,84.58608017799332,634,0.0,0.0,Weak,At Risk
retro spot giant  tube matches,3034.9500000000003,0.014821798187746905,84.60090197618108,102,1.0,0.0,Weak,Weak
purple paper parasol,3027.26,0.014784242502129754,84.61568621868321,231,2.0,0.0,Weak,At Risk
treasure tin buffalo bill,3024.63,0.014771398359974604,84.63045761704318,214,1.0,0.0,Weak,At Risk
set of 4 knick knack tins leaf,3020.61,0.014751765868923765,84.6452093829121,123,,,Weak,Weak
choc truffle gold trinket pot,3019.32,0.014745465890452227,84.65995484880256,252,0.0,0.0,Weak,At Risk
vintage union jack pennant,3017.0699999999997,0.014734477555908846,84.67468932635846,204,17.0,0.0,Weak,At Risk
"dog bowl , chasing ball design",3014.3,0.014720949695159885,84.68941027605362,136,3.0,0.0,Weak,Weak
magnets pack of 4 vintage collage,3012.78,0.014713526464712802,84.70412380251834,250,0.0,0.0,Weak,At Risk
pink rose washbag,3012.0,0.014709717175404431,84.71883351969375,232,78.0,1.0,Churned,Churned
pink rose washbag,3012.0,0.014709717175404431,84.71883351969375,232,716.0,1.0,Churned,Churned
milk pan pink retrospot,3011.2400000000002,0.01470600556018089,84.73353952525393,184,217.0,1.0,Churned,Churned
blue drawer knob acrylic edwardian,3008.82,0.014694186995916453,84.74823371224984,231,0.0,0.0,Weak,At Risk
doiley storage tin,3004.46,0.014672894045423504,84.76290660629526,122,0.0,0.0,Weak,Weak
card dolly girl,3002.42,0.01466293128877084,84.77756953758403,508,0.0,0.0,Weak,At Risk
small purple babushka notebook,2997.63,0.014639538345454046,84.79220907592948,499,0.0,0.0,Weak,At Risk
dolly girl mini backpack,2992.3900000000003,0.014613947735228576,84.8068230236647,161,0.0,0.0,Weak,Weak
red love heart shape cup,2989.81,0.0146013477782855,84.82142437144299,388,0.0,0.0,Weak,At Risk
blue giant garden thermometer,2989.52,0.014599931504055464,84.83602430294704,191,42.0,0.0,Weak,At Risk
"elephant, birthday card,",2980.63,0.014556515373348509,84.85058081832038,489,0.0,0.0,Weak,At Risk
toast its - best mum,2979.46,0.01455080143938595,84.86513161975977,217,8.0,0.0,Weak,At Risk
airline bag vintage jet set brown,2969.29,0.014501134167249874,84.87963275392701,284,0.0,0.0,Weak,At Risk
childs garden brush pink,2968.77,0.014498594641044294,84.89413134856805,258,185.0,1.0,Churned,Churned
"folding umbrella , red/white spot",2962.82,0.014469536600807357,84.90860088516887,104,2.0,0.0,Weak,Weak
calendar in season design,2957.17,0.014441943671842868,84.9230428288407,194,0.0,0.0,Weak,At Risk
french toilet sign blue metal,2956.33,0.014437841360280005,84.93748067020098,297,0.0,0.0,Weak,At Risk
toy tidy dolly girl design,2954.19,0.014427390233203193,84.95190806043419,266,0.0,0.0,Weak,At Risk
card motorbike santa,2950.93,0.014411469357375896,84.96631952979156,436,0.0,0.0,Weak,At Risk
green giant garden thermometer,2948.57,0.01439994381536595,84.98071947360692,162,4.0,0.0,Weak,Weak
red rocking horse hand painted,2930.57,0.014312037139018914,84.99503151074595,160,0.0,0.0,Weak,Weak
small white retrospot mug in box,2929.75,0.014308032501540878,85.00933954324749,175,,,Weak,Weak
bright blues ribbons,2927.88,0.014298899974609272,85.0236384432221,402,71.0,1.0,Churned,Churned
bright blues ribbons,2927.88,0.014298899974609272,85.0236384432221,402,212.0,1.0,Churned,Churned
cosmetic bag vintage rose paisley,2927.4900000000002,0.014296995329955086,85.03793543855205,250,0.0,0.0,Weak,At Risk
set of 6 cake chopsticks,2921.36,0.014267058222954676,85.05220249677501,267,2.0,0.0,Weak,At Risk
set of 72 ivory paper doilies,2920.8199999999997,0.014264421022664264,85.06646691779767,199,426.0,1.0,Churned,Churned
cotton apron pantry design,2917.43,0.014247865265285573,85.08071478306296,164,0.0,0.0,Weak,Weak
retrospot cigar box matches,2900.46,0.014164988804307282,85.09487977186727,286,,,Weak,At Risk
childs garden brush blue,2899.8,0.014161765559507893,85.10904153742678,266,206.0,1.0,Churned,Churned
spaceboy childrens bowl,2890.3500000000004,0.014115614554425698,85.1231571519812,214,0.0,0.0,Weak,At Risk
cake stand victorian filigree large,2887.07,0.014099596004513569,85.13725674798572,146,316.0,1.0,Churned,Churned
retrospot small tube matches,2886.6,0.014097300663520064,85.15135404864924,221,,,Weak,At Risk
dolly girl beaker,2886.25,0.014095591367035537,85.16544964001628,174,0.0,0.0,Weak,Weak
36 foil star cake cases,2885.26,0.014090756499836451,85.17954039651612,185,0.0,0.0,Weak,Weak
set of 6 t-lights cacti,2884.13,0.014085237914043553,85.19362563443016,140,0.0,0.0,Weak,Weak
pink fairy cake cushion cover,2883.31,0.01408123327656552,85.20770686770673,168,7.0,0.0,Weak,Weak
pink fairy cake cushion cover,2883.31,0.01408123327656552,85.20770686770673,168,16.0,0.0,Weak,Weak
doormat vintage leaves design,2881.18,0.01407083098653112,85.22177769869326,91,0.0,0.0,Weak,Weak
flowers chandelier t-light holder,2879.37,0.014061991481854002,85.23583969017511,38,15.0,0.0,Weak,Weak
blue  spotty cup,2877.47,0.014052712443795147,85.24989240261891,370,1.0,0.0,Weak,At Risk
red enchanted forest placemat,2875.7,0.014044068287287687,85.2639364709062,203,0.0,0.0,Weak,At Risk
red enchanted forest placemat,2875.7,0.014044068287287687,85.2639364709062,203,4.0,0.0,Weak,At Risk
pink flower crochet food cover,2875.6400000000003,0.014043775265033202,85.27798024617124,187,7.0,0.0,Weak,Weak
glitter star garland with bells,2866.6,0.01399962657869002,85.29197987274993,153,4.0,0.0,Weak,Weak
tea cup and saucer retro spot,2866.34,0.01399835681558723,85.30597822956553,137,0.0,0.0,Weak,Weak
charlie and lola table tins,2863.37,0.01398385221398997,85.31996208177952,133,172.0,1.0,Churned,Churned
charlie and lola table tins,2863.37,0.01398385221398997,85.31996208177952,133,170.0,1.0,Churned,Churned
red tea towel classic design,2863.06,0.013982338265675104,85.3339444200452,263,102.0,1.0,Churned,Churned
woodland storage box large,2861.6400000000003,0.01397540340565217,85.34791982345085,142,44.0,0.0,Weak,At Risk
stool home sweet home,2860.58,0.013970226679156176,85.36189005013001,114,1.0,0.0,Weak,Weak
retro spot storage jar,2853.29,0.013934624475235627,85.37582467460525,155,218.0,1.0,Churned,Churned
wood stocking christmas scandispot,2852.6299999999997,0.013931401230436234,85.38975607583569,380,0.0,0.0,Weak,At Risk
playing cards jubilee union jack,2848.8900000000003,0.013913136176573018,85.40366921201226,208,0.0,0.0,Weak,At Risk
baking mould heart milk chocolate,2846.8,0.013902929234708278,85.41757214124696,189,0.0,0.0,Weak,Weak
heart wreath decoration with bell,2845.89,0.013898485063848508,85.43147062631081,185,0.0,0.0,Weak,Weak
hanging medina lantern small,2845.71,0.01389760599708504,85.4453682323079,175,213.0,1.0,Churned,Churned
silver plate candle bowl small,2845.6500000000005,0.013897312974830552,85.45926554528273,142,9.0,0.0,Weak,Weak
ribbon reel polkadots,2843.86,0.013888571144238263,85.47315411642697,242,,,Weak,At Risk
silk purse babushka pink,2843.8300000000004,0.01388842463311102,85.48704254106008,218,,,Weak,At Risk
basket of toadstools,2837.54,0.013857706133431968,85.50090024719351,240,0.0,0.0,Weak,At Risk
swallow wooden christmas decoration,2835.08,0.013845692220997873,85.51474593941451,330,0.0,0.0,Weak,At Risk
"decoration hen on nest, hanging",2829.19,0.013816927203015425,85.52856286661752,147,3.0,0.0,Weak,Weak
3d christmas stamps stickers,2828.62,0.013814143491597769,85.54237701010912,232,2.0,0.0,Weak,At Risk
wrap i love london,2821.28,0.013778297102465146,85.55615530721158,173,3.0,0.0,Weak,Weak
t-light holder hanging lace,2814.81,0.013746699536022625,85.56990200674761,214,0.0,0.0,Weak,At Risk
french laundry sign blue metal,2811.34,0.013729753082304612,85.58363175982991,246,0.0,0.0,Weak,At Risk
vintage kid dolly card,2808.62,0.013716469406767726,85.59734822923669,541,0.0,0.0,Weak,At Risk
hand open shape deco.white,2806.69,0.013707043857581628,85.61105527309427,190,358.0,1.0,Churned,Churned
measuring tape babushka pink,2806.4,0.013705627583351592,85.62476090067761,207,,,Weak,At Risk
pink paisley quilt,2797.55,0.013662406800814299,85.63842330747843,30,625.0,1.0,Churned,Churned
childrens dolly girl mug,2795.81,0.013653909155434083,85.65207721663387,211,1.0,0.0,Weak,At Risk
wicker wreath large,2790.83,0.013629588308311402,85.66570680494218,288,2.0,0.0,Weak,At Risk
joy large wood letters,2790.41,0.013627537152529972,85.6793343420947,100,185.0,1.0,Churned,Churned
mirror mosaic votive holder,2790.27,0.013626853433936163,85.69296119552864,116,0.0,0.0,Weak,Weak
small hanging ivory/red wood bird,2789.2799999999997,0.013622018566737074,85.70658321409537,486,0.0,0.0,Weak,At Risk
36 doilies dolly girl,2788.5299999999997,0.013618355788555948,85.72020156988393,162,2.0,0.0,Weak,Weak
tomato charlie+lola coaster set,2788.4500000000003,0.01361796509221663,85.73381953497615,203,0.0,0.0,Weak,At Risk
set of 3 red stripe baskets,2782.19,0.013587393103664825,85.74740692807981,67,485.0,1.0,Churned,Churned
metal medina lantern,2773.11,0.013543049069151986,85.76094997714897,40,504.0,1.0,Churned,Churned
3d hearts  honeycomb paper garland,2771.34,0.01353440491264453,85.77448438206162,128,128.0,1.0,Churned,Churned
large medina stamped metal bowl,2767.59,0.013516091021738896,85.78800047308336,152,4.0,0.0,Weak,Weak
door mat respectable house,2765.69,0.01350681198368004,85.80150728506703,123,,,Weak,Weak
5 hook hanger magic toadstool,2763.96,0.013498363175342242,85.81500564824238,110,,,Weak,Weak
bundle of 3 school exercise books,2761.9,0.013488302744604747,85.82849395098698,202,0.0,0.0,Weak,At Risk
ribbon reel flora + fauna,2761.04,0.013484102758957055,85.84197805374593,302,0.0,0.0,Weak,At Risk
medium medina stamped metal bowl,2757.4700000000003,0.013466667934814894,85.85544472168075,152,3.0,0.0,Weak,Weak
wall art 70's alphabet,2757.06,0.013464665616075877,85.86890938729682,74,,,Weak,Weak
french kitchen sign blue metal,2754.95,0.013454361000126307,85.88236374829695,270,0.0,0.0,Weak,At Risk
ice cream design garden parasol,2753.72,0.013448354043909259,85.89581210234087,122,0.0,0.0,Weak,Weak
christmas craft heart stocking,2752.66,0.013443177317413266,85.90925527965828,197,365.0,1.0,Churned,Churned
ocean stripe hammock,2752.59,0.013442835458116363,85.9226981151164,131,311.0,1.0,Churned,Churned
"feather pen,coal black",2752.33,0.01344156569501357,85.93613968081142,266,0.0,0.0,Weak,At Risk
"feather pen,coal black",2752.33,0.01344156569501357,85.93613968081142,266,38.0,0.0,Weak,At Risk
single antique rose hook ivory,2752.2,0.013440930813462176,85.94958061162488,261,0.0,0.0,Weak,At Risk
set of 12  vintage postcard set,2750.0,0.013430186664130872,85.96301079828902,254,0.0,0.0,Weak,At Risk
200 red + white bendy straws,2749.51,0.013427793649052534,85.97643859193808,387,1.0,0.0,Weak,At Risk
childrens garden gloves pink,2748.79,0.013424277381998655,85.98986286932008,328,234.0,1.0,Churned,Churned
set of 3 wooden stocking decoration,2743.82,0.01340000537191839,86.003262874692,319,0.0,0.0,Weak,At Risk
pink diner wall clock,2741.35,0.013387942622441876,86.01665081731444,121,0.0,0.0,Weak,Weak
blue tea towel classic design,2739.43,0.013378565910298191,86.03002938322474,214,156.0,1.0,Churned,Churned
silver bells table decoration,2739.38,0.013378321725086118,86.04340770494983,257,0.0,0.0,Weak,At Risk
heart decoration rustic hanging,2738.28,0.013372949650420466,86.05678065460025,489,0.0,0.0,Weak,At Risk
charlie & lola wastepaper bin flora,2731.7599999999998,0.01334110789876587,86.07012176249901,171,4.0,0.0,Weak,Weak
love heart trinket pot,2729.16,0.013328410267737966,86.08345017276675,273,2.0,0.0,Weak,At Risk
kids rain mac blue,2725.0899999999997,0.013308533591475052,86.09675870635822,206,3.0,0.0,Weak,At Risk
oval wall mirror diamante,2724.42,0.013305261509633248,86.11006396786784,174,,,Weak,Weak
wrap suki and friends,2721.92,0.013293052249029491,86.12335702011687,208,,,Weak,At Risk
gentleman shirt repair kit,2720.86,0.0132878755225335,86.1366448956394,270,0.0,0.0,Weak,At Risk
card christmas village,2720.86,0.0132878755225335,86.14993277116194,404,0.0,0.0,Weak,At Risk
blue coat rack paris fashion,2720.66,0.0132868987816852,86.16321966994363,170,0.0,0.0,Weak,Weak
set/3 floral garden tools in bag,2719.38,0.013280647640256075,86.17650031758389,75,366.0,1.0,Churned,Churned
regency cake slice,2718.65,0.013277082536159779,86.18977740012005,92,1.0,0.0,Weak,Weak
ceramic pirate chest money bank,2717.8799999999997,0.013273322083893821,86.20305072220394,282,0.0,0.0,Weak,At Risk
"christmas garland stars,trees",2715.53,0.013261845378926293,86.21631256758286,144,0.0,0.0,Weak,Weak
hanging photo clip rope ladder,2713.98,0.013254275637351966,86.22956684322021,150,0.0,0.0,Weak,Weak
childrens garden gloves blue,2713.23,0.013250612859170839,86.24281745607938,293,199.0,1.0,Churned,Churned
jigsaw tree with birdhouse,2712.48,0.01324695008098971,86.25606440616036,297,0.0,0.0,Weak,At Risk
set/6 fruit salad  paper plates,2711.7099999999996,0.01324318962872375,86.26930759578909,143,1.0,0.0,Weak,Weak
rose 3 wick morris box candle,2710.79,0.013238696620821572,86.2825462924099,199,11.0,0.0,Weak,At Risk
rose 3 wick morris box candle,2710.79,0.013238696620821572,86.2825462924099,199,366.0,1.0,Churned,Churned
set of 2 trays home sweet home,2709.43,0.01323205478305313,86.29577834719296,133,0.0,0.0,Weak,Weak
snowflake portable table light,2697.1600000000003,0.013172131732009899,86.30895047892497,217,14.0,0.0,Weak,At Risk
sunset check hammock,2696.81,0.013170422435525374,86.32212090136049,113,31.0,0.0,Weak,At Risk
sunset check hammock,2696.81,0.013170422435525374,86.32212090136049,113,8.0,0.0,Weak,Weak
ivory wicker heart medium,2695.45,0.013163780597756929,86.33528468195824,233,1.0,0.0,Weak,At Risk
recipe box retro spot design,2694.65,0.013159873634363729,86.34844455559261,178,0.0,0.0,Weak,Weak
set/4 skull badges,2691.91,0.013146492284742012,86.36159104787735,312,0.0,0.0,Weak,At Risk
daisy garden marker,2691.19,0.013142976017688131,86.37473402389504,214,0.0,0.0,Weak,At Risk
set of 3 wooden sleigh decorations,2690.81,0.01314112021007636,86.38787514410512,299,0.0,0.0,Weak,At Risk
s/16 vintage black cutlery,2687.41,0.013124515615655252,86.40099965972078,44,1.0,0.0,Weak,Weak
s/16 vintage black cutlery,2687.41,0.013124515615655252,86.40099965972078,44,0.0,0.0,Weak,Weak
12 coloured party balloons,2687.05,0.013122757482128313,86.4141224172029,289,2.0,0.0,Weak,At Risk
daisies  honeycomb garland,2682.99,0.013102929642907813,86.42722534684582,205,2.0,0.0,Weak,At Risk
set of 2 round tins camembert,2682.32,0.013099657561066009,86.44032500440689,237,0.0,0.0,Weak,At Risk
diamante ring assorted in box.,2675.88,0.013068206505750734,86.45339321091264,37,0.0,0.0,Weak,Weak
star decoration rustic,2671.81,0.01304832982948782,86.46644154074212,340,0.0,0.0,Weak,At Risk
pack of 12 red retrospot tissues,2668.33,0.013031334538727391,86.47947287528085,405,,,Weak,At Risk
penny farthing birthday card,2665.13,0.013015706685154586,86.492488581966,507,0.0,0.0,Weak,At Risk
lush greens ribbons,2663.24,0.013006476484138144,86.50549505845014,341,316.0,1.0,Churned,Churned
lush greens ribbons,2663.24,0.013006476484138144,86.50549505845014,341,79.0,1.0,Churned,Churned
red/cream stripe fringe hammock,2662.64,0.013003546261593243,86.51849860471172,119,493.0,1.0,Churned,Churned
large cake towel chocolate spots,2661.67,0.012998809068478988,86.5314974137802,104,,,Weak,Weak
small hammered silver candlepot,2648.6200000000003,0.012935076728127387,86.54443249050833,120,3.0,0.0,Weak,Weak
set of 2 tins jardin de provence,2647.31,0.012928679075571017,86.5573611695839,198,0.0,0.0,Weak,At Risk
large round wicker platter,2647.28,0.012928532564443772,86.57028970214834,193,0.0,0.0,Weak,At Risk
triple hook antique ivory rose,2645.2599999999998,0.012918667481875935,86.58320836963021,227,3.0,0.0,Weak,At Risk
place setting white star,2642.2799999999997,0.012904114043236261,86.59611248367345,241,4.0,0.0,Weak,At Risk
potting shed candle citronella,2641.36,0.01289962103533408,86.60901210470878,106,226.0,1.0,Churned,Churned
n0 singing metal sign,2639.42,0.012890146649105564,86.62190225135788,49,,,Weak,Weak
happy easter hanging decoration,2638.67,0.012886483870924437,86.63478873522881,153,16.0,0.0,Weak,Weak
s/15 silver glass baubles in bag,2634.59,0.012866558357619112,86.64765529358642,218,76.0,1.0,Churned,Churned
baby boom ribbons,2634.0,0.012863676972116623,86.66051897055854,314,74.0,1.0,Churned,Churned
easter craft ivy wreath with chick,2633.13,0.012859428149426517,86.67337839870797,107,317.0,1.0,Churned,Churned
airline bag vintage jet set white,2632.18,0.012854788630397088,86.68623318733836,246,1.0,0.0,Weak,At Risk
magic sheep wool growing from paper,2628.47,0.012836670087661116,86.69906985742603,179,0.0,0.0,Weak,Weak
teatime funky flower backpack for 2,2620.0099999999998,0.012795353949778007,86.71186521137581,147,135.0,1.0,Churned,Churned
teatime funky flower backpack for 2,2620.0099999999998,0.012795353949778007,86.71186521137581,147,227.0,1.0,Churned,Churned
porcelain rose small,2619.17,0.012791251638215147,86.72465646301403,147,10.0,0.0,Weak,Weak
large purple babushka notebook,2618.35,0.012787247000737113,86.73744371001476,314,0.0,0.0,Weak,At Risk
hot baths soap holder,2618.27,0.012786856304397796,86.75023056631916,260,7.0,0.0,Weak,At Risk
card i love london,2616.12,0.012776356340278563,86.76300692265944,368,0.0,0.0,Weak,At Risk
3 white choc morris boxed candles,2614.93,0.012770544732231177,86.77577746739168,153,1.0,0.0,Weak,Weak
3 white choc morris boxed candles,2614.93,0.012770544732231177,86.77577746739168,153,13.0,0.0,Weak,Weak
4 ivory dinner candles silver flock,2613.82,0.012765123820523113,86.7885425912122,286,0.0,0.0,Weak,At Risk
tea party  wrapping paper,2613.5,0.012763561035165828,86.80130615224738,208,1.0,0.0,Weak,At Risk
set of 6 3d kit cards for kids,2605.75,0.012725712327294188,86.81403186457467,392,,,Weak,At Risk
recycled acapulco mat lavender,2604.93,0.012721707689816156,86.8267535722645,130,0.0,0.0,Weak,Weak
3 rose morris boxed candles,2604.15,0.012717898400507783,86.839471470665,197,2.0,0.0,Weak,At Risk
vintage leaf magnetic notepad,2601.15,0.012703247287783279,86.85217471795279,274,,,Weak,At Risk
ivory pillar candle silver flock,2600.6400000000003,0.012700756598620112,86.86487547455141,178,0.0,0.0,Weak,Weak
tea time mug in gift box,2599.7900000000004,0.012696605450014838,86.87757208000143,171,496.0,1.0,Churned,Churned
6 rocket balloons,2599.01,0.012692796160706466,86.89026487616214,363,0.0,0.0,Weak,At Risk
local cafe mug,2591.67,0.012656949771573837,86.9029218259337,242,0.0,0.0,Weak,At Risk
carnival bracelet,2591.42,0.012655728845513463,86.91557755477922,109,224.0,1.0,Churned,Churned
frying pan red retrospot,2590.21,0.012649819563381246,86.9282273743426,217,,,Weak,At Risk
chocolate 3 wick morris box candle,2590.11,0.012649331192957095,86.94087670553556,137,42.0,0.0,Weak,At Risk
chocolate 3 wick morris box candle,2590.11,0.012649331192957095,86.94087670553556,137,352.0,1.0,Churned,Churned
baking mould easter egg milk choc,2585.92,0.0126288684721852,86.95350557400775,122,3.0,0.0,Weak,Weak
swallow giant tube matches,2583.4500000000003,0.012616805722708692,86.96612237973046,88,540.0,1.0,Churned,Churned
sweetheart wire wall tidy,2581.22,0.01260591506225014,86.97872829479272,120,9.0,0.0,Weak,Weak
assorted tutti frutti pen,2575.18,0.012576417488631468,86.99130471228135,251,0.0,0.0,Weak,At Risk
stop for tea wall art,2572.7,0.01256430590211254,87.00386901818347,41,0.0,0.0,Weak,Weak
bombs away metal sign,2569.6600000000003,0.012549459441218378,87.01641847762468,215,403.0,1.0,Churned,Churned
tv dinner tray air hostess,2568.76,0.012545064107401024,87.02896354173208,176,0.0,0.0,Weak,Weak
glass etched t-light holder large,2565.67,0.012529973461294783,87.04149351519338,111,382.0,1.0,Churned,Churned
regency mirror with shutters,2565.0,0.012526701379452975,87.05402021657284,11,23.0,0.0,Weak,Weak
spaceboy childrens cup,2557.57,0.012490415456938617,87.06651063202978,216,,,Weak,At Risk
stripey chocolate nesting boxes,2557.4700000000003,0.012489927086514467,87.0790005591163,224,1.0,0.0,Weak,At Risk
apron apple delight,2556.66,0.012485971286078847,87.09148653040238,136,3.0,0.0,Weak,Weak
blue spots  wrap,2555.0,0.012477864337037955,87.10396439473942,196,1.0,0.0,Weak,At Risk
watermelon bath sponge,2550.84,0.012457548127393307,87.11642194286681,215,277.0,1.0,Churned,Churned
"metal sign,cupcake single hook",2548.05,0.012443922592559517,87.12886586545936,341,147.0,1.0,Churned,Churned
"metal sign,cupcake single hook",2548.05,0.012443922592559517,87.12886586545936,341,2.0,0.0,Weak,At Risk
"metal sign,cupcake single hook",2548.05,0.012443922592559517,87.12886586545936,341,6.0,0.0,Weak,At Risk
"metal sign,cupcake single hook",2548.05,0.012443922592559517,87.12886586545936,341,183.0,1.0,Churned,Churned
"metal sign,cupcake single hook",2548.05,0.012443922592559517,87.12886586545936,341,153.0,1.0,Churned,Churned
"metal sign,cupcake single hook",2548.05,0.012443922592559517,87.12886586545936,341,43.0,0.0,Weak,At Risk
ribbon reel socks and mittens,2541.38,0.012411348285268697,87.14127721374463,231,0.0,0.0,Weak,At Risk
potting shed rose candle,2538.8100000000004,0.012398797165368038,87.15367601091,113,226.0,1.0,Churned,Churned
s/16 vintage rose cutlery,2536.73,0.01238863906054571,87.16606464997055,86,4.0,0.0,Weak,Weak
s/16 vintage rose cutlery,2536.73,0.01238863906054571,87.16606464997055,86,38.0,0.0,Weak,At Risk
mistletoe heart wreath cream,2535.48,0.012382534430243832,87.1784471844008,110,0.0,0.0,Weak,Weak
blue retro bar stool,2535.1,0.012380678622632061,87.19082786302343,30,442.0,1.0,Churned,Churned
ivory paper cup cake cases,2533.88,0.01237472050345743,87.20320258352689,291,1.0,0.0,Weak,At Risk
"popcorn holder , small",2531.64,0.012363781005956464,87.21556636453285,112,0.0,0.0,Weak,Weak
set of 16 vintage sky blue cutlery,2530.33,0.012357383353400097,87.22792374788625,82,352.0,1.0,Churned,Churned
butterflies  honeycomb garland,2527.0,0.012341120618275893,87.24026486850452,145,478.0,1.0,Churned,Churned
lunch bag red vintage doily,2525.04,0.01233154855796255,87.25259641706249,132,0.0,0.0,Weak,Weak
silk purse babushka red,2521.7200000000003,0.012315334659880765,87.26491175172237,150,,,Weak,Weak
home garland painted zinc,2521.25,0.012313039318887256,87.27722479104125,230,0.0,0.0,Weak,At Risk
cat bowl,2521.2400000000002,0.012312990481844845,87.2895377815231,121,0.0,0.0,Weak,Weak
white tissue ream,2520.15,0.012307667244221604,87.30184544876731,204,317.0,1.0,Churned,Churned
classic french style basket green,2517.88,0.012296581235593396,87.3141420300029,141,127.0,1.0,Churned,Churned
green gingham flower jewellery box,2511.3599999999997,0.012264739483938799,87.32640676948684,278,387.0,1.0,Churned,Churned
gingham recipe book box,2509.62,0.012256241838558588,87.3386630113254,135,0.0,0.0,Weak,Weak
hanging medina lantern large,2506.89,0.012242909325979287,87.35090592065137,80,504.0,1.0,Churned,Churned
baking mould chocolate cupcakes,2502.04,0.012219223360408,87.36312514401178,157,2.0,0.0,Weak,Weak
red refectory clock,2501.64,0.012217269878711402,87.3753424138905,110,0.0,0.0,Weak,Weak
"spring dec , hanging chick cream",2499.58,0.012207209447973906,87.38754962333847,142,13.0,0.0,Weak,Weak
"airline lounge,metal sign",2498.98,0.012204279225429005,87.3997539025639,489,0.0,0.0,Weak,At Risk
french enamel pot w lid,2495.0200000000004,0.012184939756632658,87.41193884232054,204,10.0,0.0,Weak,At Risk
set 12 colour pencils spaceboy,2491.2,0.012166284006430118,87.42410512632696,282,0.0,0.0,Weak,At Risk
set/4 pink orchid candles in bowl,2489.87,0.012159788679788919,87.43626491500676,92,511.0,1.0,Churned,Churned
blue/cream stripe fringe hammock,2486.6600000000003,0.0121441119891737,87.44840902699593,123,417.0,1.0,Churned,Churned
empire tissue box,2485.86,0.012140205025780497,87.46054923202172,324,0.0,0.0,Weak,At Risk
woodland  stickers,2483.68,0.012129558550534022,87.47267879057226,268,0.0,0.0,Weak,At Risk
pink felt easter egg basket,2477.2999999999997,0.012098400517473238,87.48477719108973,183,322.0,1.0,Churned,Churned
make your own playtime card kit,2475.3,0.012088633108990235,87.49686582419872,180,0.0,0.0,Weak,Weak
party cones candy tree decoration,2473.16,0.012078181981913419,87.50894400618064,107,0.0,0.0,Weak,Weak
angel decoration stars on dress,2469.16,0.01205864716494741,87.52100265334559,283,0.0,0.0,Weak,At Risk
paper lantern 9 point snow star,2464.61,0.012036426310648577,87.53303907965623,73,0.0,0.0,Weak,Weak
paper lantern 9 point snow star,2464.61,0.012036426310648577,87.53303907965623,73,0.0,0.0,Weak,Weak
medina stamped metal stool,2460.1400000000003,0.012014596152689063,87.54505367580893,33,67.0,1.0,Churned,Churned
roll wrap 50's red christmas,2459.2,0.01201000547070205,87.55706368127963,212,0.0,0.0,Weak,At Risk
4 pear botanical dinner candles,2458.58,0.012006977574072318,87.5690706588537,191,0.0,0.0,Weak,At Risk
disco ball christmas decoration,2454.88,0.011988907868378761,87.58105956672209,367,0.0,0.0,Weak,At Risk
paper chain kit london,2454.3500000000004,0.011986319505130766,87.59304588622722,164,4.0,0.0,Weak,Weak
woodland animal  writing set,2454.0699999999997,0.011984952067943143,87.60503083829516,201,396.0,1.0,Churned,Churned
small skull windmill,2452.35,0.01197655209664776,87.6170073903918,153,8.0,0.0,Weak,Weak
painted metal heart with holly bell,2447.72,0.011953940546009605,87.62896133093781,212,24.0,0.0,Weak,At Risk
vintage bells garland,2443.35,0.011932598758474241,87.64089392969629,149,,,Weak,Weak
kids rain mac pink,2437.0699999999997,0.011901929095837607,87.65279585879213,218,6.0,0.0,Weak,At Risk
sweetheart carry-all basket,2430.82,0.011871405944328221,87.66466726473647,140,259.0,1.0,Churned,Churned
blue felt easter egg basket,2430.31,0.011868915255165053,87.67653617999163,233,263.0,1.0,Churned,Churned
christmas hanging tree with bell,2427.89,0.011857096690900617,87.68839327668253,207,0.0,0.0,Weak,At Risk
"nursery a,b,c painted letters",2425.41,0.011844985104381693,87.70023826178691,171,0.0,0.0,Weak,Weak
home sweet home key holder,2422.6600000000003,0.011831554917717564,87.71206981670463,111,2.0,0.0,Weak,Weak
embossed heart 3 drawer shelf,2420.69,0.011821934020361803,87.72389175072499,105,399.0,1.0,Churned,Churned
set of 36 mushroom paper doilies,2420.0299999999997,0.011818710775562409,87.73571046150055,210,11.0,0.0,Weak,At Risk
pack of 20 spaceboy napkins,2419.7599999999998,0.011817392175417205,87.74752785367596,273,0.0,0.0,Weak,At Risk
cream slice flannel chocolate spot,2419.6800000000003,0.011817001479077887,87.75934485515504,169,6.0,0.0,Weak,Weak
t-light holder sweetheart hanging,2419.54,0.011816317760484077,87.77116117291551,196,0.0,0.0,Weak,At Risk
pens assorted spaceball,2414.54,0.011791899239276565,87.78295307215478,201,1.0,0.0,Weak,At Risk
glass jar peacock bath salts,2410.53,0.011772315585268143,87.79472538774004,253,0.0,0.0,Weak,At Risk
mini jigsaw circus parade,2410.29,0.011771143496250181,87.80649653123629,189,0.0,0.0,Weak,Weak
oven mitt apples design,2409.75,0.01176850629595977,87.81826503753226,264,,,Weak,At Risk
shelf with 4 hooks home sweet home,2409.34,0.011766503977220755,87.83003154150948,107,1.0,0.0,Weak,Weak
gardenia 1 wick morris boxed candle,2405.79,0.011749166827163421,87.84178070833664,166,38.0,0.0,Weak,At Risk
gardenia 1 wick morris boxed candle,2405.79,0.011749166827163421,87.84178070833664,166,149.0,1.0,Churned,Churned
set of 3 wooden tree decorations,2404.79,0.011744283122921919,87.85352499145957,293,0.0,0.0,Weak,At Risk
french enamel water basin,2399.89,0.011720352972138559,87.8652453444317,211,0.0,0.0,Weak,At Risk
3 gardenia morris boxed candles,2389.69,0.011670539188875237,87.87691588362057,138,16.0,0.0,Weak,Weak
3 gardenia morris boxed candles,2389.69,0.011670539188875237,87.87691588362057,138,30.0,0.0,Weak,Weak
green polkadot bowl,2385.08,0.011648025312321912,87.8885639089329,249,,,Weak,At Risk
danish rose photo frame,2382.25,0.01163420442931846,87.90019811336221,214,39.0,0.0,Weak,At Risk
retro spot sugar jam bowl,2382.2400000000002,0.011634155592276046,87.91183226895448,196,2.0,0.0,Weak,At Risk
hanging heart with bell,2374.7999999999997,0.011597820832719269,87.9234300897872,219,,,Weak,At Risk
english rose table cloth,2373.01,0.011589079002126983,87.93501916878932,78,591.0,1.0,Churned,Churned
classic bicycle clips,2372.68,0.011587467379727285,87.94660663616905,99,0.0,0.0,Weak,Weak
bicycle saftey wall art,2371.94,0.011583853438588575,87.95819048960765,39,0.0,0.0,Weak,Weak
gardenia 3 wick morris boxed candle,2370.31,0.011575893000674926,87.96976638260833,181,43.0,0.0,Weak,At Risk
gardenia 3 wick morris boxed candle,2370.31,0.011575893000674926,87.96976638260833,181,352.0,1.0,Churned,Churned
set of 10 lanterns fairy light star,2368.37,0.01156641861444641,87.98133280122278,99,0.0,0.0,Weak,Weak
white goose feather christmas tree,2366.0200000000004,0.011554941909478884,87.99288774313226,132,1.0,0.0,Weak,Weak
butterfly crochet food cover,2361.39,0.011532330358840725,88.0044200734911,142,9.0,0.0,Weak,Weak
magic drawing slate dinosaur,2360.43,0.011527642002768883,88.01594771549388,347,4.0,0.0,Weak,At Risk
if you can't stand the heat mug,2360.0099999999998,0.011525590846987451,88.02747330634087,199,0.0,0.0,Weak,At Risk
rustic mirror with lace heart,2354.87,0.011500488607186133,88.03897379494805,83,0.0,0.0,Weak,Weak
heart mirror antique white,2354.8,0.011500146747889229,88.05047394169594,76,59.0,0.0,Weak,At Risk
lipstick pen fuschia,2351.86,0.011485788657419211,88.06195973035337,406,0.0,0.0,Weak,At Risk
painted metal star with holly bells,2351.46,0.01148383517572261,88.07344356552909,211,24.0,0.0,Weak,At Risk
24 hanging easter eggs floral tub,2350.92,0.011481197975432199,88.08492476350452,109,620.0,1.0,Churned,Churned
set of 6 girls celebration candles,2349.22,0.011472895678221644,88.09639765918274,285,0.0,0.0,Weak,At Risk
set of 4 napkin charms stars,2348.4700000000003,0.01146923290004052,88.10786689208278,141,0.0,0.0,Weak,Weak
le jardin botanique cushion cover,2345.0,0.011452286446322507,88.11931917852911,166,,,Weak,Weak
50's christmas gift bag large,2343.63,0.011445595771511649,88.13076477430062,129,0.0,0.0,Weak,Weak
yellow metal chicken heart,2341.77,0.011436512081622455,88.14220128638223,213,245.0,1.0,Churned,Churned
set of 4 new england placemats,2336.1,0.011408821478573137,88.1536101078608,36,,,Weak,Weak
adjustment by john on 26/01/2010 16,2334.43,0.011400665692489827,88.16501077355329,20,681.0,1.0,Churned,Churned
eight piece dinosaur set,2326.87,0.01136374488842407,88.17637451844172,240,267.0,1.0,Churned,Churned
birdhouse decoration magic garden,2317.64,0.011318668298275008,88.18769318673999,298,0.0,0.0,Weak,At Risk
silver mug bone china tree of life,2316.2,0.011311635764167244,88.19900482250416,163,3.0,0.0,Weak,Weak
english rose notebook a7 size,2309.7,0.01127989168659748,88.21028471419076,625,0.0,0.0,Weak,At Risk
english rose notebook a7 size,2309.7,0.01127989168659748,88.21028471419076,625,18.0,0.0,Weak,At Risk
4 lavender botanical dinner candles,2308.67,0.011274861471228734,88.22155957566198,169,0.0,0.0,Weak,Weak
pink hawaiian picnic hamper for 2,2307.23,0.011267828937120972,88.2328274045991,131,6.0,0.0,Weak,Weak
pink hawaiian picnic hamper for 2,2307.23,0.011267828937120972,88.2328274045991,131,107.0,1.0,Churned,Churned
set 36 colour pencils spaceboy,2304.78,0.011255863861729292,88.24408326846084,185,0.0,0.0,Weak,Weak
glass jar marmalade,2303.3900000000003,0.011249075512833604,88.25533234397368,169,1.0,0.0,Weak,Weak
set of 6 heart chopsticks,2302.81,0.01124624296437353,88.26657858693805,298,0.0,0.0,Weak,At Risk
card billboard font,2300.21,0.011233545333345626,88.2778121322714,451,,,Weak,At Risk
hanging jam jar t-light holders,2298.05,0.011222996532183982,88.28903512880358,92,,,Weak,Weak
mushroom blue hot water bottle,2296.76,0.011216696553712444,88.3002518253573,184,417.0,1.0,Churned,Churned
black enchanted forest placemat,2296.54,0.011215622138779312,88.31146744749607,120,7.0,0.0,Weak,Weak
black enchanted forest placemat,2296.54,0.011215622138779312,88.31146744749607,120,183.0,1.0,Churned,Churned
cosy slipper shoes large green,2293.7500000000005,0.011201996603945524,88.32266944410001,190,23.0,0.0,Weak,At Risk
sewing susan 21 needle set,2293.0,0.011198333825764396,88.33386777792578,306,0.0,0.0,Weak,At Risk
feltcraft hairband pink and purple,2292.22,0.011194524536456023,88.34506230246222,289,,,Weak,At Risk
decorative wicker heart medium,2286.97,0.011168885089188136,88.35623118755142,216,0.0,0.0,Weak,At Risk
disco ball rotator battery operated,2286.75,0.011167810674255008,88.36739899822567,217,7.0,0.0,Weak,At Risk
white brocante soap dish,2286.28,0.011165515333261503,88.37856451355893,138,7.0,0.0,Weak,Weak
large hanging ivory & red wood bird,2285.02,0.011159361865917209,88.38972387542485,272,1.0,0.0,Weak,At Risk
drawer knob crackle glaze green,2284.12,0.011154966532099856,88.40087884195695,154,0.0,0.0,Weak,Weak
red spotty purse,2278.17,0.011125908491862919,88.41200475044882,156,0.0,0.0,Weak,Weak
hanging ridge glass t-light holder,2277.5,0.011122636410021113,88.42312738685884,89,300.0,1.0,Churned,Churned
charlie & lola wastepaper bin blue,2275.75,0.011114089927598483,88.43424147678644,141,3.0,0.0,Weak,Weak
cut glass t-light holder octagon,2274.79,0.011109401571526642,88.44535087835797,70,2.0,0.0,Weak,Weak
hyacinth bulb t-light candles,2274.56,0.011108278319551097,88.45645915667752,150,2.0,0.0,Weak,Weak
cut glass hexagon t-light holder,2271.24,0.011092064421469308,88.467551221099,59,10.0,0.0,Weak,Weak
blue/brown dots ruffled umbrella,2270.73,0.011089573732306143,88.4786407948313,72,545.0,1.0,Churned,Churned
mini jigsaw dolly girl,2268.13,0.011076876101278239,88.48971767093259,247,0.0,0.0,Weak,At Risk
hand open shape gold,2259.47,0.011034583222546829,88.50075225415515,103,1.0,0.0,Weak,Weak
pink love heart shape cup,2258.61,0.011030383236899137,88.51178263739205,327,1.0,0.0,Weak,At Risk
square cherry blossom cabinet,2257.4,0.01102447395476692,88.52280711134681,73,30.0,0.0,Weak,Weak
square cherry blossom cabinet,2257.4,0.01102447395476692,88.52280711134681,73,233.0,1.0,Churned,Churned
rainy ladies birthday card,2257.0,0.011022520473070318,88.53382963181988,439,0.0,0.0,Weak,At Risk
children's circus parade mug,2254.93,0.011012411205290408,88.54484204302517,152,,,Weak,Weak
sketchbook magnetic shopping list,2253.7,0.011006404249073362,88.55584844727424,246,0.0,0.0,Weak,At Risk
small silver trellis candlepot,2251.1400000000003,0.010993901966215117,88.56684234924046,107,15.0,0.0,Weak,Weak
rose des padded floor cushion,2249.41,0.010985453157877316,88.57782780239833,44,625.0,1.0,Churned,Churned
glitter christmas star,2247.14,0.010974367149249107,88.58880216954758,248,0.0,0.0,Weak,At Risk
white bell honeycomb paper garland,2243.78,0.010957957902997662,88.59976012745058,144,126.0,1.0,Churned,Churned
white christmas garland stars trees,2240.99,0.010944332368163869,88.61070445981875,137,7.0,0.0,Weak,Weak
green christmas tree string 20light,2239.34,0.010936274256165392,88.62164073407492,83,37.0,0.0,Weak,At Risk
small parisienne heart photo frame,2239.2400000000002,0.01093578588574124,88.63257651996065,142,0.0,0.0,Weak,Weak
blue pot plant candle,2238.07,0.010930071951778683,88.64350659191243,157,0.0,0.0,Weak,Weak
ivory embroidered quilt,2237.84,0.010928948699803138,88.65443554061223,36,25.0,0.0,Weak,Weak
hanging mini coloured bottles,2237.08,0.010925237084579596,88.6653607776968,76,0.0,0.0,Weak,Weak
heart string memo holder hanging,2235.1200000000003,0.010915665024266254,88.67627644272108,197,0.0,0.0,Weak,At Risk
dove decoration painted zinc,2234.96,0.010914883631587612,88.68719132635266,214,55.0,0.0,Weak,At Risk
giant medina stamped metal bowl,2234.81,0.010914151075951386,88.69810547742861,79,289.0,1.0,Churned,Churned
sleeping cat erasers,2233.15,0.010906044126910493,88.70901152155552,580,0.0,0.0,Weak,At Risk
vintage red enamel trim jug,2231.61,0.010898523222378581,88.7199100447779,136,0.0,0.0,Weak,Weak
money box biscuits design,2230.46,0.010892906962500852,88.7308029517404,160,2.0,0.0,Weak,Weak
pack 20 dolly pegs,2225.5,0.010868683789463002,88.74167163552987,235,192.0,1.0,Churned,Churned
toadstool bedside light,2225.45,0.010868439604250926,88.75254007513412,106,1.0,0.0,Weak,Weak
"feather pen,light pink",2222.35,0.01085330012110227,88.76339337525522,226,0.0,0.0,Weak,At Risk
assorted tutti frutti notebook,2220.94,0.01084641409812175,88.77423978935335,142,0.0,0.0,Weak,Weak
steel sweetheart round table cream,2219.5099999999998,0.010839430401056402,88.78507921975441,85,50.0,0.0,Weak,At Risk
key ring baseball boot union jack,2217.87,0.01083142112610034,88.7959106408805,112,0.0,0.0,Weak,Weak
6 ribbons shimmering pinks,2216.34,0.010823949058610841,88.80673458993911,287,0.0,0.0,Weak,At Risk
soft pink rose towel,2211.54,0.010800507278251631,88.81753509721736,266,31.0,0.0,Weak,At Risk
card circus parade,2211.41,0.010799872396700235,88.82833496961406,447,0.0,0.0,Weak,At Risk
set 6 football celebration candles,2211.38,0.010799725885572991,88.83913469549964,246,0.0,0.0,Weak,At Risk
wrap circus parade,2210.34,0.01079464683316183,88.8499293423328,181,0.0,0.0,Weak,Weak
set of 16 vintage black cutlery,2207.2,0.01077931200184351,88.86070865433464,67,,,Weak,Weak
black candelabra t-light holder,2206.24,0.01077462364577167,88.87148327798042,181,56.0,0.0,Weak,At Risk
vanilla incense in tin,2204.35,0.01076539344475523,88.88224867142517,178,0.0,0.0,Weak,Weak
letter holder home sweet home,2204.11,0.01076422135573727,88.89301289278092,134,0.0,0.0,Weak,Weak
childs garden spade blue,2202.92,0.010758409747689884,88.90377130252861,233,0.0,0.0,Weak,At Risk
christmas hanging heart with bell,2202.38,0.010755772547399471,88.91452707507601,163,16.0,0.0,Weak,Weak
hanging glass etched tealight,2200.36,0.010745907464831637,88.92527298254085,124,290.0,1.0,Churned,Churned
herb marker basil,2199.19,0.01074019353086908,88.93601317607171,252,0.0,0.0,Weak,At Risk
s/4 ivory mini rose candle in bowl,2191.96,0.010704884349203019,88.94671806042092,267,0.0,0.0,Weak,At Risk
s/4 ivory mini rose candle in bowl,2191.96,0.010704884349203019,88.94671806042092,267,658.0,1.0,Churned,Churned
abstract circle journal,2190.59,0.010698193674392162,88.9574162540953,201,12.0,0.0,Weak,At Risk
hanging heart mirror decoration,2183.17,0.010661956588920217,88.96807821068423,356,,,Weak,At Risk
vintage christmas gift bag large,2182.39,0.010658147299611844,88.97873635798383,105,,,Weak,Weak
set of 12 lily botanical t-lights,2182.19,0.010657170558763545,88.98939352854259,148,407.0,1.0,Churned,Churned
kneeling mat housework  design,2181.42,0.010653410106497589,89.00004693864909,230,0.0,0.0,Weak,At Risk
72 cake cases vintage christmas,2178.14,0.01063739155658546,89.01068433020568,101,0.0,0.0,Weak,Weak
"spring dec , hanging chick  yellow",2164.88,0.010572633638343144,89.02125696384402,109,13.0,0.0,Weak,Weak
metal decoration naughty children,2164.69,0.010571705734537256,89.03182866957856,180,0.0,0.0,Weak,Weak
brown  pirate treasure chest,2164.63,0.010571412712282766,89.04240008229084,267,0.0,0.0,Weak,At Risk
ice cream bubbles,2161.24,0.010554856954904072,89.05295493924574,101,0.0,0.0,Weak,Weak
"decoration, hanging heart+mirror",2161.0,0.010553684865886113,89.06350862411162,287,0.0,0.0,Weak,At Risk
card birthday cowboy,2157.91,0.010538594219779871,89.0740472183314,359,0.0,0.0,Weak,At Risk
cake stand victorian filigree small,2156.45,0.010531464011587279,89.084578682343,172,0.0,0.0,Weak,Weak
green  spotty plate,2155.17,0.010525212870158156,89.09510389521316,146,2.0,0.0,Weak,Weak
assorted cakes fridge magnets,2154.2200000000003,0.01052057335112873,89.10562446856429,187,21.0,0.0,Weak,Weak
3 tier sweetheart garden shelf,2153.9500000000003,0.010519254750983524,89.11614372331528,48,16.0,0.0,Weak,Weak
silver t-light setting,2153.43,0.01051671522477794,89.12666043854006,87,143.0,1.0,Churned,Churned
star decoration painted zinc,2151.99,0.010509682690670178,89.13717012123072,264,0.0,0.0,Weak,At Risk
red spotty big bowl,2150.8500000000004,0.010504115267834868,89.14767423649856,101,95.0,1.0,Churned,Churned
heart t-light holder,2150.21,0.010500989697120305,89.15817522619568,170,10.0,0.0,Weak,Weak
heart t-light holder,2150.21,0.010500989697120305,89.15817522619568,170,325.0,1.0,Churned,Churned
regency cake fork,2145.3,0.010477010709294531,89.16865223690498,98,1.0,0.0,Weak,Weak
porcelain rose large,2144.48,0.010473006071816499,89.1791252429768,105,198.0,1.0,Churned,Churned
more butter metal sign,2141.07,0.010456352640352978,89.18958159561714,263,0.0,0.0,Weak,At Risk
wrap dolly girl,2140.5,0.010453568928935321,89.20003516454608,159,1.0,0.0,Weak,Weak
ivory knitted mug cosy,2140.35,0.010452836373299093,89.21048800091938,165,,,Weak,Weak
drawer knob crackle glaze blue,2138.63,0.010444436402003711,89.22093243732138,134,36.0,0.0,Weak,At Risk
star wreath decoration with bell,2138.42,0.010443410824112997,89.23137584814549,152,0.0,0.0,Weak,Weak
measuring tape babushka red,2137.21,0.010437501541980778,89.24181334968748,115,,,Weak,Weak
4 lily  botanical dinner candles,2135.01,0.010426757392649474,89.25224010708013,169,17.0,0.0,Weak,Weak
abstract circles sketchbook,2134.76,0.010425536466589098,89.26266564354671,193,1.0,0.0,Weak,At Risk
dog bowl vintage cream,2132.63,0.0104151341765547,89.27308077772327,155,,,Weak,Weak
drawer knob crackle glaze pink,2132.5,0.010414499295003302,89.28349527701828,153,1.0,0.0,Weak,Weak
strawberry ceramic trinket pot,2131.2200000000003,0.010408248153574181,89.29390352517186,125,,,Weak,Weak
decorative cats bathroom bottle,2129.81,0.010401362130593662,89.30430488730245,368,0.0,0.0,Weak,At Risk
childs garden spade pink,2129.7400000000002,0.010401020271296758,89.31470590757375,208,2.0,0.0,Weak,At Risk
japanese crocheted animal,2128.72,0.010396038892970423,89.32510194646672,182,382.0,1.0,Churned,Churned
assorted tutti frutti mirror,2127.94,0.010392229603662054,89.33549417607038,204,23.0,0.0,Weak,At Risk
travel card wallet i love london,2126.55,0.010385441254766366,89.34587961732515,241,0.0,0.0,Weak,At Risk
pink  honeycomb paper ball,2122.66,0.010366443645266921,89.35624606097042,150,205.0,1.0,Churned,Churned
set of 16 vintage red cutlery,2118.83,0.010347739058021967,89.36659380002844,71,,,Weak,Weak
relax large wood letters,2116.48,0.010336262353054439,89.37693006238149,73,119.0,1.0,Churned,Churned
folding umbrella  choc/white  spot,2115.77,0.010332794923042971,89.38726285730453,49,4.0,0.0,Weak,Weak
green polkadot plate,2113.19,0.010320194966099898,89.39758305227063,158,,,Weak,Weak
paper lantern 9 point deluxe star,2111.4900000000002,0.010311892668889345,89.40789494493953,36,3.0,0.0,Weak,Weak
wrap vintage leaf design,2109.42,0.010301783401109434,89.41819672834063,134,,,Weak,Weak
red coat rack paris fashion,2107.85,0.010294115985450275,89.42849084432608,122,3.0,0.0,Weak,Weak
wrap poppies  design,2105.5,0.010282639280482744,89.43877348360655,158,1.0,0.0,Weak,Weak
pocket bag blue paisley red spot,2104.62,0.010278341620750222,89.4490518252273,214,0.0,0.0,Weak,At Risk
bath duck watering can,2102.46,0.010267792819588579,89.45931961804689,110,478.0,1.0,Churned,Churned
cherry design paperlanterns,2100.33,0.010257390529554178,89.46957700857645,117,460.0,1.0,Churned,Churned
travel card wallet vintage ticket,2094.93,0.010231018526650067,89.4798080271031,408,0.0,0.0,Weak,At Risk
ivory refectory clock,2094.24,0.010227648770723428,89.49003567587383,86,0.0,0.0,Weak,Weak
vintage red enamel trim mug,2090.75,0.010210604642920588,89.50024628051675,119,0.0,0.0,Weak,Weak
red spot gift bag large,2089.92,0.010206551168400142,89.51045283168514,103,0.0,0.0,Weak,Weak
easter tin bunny bouquet,2085.75,0.010186186121713077,89.52063901780686,165,23.0,0.0,Weak,Weak
pink union jack  passport cover,2085.64,0.010185648914246512,89.5308246667211,297,1.0,0.0,Weak,At Risk
tea cosy blue stripe,2085.05,0.010182767528744028,89.54100743424985,214,0.0,0.0,Weak,At Risk
silver cherry lights,2084.32,0.01017920242464773,89.5511866366745,56,449.0,1.0,Churned,Churned
vintage billboard mug,2083.46,0.010175002439000038,89.5613616391135,229,0.0,0.0,Weak,At Risk
ivory pillar candle gold flock,2082.7400000000002,0.010171486171946157,89.57153312528544,102,14.0,0.0,Weak,Weak
dog licence wall art,2081.64,0.010166114097280503,89.58169923938271,29,0.0,0.0,Weak,Weak
ivory sweetheart wire letter rack,2080.65,0.010161279230081418,89.59186051861279,159,4.0,0.0,Weak,Weak
girly pink tool set,2079.4700000000003,0.010155516459076445,89.60201603507187,110,373.0,1.0,Churned,Churned
blue savannah picnic hamper for 4,2077.82,0.010147458347077967,89.61216349341895,52,556.0,1.0,Churned,Churned
blue savannah picnic hamper for 4,2077.82,0.010147458347077967,89.61216349341895,52,561.0,1.0,Churned,Churned
empire birthday card,2076.77,0.010142330457624388,89.62230582387657,430,1.0,0.0,Weak,At Risk
12 pencils tall tube red spotty,2074.06,0.010129095619129919,89.63243491949571,258,0.0,0.0,Weak,At Risk
village show wall art,2072.42,0.010121086344173854,89.64255600583988,18,0.0,0.0,Weak,Weak
set 36 colouring pencils doily,2070.35,0.010110977076393945,89.65266698291627,147,,,Weak,Weak
wicker wreath small,2070.15,0.010110000335545644,89.66277698325182,225,0.0,0.0,Weak,At Risk
set 8 candles vintage doily,2070.1,0.01010975615033357,89.67288673940214,107,,,Weak,Weak
filigree heart butterfly white,2070.06,0.01010956080216391,89.68299630020431,117,0.0,0.0,Weak,Weak
4 vanilla botanical candles,2069.02,0.010104481749752746,89.69310078195406,212,0.0,0.0,Weak,At Risk
eau de nil diner wall clock,2067.2,0.010095593408033213,89.7031963753621,119,0.0,0.0,Weak,Weak
urban black ribbons,2067.18,0.010095495733948382,89.71329187109605,334,0.0,0.0,Weak,At Risk
baking mould rose milk chocolate,2066.82,0.010093737600421444,89.72338560869647,65,0.0,0.0,Weak,Weak
multicolour honeycomb paper garland,2065.16,0.010085630651380548,89.73347123934785,126,0.0,0.0,Weak,Weak
glass  songbird storage jar,2065.14,0.01008553297729572,89.74355677232515,73,3.0,0.0,Weak,Weak
folding umbrella red/white polkadot,2063.39,0.01007698649487309,89.75363375882002,150,,,Weak,Weak
60 gold and silver fairy cake cases,2062.19,0.010071126049783288,89.7637048848698,193,214.0,1.0,Churned,Churned
dolly girl childrens cup,2059.03,0.010055693544380141,89.77376057841417,195,0.0,0.0,Weak,At Risk
set/20 woodland paper napkins,2058.1,0.010051151699435544,89.7838117301136,192,455.0,1.0,Churned,Churned
party invites woodland,2055.5899999999997,0.010038893601789372,89.79385062371539,275,1.0,0.0,Weak,At Risk
magnets pack of 4 home sweet home,2049.56,0.010009444865213116,89.8038600685806,234,1.0,0.0,Weak,At Risk
assorted tutti frutti  fob notebook,2049.4,0.010008663472534476,89.81386873205314,205,0.0,0.0,Weak,At Risk
pink metal chicken heart,2041.69,0.009971010112832494,89.82383974216597,201,39.0,0.0,Weak,At Risk
yellow giant garden thermometer,2041.3500000000001,0.009969349653390384,89.83380909181936,118,0.0,0.0,Weak,Weak
key ring baseball boot assorted,2038.33,0.009954600866581046,89.84376369268594,98,0.0,0.0,Weak,Weak
set of 6 vintage notelets kit,2033.33,0.009930182345373535,89.85369387503131,167,192.0,1.0,Churned,Churned
t-light holder hanging love bird,2032.77,0.009927447470998295,89.86362132250231,101,0.0,0.0,Weak,Weak
pink spots chocolate nesting boxes,2030.8400000000001,0.009918021921812197,89.87353934442412,133,317.0,1.0,Churned,Churned
set 12 wildflower botanical t-light,2025.7700000000002,0.00989326154130778,89.88343260596542,113,435.0,1.0,Churned,Churned
felt egg cosy white rabbit,2024.35,0.009886326681284845,89.89331893264671,243,0.0,0.0,Weak,At Risk
wood stamp set flowers,2022.35,0.009876559272801842,89.9031954919195,291,0.0,0.0,Weak,At Risk
blue fairy cake child's apron,2021.47,0.009872261613069321,89.91306775353257,158,480.0,1.0,Churned,Churned
blue fairy cake child's apron,2021.47,0.009872261613069321,89.91306775353257,158,520.0,1.0,Churned,Churned
sweetheart wire fruit bowl,2020.84,0.009869184879397173,89.92293693841197,108,3.0,0.0,Weak,Weak
set of 2 ceramic christmas reindeer,2018.1399999999999,0.009855998877945119,89.9327929372899,89,19.0,0.0,Weak,Weak
keep calm wall art,2015.97,0.009845401239741059,89.94263833852965,20,0.0,0.0,Weak,Weak
toast its - fairy flower,2014.16,0.009836561735063941,89.95247490026472,349,0.0,0.0,Weak,At Risk
dolly girl childrens bowl,2013.7,0.009834315231112849,89.96230921549584,191,1.0,0.0,Weak,At Risk
frying pan blue polkadot,2013.18,0.009831775704907269,89.97214099120075,163,0.0,0.0,Weak,Weak
childs garden trowel blue,2011.28,0.009822496666848413,89.98196348786759,369,206.0,1.0,Churned,Churned
condiment tray 4 bowls and 4 spoons,2010.6,0.009819175747964193,89.99178266361555,77,49.0,0.0,Weak,At Risk
cat bowl vintage cream,2008.77,0.009810238569202243,90.00159290218475,141,,,Weak,Weak
hot stuff hot water bottle,2008.38,0.009808333924548059,90.01140123610931,89,0.0,0.0,Weak,Weak
ivory hanging decoration  bird,2008.09,0.009806917650318022,90.02120815375963,261,4.0,0.0,Weak,At Risk
gold  cherry lights,2007.88,0.009805892072427307,90.03101404583205,61,599.0,1.0,Churned,Churned
folkart star christmas decorations,2007.22,0.009802668827627915,90.04081671465968,155,0.0,0.0,Weak,Weak
small deco jewellery stand,2005.81,0.009795782804647397,90.05061249746433,79,56.0,0.0,Weak,At Risk
skulls greeting card,2005.02,0.00979192467829661,90.06040442214262,329,1.0,0.0,Weak,At Risk
star t-light holder willie winkie,2005.0,0.009791827004211781,90.07019624914683,119,0.0,0.0,Weak,Weak
storage tin vintage leaf,2003.1,0.009782547966152926,90.07997879711299,104,0.0,0.0,Weak,Weak
dolly mixture children's umbrella,2002.84,0.009781278203050135,90.08976007531604,186,0.0,0.0,Weak,Weak
set of 2 round tins dutch cheese,1996.0900000000001,0.009748313199419998,90.09950838851546,193,0.0,0.0,Weak,At Risk
calendar family favourites,1994.96,0.0097427946136271,90.10925118312909,78,,,Weak,Weak
blue padded soft mobile,1993.47,0.009735517894307261,90.1189867010234,169,239.0,1.0,Churned,Churned
childs garden trowel pink,1987.9299999999998,0.009708462172809339,90.12869516319621,370,217.0,1.0,Churned,Churned
baking mould toffee cup chocolate,1985.5800000000002,0.00969698546784181,90.13839214866405,71,0.0,0.0,Weak,Weak
hot water bottle sex bomb,1982.05,0.009679745991869305,90.14807189465593,102,0.0,0.0,Weak,Weak
assorted ice cream fridge magnets,1981.8500000000001,0.009678769251021006,90.15775066390695,164,455.0,1.0,Churned,Churned
black pirate treasure chest,1979.82,0.009668855331410757,90.16741951923836,276,0.0,0.0,Weak,At Risk
fairy tale cottage night light,1979.34,0.009666511153374835,90.17708603039173,115,,,Weak,Weak
red retrospot purse,1978.1700000000003,0.009660797219412279,90.18674682761115,192,,,Weak,At Risk
opulent velvet set/3 candles,1978.05,0.009660211174903299,90.19640703878605,127,359.0,1.0,Churned,Churned
christmas musical zinc star,1976.8799999999999,0.00965449724094074,90.206061536027,189,0.0,0.0,Weak,Weak
jungle popsicles ice lolly holders,1976.31,0.009651713529523084,90.21571324955652,200,0.0,0.0,Weak,At Risk
silk purse russian doll red,1975.27,0.00964663447711192,90.22535988403362,88,210.0,1.0,Churned,Churned
floor cushion elephant carnival,1973.3899999999999,0.009637453113137897,90.23499733714677,95,2.0,0.0,Weak,Weak
heart shape wireless doorbell,1973.0700000000002,0.009635890327780618,90.24463322747455,210,0.0,0.0,Weak,At Risk
assorted incense pack,1968.45,0.009613327614184878,90.25424655508874,66,4.0,0.0,Weak,Weak
milk bottle with glass stopper,1967.38,0.00960810205064647,90.26385465713939,118,291.0,1.0,Churned,Churned
green spotty bowl,1963.44,0.009588860255934951,90.27344351739532,214,0.0,0.0,Weak,At Risk
money box pocket money design,1963.38,0.009588567233680461,90.283032084629,215,0.0,0.0,Weak,At Risk
baking mould heart white chocolate,1963.3,0.009588176537341142,90.29262026116633,129,0.0,0.0,Weak,Weak
gumball monochrome coat rack,1962.83,0.009585881196347635,90.30220614236268,231,,,Weak,At Risk
red spot paper gift bag,1962.83,0.009585881196347635,90.31179202355902,131,0.0,0.0,Weak,Weak
set/20 fruit salad paper napkins,1960.45,0.00957425798025286,90.32136628153927,163,163.0,1.0,Churned,Churned
filigree heart bird white,1960.0,0.009572060313344184,90.33093834185262,125,0.0,0.0,Weak,Weak
zinc heart lattice t-light holder,1956.81,0.009556481296813793,90.34049482314943,169,2.0,0.0,Weak,Weak
zinc t-light holder star large,1956.68,0.009555846415262397,90.3500506695647,167,0.0,0.0,Weak,Weak
pack of 12 spaceboy tissues,1954.2999999999997,0.009544223199167621,90.35959489276387,368,0.0,0.0,Weak,At Risk
small silver flower candle pot,1952.1800000000003,0.009533869746175639,90.36912876251004,102,1.0,0.0,Weak,Weak
boudoir square tissue box,1952.04,0.009533186027581826,90.37866194853763,309,0.0,0.0,Weak,At Risk
felt egg cosy chicken,1947.82,0.009512576795682688,90.38817452533331,306,2.0,0.0,Weak,At Risk
rose folkart heart decorations,1947.74,0.009512186099343367,90.39768671143266,217,3.0,0.0,Weak,At Risk
12 pencils tall tube posy,1940.9599999999998,0.009479074584585983,90.40716578601725,245,53.0,0.0,Weak,At Risk
christmas tree star decoration,1938.96,0.00946930717610298,90.41663509319335,322,0.0,0.0,Weak,At Risk
sunset colour chunky knitted throw,1938.19,0.009465546723837023,90.42610063991718,95,4.0,0.0,Weak,Weak
faux fur chocolate throw,1933.59,0.009443081684326112,90.4355437216015,62,2.0,0.0,Weak,Weak
pink polkadot garden parasol,1932.97,0.009440053787696382,90.4449837753892,100,,,Weak,Weak
bohemian collage stationery set,1927.54,0.009413535273665025,90.45439731066287,289,0.0,0.0,Weak,At Risk
wrap doiley design,1927.26,0.009412167836477405,90.46380947849934,164,0.0,0.0,Weak,Weak
party food shopper bag,1925.04,0.00940132601306127,90.4732108045124,246,163.0,1.0,Churned,Churned
le grand tray chic set,1924.92,0.00940073996855229,90.48261154448096,79,10.0,0.0,Weak,Weak
dairy maid  pudding bowl,1924.51,0.009398737649813273,90.49201028213078,51,364.0,1.0,Churned,Churned
apron modern vintage cotton,1921.03,0.009381742359052845,90.50139202448983,141,184.0,1.0,Churned,Churned
brocante shelf with hooks,1920.5,0.00937915399580485,90.51077117848564,83,27.0,0.0,Weak,Weak
dog toy with pink crochet skirt,1920.02,0.009376809817768929,90.5201479883034,234,4.0,0.0,Weak,At Risk
christmas tree heart decoration,1917.2,0.009363037771807893,90.52951102607521,323,18.0,0.0,Weak,At Risk
small yellow babushka notebook,1915.2099999999998,0.009353319200367303,90.53886434527558,404,0.0,0.0,Weak,At Risk
swiss roll towel pink  spots,1913.69,0.009345895969920222,90.5482102412455,39,,,Weak,Weak
hanging chick cream decoration,1913.35,0.009344235510478109,90.55755447675598,122,,,Weak,Weak
balloon art make your own flowers,1913.22,0.009343600628926715,90.5668980773849,170,0.0,0.0,Weak,Weak
strawberry dream childs umbrella,1910.06,0.009328168123523568,90.57622624550842,176,140.0,1.0,Churned,Churned
silver lattice vanilla candle pot,1906.62,0.0093113681809328,90.58553761368935,111,287.0,1.0,Churned,Churned
measuring tape babushka blue,1906.1100000000001,0.009308877491769636,90.59484649118113,116,,,Weak,Weak
childs garden fork blue,1905.81,0.009307412380497183,90.60415390356162,334,0.0,0.0,Weak,At Risk
black retrodisc lampshade,1905.15,0.009304189135697792,90.61345809269733,13,548.0,1.0,Churned,Churned
knickerbockerglory magnet assorted,1904.7700000000002,0.009302333328086021,90.62276042602541,135,0.0,0.0,Weak,Weak
zinc finish 15cm planter pots,1903.0,0.009293689171578563,90.632054115197,170,195.0,1.0,Churned,Churned
decorative rose bathroom bottle,1899.4,0.009276107836309156,90.64133022303331,308,1.0,0.0,Weak,At Risk
assorted tutti frutti large purse,1899.2800000000002,0.009275521791800176,90.65060574482511,144,12.0,0.0,Weak,Weak
wood stamp set best wishes,1898.42,0.009271321806152482,90.65987706663127,287,0.0,0.0,Weak,At Risk
vintage jingle bells heart,1897.76,0.009268098561353091,90.66914516519262,78,1.0,0.0,Weak,Weak
carrot charlie+lola coaster set,1895.3700000000001,0.009256426508215903,90.67840159170083,214,0.0,0.0,Weak,At Risk
doorstop football design,1894.7,0.009253154426374095,90.68765474612721,170,0.0,0.0,Weak,Weak
wrap 50's  christmas,1892.46,0.009242214928873132,90.69689696105608,149,0.0,0.0,Weak,Weak
aluminium stamped heart,1892.2300000000002,0.009241091676897586,90.70613805273298,130,3.0,0.0,Weak,Weak
glass cake stand,1891.7,0.009238503313649588,90.71537655604664,66,397.0,1.0,Churned,Churned
skulls  design  cotton tote bag,1890.74,0.009233814957577746,90.72461037100422,203,1.0,0.0,Weak,At Risk
12 pink rose peg place settings,1887.23,0.009216673155690074,90.73382704415991,146,139.0,1.0,Churned,Churned
retrospot wooden heart decoration,1886.28,0.009212033636660646,90.74303907779657,246,,,Weak,At Risk
dairy maid butter dish,1885.33,0.00920739411763122,90.7522464719142,39,,,Weak,Weak
feltcraft boy jean-paul kit,1884.76,0.009204610406213563,90.76145108232042,127,1.0,0.0,Weak,Weak
cinammon set of 9 t-lights,1884.4199999999998,0.009202949946771453,90.77065403226719,388,0.0,0.0,Weak,At Risk
cinammon set of 9 t-lights,1884.4199999999998,0.009202949946771453,90.77065403226719,388,238.0,1.0,Churned,Churned
3 raffia ribbons 50's christmas,1884.17,0.009201729020711077,90.7798557612879,199,0.0,0.0,Weak,At Risk
childs garden fork pink,1882.29,0.009192547656737054,90.78904830894464,352,1.0,0.0,Weak,At Risk
poste france cushion cover,1877.65,0.009169887269056484,90.7982181962137,150,0.0,0.0,Weak,Weak
easter tin keepsake,1877.34,0.009168373320741618,90.80738656953444,139,63.0,1.0,Churned,Churned
small tahiti beach bag,1877.21,0.009167738439190222,90.81655430797363,33,254.0,1.0,Churned,Churned
pack of 12 blue paisley tissues,1875.0199999999998,0.009157043126901332,90.82571135110054,325,0.0,0.0,Weak,At Risk
set/4 red mini rose candle in bowl,1873.82,0.00915118268181153,90.83486253378234,295,0.0,0.0,Weak,At Risk
set/4 red mini rose candle in bowl,1873.82,0.00915118268181153,90.83486253378234,295,1.0,0.0,Weak,At Risk
set/6 woodland paper cups,1872.68,0.009145615258976218,90.84400814904131,66,515.0,1.0,Churned,Churned
silver plate candle bowl large,1871.23,0.00913853388782604,90.85314668292914,101,450.0,1.0,Churned,Churned
large chinese style scissor,1870.7,0.009135945524578044,90.86228262845371,106,0.0,0.0,Weak,Weak
vintage glass t-light holder,1870.0300000000002,0.00913267344273624,90.87141530189645,149,1.0,0.0,Weak,Weak
parlour ceramic wall hook,1869.0,0.00912764322736749,90.88054294512382,75,,,Weak,Weak
set/6 woodland paper plates,1868.7,0.00912617811609504,90.88966912323991,47,631.0,1.0,Churned,Churned
s/12 vanilla  botanical t-lights,1861.4500000000003,0.00909077126034415,90.89875989450026,145,42.0,0.0,Weak,At Risk
scented velvet lounge candle,1860.0,0.009083689889193971,90.90784358438945,93,3.0,0.0,Weak,Weak
hearts  stickers,1859.3799999999999,0.00908066199256424,90.91692424638202,279,0.0,0.0,Weak,At Risk
baby mouse red gingham dress,1857.47,0.00907133411746297,90.92599558049949,132,10.0,0.0,Weak,Weak
black baroque cuckoo clock,1851.22,0.009040810965953583,90.93503639146545,66,435.0,1.0,Churned,Churned
black baroque cuckoo clock,1851.22,0.009040810965953583,90.93503639146545,66,737.0,1.0,Churned,Churned
garden path journal,1848.73,0.009028650542392243,90.94406504200784,161,0.0,0.0,Weak,Weak
ceramic birdhouse crested tit small,1848.4700000000003,0.009027380779289452,90.95309242278712,119,261.0,1.0,Churned,Churned
white retrodisc lampshade,1841.7,0.008994318101574483,90.9620867408887,46,548.0,1.0,Churned,Churned
feltcraft hairbands pink and white,1840.9899999999998,0.008990850671563013,90.97107759156026,272,,,Weak,At Risk
pack of 12 50's christmas tissues,1840.08,0.008986406500703249,90.98006399806096,176,0.0,0.0,Weak,Weak
potting shed seed envelopes,1836.14,0.00896716470599173,90.98903116276695,247,0.0,0.0,Weak,At Risk
toast its - dinosaur,1827.76,0.008926239264447942,90.9979574020314,211,255.0,1.0,Churned,Churned
five cats hanging decoration,1827.64,0.008925653219938962,91.00688305525134,167,10.0,0.0,Weak,Weak
led tea lights,1826.76,0.00892135556020644,91.01580441081154,65,0.0,0.0,Weak,Weak
set/6 frog prince t-light candles,1826.07,0.008917985804279804,91.02472239661581,150,0.0,0.0,Weak,Weak
4 wildflower botanical candles,1823.74,0.008906606773397104,91.03362900338921,139,24.0,0.0,Weak,Weak
pink jumper larry the lamb,1820.27,0.008889660319679091,91.04251866370889,123,490.0,1.0,Churned,Churned
set/6 fruit salad paper cups,1816.73,0.008872372006664174,91.05139103571555,136,0.0,0.0,Weak,Weak
feltcraft hairband pink and blue,1815.1399999999999,0.008864606916920184,91.06025564263247,295,0.0,0.0,Weak,At Risk
"large cake towel, chocolate spots",1814.82,0.008863044131562905,91.06911868676403,119,0.0,0.0,Weak,Weak
wood and glass medicine cabinet,1814.75,0.008862702272266,91.0779813890363,24,4.0,0.0,Weak,Weak
set/10 ivory polkadot party candles,1814.59,0.008861920879587358,91.08684330991588,172,,,Weak,Weak
ivory hanging decoration  butterfly,1810.1899999999998,0.00884043258092475,91.0956837424968,150,568.0,1.0,Churned,Churned
keep out boys door hanger,1806.05,0.00882021404536493,91.10450395654217,206,184.0,1.0,Churned,Churned
gold mug bone china tree of life,1804.11,0.008810739659136417,91.11331469620131,118,0.0,0.0,Weak,Weak
beaded love heart jewellery set,1801.17,0.008796381568666401,91.12211107776999,111,369.0,1.0,Churned,Churned
vintage kitchen print vegetables,1800.44,0.008792816464570105,91.13090389423455,70,29.0,0.0,Weak,Weak
mirror cornice,1799.62,0.00878881182709207,91.13969270606164,71,4.0,0.0,Weak,Weak
red spotty shopping bag,1798.04,0.008781095574390498,91.14847380163603,116,2.0,0.0,Weak,Weak
"art lights,funk monkey",1797.95,0.008780656041008764,91.15725445767704,111,0.0,0.0,Weak,Weak
"art lights,funk monkey",1797.95,0.008780656041008764,91.15725445767704,111,608.0,1.0,Churned,Churned
measuring tape russian doll red,1796.4200000000003,0.008773183973519267,91.16602764165056,64,23.0,0.0,Weak,Weak
regency tea spoon,1794.48,0.008763709587290752,91.17479135123784,76,1.0,0.0,Weak,Weak
moody girl door hanger,1792.6599999999999,0.008754821245571216,91.18354617248342,310,0.0,0.0,Weak,At Risk
felt toadstool large,1792.21,0.00875262357866254,91.19229879606208,148,1.0,0.0,Weak,Weak
fridge magnets us diner assorted,1789.1999999999998,0.00873792362889562,91.20103671969098,113,0.0,0.0,Weak,Weak
wall mirror rectangle diamante pink,1781.97,0.00870261444722956,91.2097393341382,98,,,Weak,Weak
folk felt hanging multicol garland,1781.1200000000001,0.008698463298624283,91.21843779743683,93,9.0,0.0,Weak,Weak
red spotty candy bag,1778.12,0.008683812185899776,91.22712160962273,121,541.0,1.0,Churned,Churned
blue refectory clock,1777.46,0.008680588941100385,91.23580219856383,82,0.0,0.0,Weak,Weak
ceramic birdhouse finch blue roof,1776.1200000000001,0.008674044777416772,91.24447624334125,107,402.0,1.0,Churned,Churned
miniature antique rose hook ivory,1775.5100000000002,0.008671065717829458,91.25314730905909,243,0.0,0.0,Weak,At Risk
green spotty cup,1774.72,0.00866720759147867,91.26181451665056,250,422.0,1.0,Churned,Churned
stripes design monkey doll,1764.03,0.008615000793137012,91.2704295174437,115,93.0,1.0,Churned,Churned
magic drawing slate bake a cake,1763.2,0.008610947318616564,91.27904046476232,230,0.0,0.0,Weak,At Risk
toothpaste tube pen,1760.94,0.00859991014703077,91.28764037490934,354,0.0,0.0,Weak,At Risk
mirror mosaic t-light holder round,1760.64,0.00859844503575832,91.2962388199451,71,45.0,0.0,Weak,At Risk
do not touch my stuff door hanger,1757.9199999999998,0.008585161360221433,91.30482398130532,253,42.0,0.0,Weak,At Risk
wood stamp set happy birthday,1753.94,0.008565724217340254,91.31338970552265,257,0.0,0.0,Weak,At Risk
set 36 colour pencils dolly girl,1750.29,0.008547898696858772,91.32193760421951,147,0.0,0.0,Weak,Weak
glass etched t-light holder medium,1747.9399999999998,0.00853642199189124,91.3304740262114,78,491.0,1.0,Churned,Churned
fairy cakes notebook a6 size,1747.76,0.008535542925127771,91.33900956913654,327,1.0,0.0,Weak,At Risk
set of 12 t-lights vintage doily,1747.51,0.008534321999067396,91.3475438911356,73,,,Weak,Weak
multicolour 3d balls garland,1746.97,0.008531684798776983,91.35607557593438,144,6.0,0.0,Weak,Weak
"wall mirror , rect diamante, pink/",1746.78,0.0085307568949711,91.36460633282935,61,1.0,0.0,Weak,Weak
ma campagne 4 drawer wall shelf,1745.8500000000001,0.008526215050026502,91.37313254787938,32,694.0,1.0,Churned,Churned
wood fan with flower design,1745.62,0.008525091798050955,91.38165763967743,87,501.0,1.0,Churned,Churned
home sweet home hanging heart,1745.55,0.00852474993875405,91.39018238961619,225,0.0,0.0,Weak,At Risk
rose du sud cosmetics bag,1744.98,0.008521966227336395,91.39870435584352,94,0.0,0.0,Weak,Weak
assorted sanskrit mini notebook,1741.72,0.008506045351509098,91.40721040119503,93,59.0,0.0,Weak,At Risk
blue paisley journal,1741.6100000000001,0.008505508144042535,91.41571590933907,179,2.0,0.0,Weak,Weak
magic drawing slate bunnies,1741.53,0.008505117447703213,91.42422102678677,292,6.0,0.0,Weak,At Risk
french style wall dresser,1740.0,0.008497645380213715,91.43271867216698,12,455.0,1.0,Churned,Churned
silver stars table decoration,1739.63,0.00849583840964436,91.44121451057663,213,1.0,0.0,Weak,At Risk
magic tree -paper flowers,1738.07,0.008488219831027615,91.44970273040765,212,0.0,0.0,Weak,At Risk
petit tray chic,1736.69,0.008481480319174343,91.45818421072683,146,0.0,0.0,Weak,Weak
vintage glass coffee caddy,1735.0500000000002,0.00847347104421828,91.46665768177104,106,115.0,1.0,Churned,Churned
bull dog bottle top wall clock,1733.57,0.008466243161940857,91.47512392493299,82,0.0,0.0,Weak,Weak
vintage caravan greeting card,1731.24,0.008454864131058157,91.48357878906404,360,38.0,0.0,Weak,At Risk
white soap rack with 2 bottles,1731.06,0.008453985064294685,91.49203277412833,110,1.0,0.0,Weak,Weak
set of 4 rose botanical candles,1729.61,0.008446903693144506,91.50047967782147,184,,,Weak,Weak
set/6 collage paper plates,1729.09,0.008444364166938926,91.50892404198841,278,2.0,0.0,Weak,At Risk
blue/cream stripe cushion cover,1728.24,0.008440213018333649,91.51736425500674,192,7.0,0.0,Weak,At Risk
party charms 50 pieces,1726.09,0.00842971305421442,91.52579396806095,133,0.0,0.0,Weak,Weak
french blue metal door sign 1,1722.31,0.008411252652181542,91.53420522071313,226,,,Weak,At Risk
pink horse sock puppet,1719.5600000000002,0.008397822465517412,91.54260304317864,168,8.0,0.0,Weak,Weak
retro spot padded seat cushion,1718.93,0.008394745731845265,91.5509977889105,56,2.0,0.0,Weak,Weak
potting shed sow 'n' grow set,1718.63,0.008393280620572815,91.55939106953106,85,364.0,1.0,Churned,Churned
banquet birthday  card,1717.47,0.008387615523652671,91.56777868505472,366,0.0,0.0,Weak,At Risk
vintage kitchen print seafood,1716.8,0.008384343441810865,91.57616302849652,67,29.0,0.0,Weak,Weak
mini funky design tapes,1715.78,0.008379362063484533,91.58454239056,167,0.0,0.0,Weak,Weak
zinc top  2 door wooden shelf,1714.48,0.00837301324797058,91.59291540380798,55,28.0,0.0,Weak,Weak
small square cut glass candlestick,1710.67,0.008354406334810457,91.6012698101428,81,4.0,0.0,Weak,Weak
enamel pink tea container,1708.32,0.008342929629842927,91.60961273977264,187,182.0,1.0,Churned,Churned
enamel pink tea container,1708.32,0.008342929629842927,91.60961273977264,187,212.0,1.0,Churned,Churned
baking mould easter egg white choc,1707.47,0.00833877848123765,91.61795151825388,78,27.0,0.0,Weak,Weak
georgian trinket box,1706.5,0.008334041288123394,91.626285559542,61,7.0,0.0,Weak,Weak
spring flower chopsticks set/5,1706.1399999999999,0.008332283154596451,91.6346178426966,103,544.0,1.0,Churned,Churned
woven rose garden cushion cover,1704.64,0.0083249575982342,91.64294280029483,158,0.0,0.0,Weak,Weak
woven rose garden cushion cover,1704.64,0.0083249575982342,91.64294280029483,158,38.0,0.0,Weak,At Risk
childs garden rake blue,1700.6000000000001,0.008305227433098531,91.65124802772793,162,0.0,0.0,Weak,Weak
ping microwave apron,1700.1399999999999,0.00830298092914744,91.65955100865708,166,0.0,0.0,Weak,Weak
red polkadot beaker,1698.8799999999999,0.008296827461803146,91.66784783611888,134,,,Weak,Weak
white honeycomb paper garland,1698.8799999999999,0.008296827461803146,91.67614466358069,123,0.0,0.0,Weak,Weak
hairclips forties fabric assorted,1698.04,0.008292725150240285,91.68443738873093,174,0.0,0.0,Weak,Weak
"decoration , wobbly rabbit , metal",1696.29,0.008284178667817657,91.69272156739875,128,8.0,0.0,Weak,Weak
"popcorn holder , large",1696.21,0.008283787971478336,91.70100535537023,92,291.0,1.0,Churned,Churned
pastel stripe hammock,1696.02,0.00828286006767245,91.7092882154379,70,491.0,1.0,Churned,Churned
wrap cowboys,1693.24,0.008269283369881076,91.71755749880778,125,2.0,0.0,Weak,Weak
square floor cushion vintage red,1690.8999999999999,0.00825785550195596,91.72581535430973,91,,,Weak,Weak
rain hat with red spots,1688.2,0.008244669500503904,91.73406002381023,157,0.0,0.0,Weak,Weak
jazz hearts address book,1686.79,0.008237783477523386,91.74229780728776,335,0.0,0.0,Weak,At Risk
feltcraft hairband red and blue,1686.51,0.008236416040335766,91.75053422332809,302,,,Weak,At Risk
lets go shopping cotton tote bag,1686.19,0.008234853254978485,91.75876907658306,205,1.0,0.0,Weak,At Risk
assorted colour silk coin purse,1685.46,0.008231288150882188,91.76700036473395,47,577.0,1.0,Churned,Churned
hi tec alpine hand warmer,1684.58,0.008226990491149666,91.7752273552251,205,0.0,0.0,Weak,At Risk
dinosaur height chart sticker set,1683.93,0.00822381608339269,91.78345117130849,132,8.0,0.0,Weak,Weak
set of 36 doilies spaceboy design,1682.57,0.008217174245624247,91.79166834555411,112,,,Weak,Weak
spaceboy childrens egg cup,1679.66,0.008202962666281476,91.79987130822039,193,0.0,0.0,Weak,At Risk
set 12 colour pencils dolly girl,1679.55,0.00820242545881491,91.80807373367921,232,0.0,0.0,Weak,At Risk
set/3 christmas decoupage candles,1671.52,0.00816320931375565,91.81623694299296,136,52.0,0.0,Weak,At Risk
jingle bell heart antique gold,1670.0800000000002,0.008156176779647886,91.82439311977261,102,1.0,0.0,Weak,Weak
12 red rose peg place settings,1669.83,0.008154955853587508,91.83254807562619,232,0.0,0.0,Weak,At Risk
blue polkadot garden parasol,1668.49,0.008148411689903897,91.8406964873161,89,,,Weak,Weak
french garden sign blue metal,1667.5,0.00814357682270481,91.8488400641388,195,1.0,0.0,Weak,At Risk
set/4 spring flower decoration,1665.66,0.008134590806900446,91.8569746549457,152,8.0,0.0,Weak,Weak
pink hanging heart t-light holder,1664.16,0.008127265250538194,91.86510192019624,76,,,Weak,Weak
sunflower decorative parasol,1663.11,0.008122137361084615,91.87322405755732,72,18.0,0.0,Weak,Weak
toxic area  door hanger,1655.8799999999999,0.008086828179418555,91.88131088573674,285,0.0,0.0,Weak,At Risk
retro blue spotty washing up gloves,1655.74,0.008086144460824745,91.88939703019756,156,11.0,0.0,Weak,Weak
vintage kitchen print puddings,1654.45,0.008079844482353207,91.89747687467991,118,146.0,1.0,Churned,Churned
etched glass coaster,1653.75,0.008076425889384157,91.9055533005693,139,43.0,0.0,Weak,At Risk
playing cards i love london,1651.29,0.00806441197695006,91.91361771254624,115,0.0,0.0,Weak,Weak
silver record cover frame,1649.6399999999999,0.008056353864951581,91.9216740664112,41,,,Weak,Weak
heart t-light holder willie winkie,1649.05,0.008053472479449096,91.92972753889065,112,0.0,0.0,Weak,Weak
woodland storage box small,1647.07,0.008043802745050921,91.9377713416357,99,4.0,0.0,Weak,Weak
set of 2 ceramic painted hearts,1646.32,0.008040139966869794,91.94581148160256,125,0.0,0.0,Weak,Weak
moroccan beaten metal mirror,1644.17,0.008029640002750566,91.95384112160531,50,115.0,1.0,Churned,Churned
assorted tutti frutti round box,1642.65,0.008022216772303482,91.96186333837761,133,387.0,1.0,Churned,Churned
ring of roses birthday card,1641.64,0.008017284231019564,91.96988062260863,288,0.0,0.0,Weak,At Risk
12 daisy pegs in wood box,1640.17,0.008010105185784558,91.97789072779442,211,54.0,0.0,Weak,At Risk
ceramic birdhouse butterfly small,1640.1200000000001,0.008009861000572483,91.98590058879499,82,504.0,1.0,Churned,Churned
assorted white embossed china mugs,1639.8,0.0080082982152152,91.9939088870102,54,494.0,1.0,Churned,Churned
money box housekeeping design,1637.46,0.007996870347290087,92.00190575735749,196,0.0,0.0,Weak,At Risk
red hearts light chain,1636.42,0.007991791294878923,92.00989754865238,99,3.0,0.0,Weak,Weak
hanging  butterfly t-light holder,1636.36,0.007991498272624433,92.017889046925,73,0.0,0.0,Weak,Weak
dinosaurs water transfer tattoos,1636.24,0.007990912228115453,92.02587995915312,201,388.0,1.0,Churned,Churned
set 12 colouring pencils doily,1636.1,0.007990228509521642,92.03387018766264,191,0.0,0.0,Weak,At Risk
childrens toy cooking utensil set,1633.81,0.007979044826808604,92.04184923248945,168,16.0,0.0,Weak,Weak
enamel blue rim biscuit bin,1631.42,0.007967372773671414,92.04981660526313,130,219.0,1.0,Churned,Churned
swallow cigar box matches,1629.31,0.007957068157721844,92.05777367342085,94,564.0,1.0,Churned,Churned
natural bark candle small,1629.2,0.007956530950255277,92.0657302043711,81,380.0,1.0,Churned,Churned
rose 1 wick morris boxed candle,1629.02,0.007955651883491807,92.0736858562546,128,15.0,0.0,Weak,Weak
classic french style basket brown,1627.3600000000001,0.007947544934450915,92.08163340118905,102,7.0,0.0,Weak,Weak
red retrospot shopping bag,1625.6100000000001,0.007938998452028287,92.08957239964109,112,,,Weak,Weak
i love london mini backpack,1624.02,0.007931233362284297,92.09750363300337,86,0.0,0.0,Weak,Weak
blue gingham rose quilt,1622.96,0.007926056635788305,92.10542968963915,29,646.0,1.0,Churned,Churned
white bird garden design mug,1622.7900000000002,0.00792522640606725,92.11335491604522,35,317.0,1.0,Churned,Churned
white bird garden design mug,1622.7900000000002,0.00792522640606725,92.11335491604522,35,352.0,1.0,Churned,Churned
cross stitch alphabet cushion cover,1622.64,0.007924493850431025,92.12127940989565,91,569.0,1.0,Churned,Churned
vintage kitchen print fruits,1621.83,0.007920538049995407,92.12919994794565,101,4.0,0.0,Weak,Weak
set of 2 christmas decoupage candle,1621.28,0.007917852012662582,92.13711779995832,208,,,Weak,At Risk
beaded pearl heart white on stick,1619.23,0.007907840418967502,92.14502564037728,199,39.0,0.0,Weak,At Risk
seaside flying disc,1616.33,0.007893677676667146,92.15291931805395,176,,,Weak,Weak
ridged glass posy vase,1614.54,0.007884935846074857,92.16080425390003,140,219.0,1.0,Churned,Churned
laurel heart antique silver,1613.82,0.007881419579020974,92.16868567347905,97,2.0,0.0,Weak,Weak
door mat green paisley,1613.56,0.007880149815918183,92.17656582329496,86,505.0,1.0,Churned,Churned
hanging chick  yellow decoration,1608.86,0.007857196405983124,92.18442301970094,113,,,Weak,Weak
french floral cushion cover,1607.1599999999999,0.007848894108772571,92.19227191380972,105,19.0,0.0,Weak,Weak
french floral cushion cover,1607.1599999999999,0.007848894108772571,92.19227191380972,105,0.0,0.0,Weak,Weak
enamel pink coffee container,1604.74,0.007837075544508137,92.20010898935423,171,39.0,0.0,Weak,At Risk
pink marshmallow scarf knitting kit,1603.97,0.00783331509224218,92.20794230444648,90,372.0,1.0,Churned,Churned
red vintage spot beaker,1603.3899999999999,0.007830482543782108,92.21577278699026,198,0.0,0.0,Weak,At Risk
woodland water transfer tattoos,1600.75,0.007817589564584542,92.22359037655484,190,424.0,1.0,Churned,Churned
small glass sundae dish clear,1596.81,0.007798347769873024,92.23138872432472,116,11.0,0.0,Weak,Weak
filigree heart daisy white,1596.67,0.007797664051279214,92.239186388376,98,4.0,0.0,Weak,Weak
felt egg cosy blue rabbit,1594.77,0.007788385013220359,92.24697477338921,241,0.0,0.0,Weak,At Risk
round storage tin vintage leaf,1593.58,0.007782573405172972,92.25475734679439,103,0.0,0.0,Weak,Weak
mint green rose towel,1593.29,0.0077811571309429365,92.26253850392534,200,6.0,0.0,Weak,At Risk
small regal  silver candlepot,1593.16,0.007780522249391541,92.27031902617473,70,3.0,0.0,Weak,Weak
pack of 12 pink polkadot tissues,1591.9399999999998,0.007774564130216908,92.27809359030495,272,,,Weak,At Risk
set of 3 bird light pink feather,1591.86,0.007774173433877588,92.28586776373882,348,0.0,0.0,Weak,At Risk
buddha incense holder assorted,1590.64,0.007768215314702957,92.29363597905352,56,422.0,1.0,Churned,Churned
pack of 12 sticky bunnies,1590.43,0.00776718973681224,92.30140316879033,323,0.0,0.0,Weak,At Risk
mirror mosaic hurricane lamp,1589.98,0.007764992069903565,92.30916816086024,79,0.0,0.0,Weak,Weak
childs garden rake pink,1589.41,0.007762208358485908,92.31693036921872,152,2.0,0.0,Weak,Weak
christmas musical zinc heart,1586.49,0.007747947942100722,92.32467831716083,115,0.0,0.0,Weak,Weak
caravan square tissue box,1585.46,0.007742917726731975,92.33242123488756,291,0.0,0.0,Weak,At Risk
set/6 ivory bird t-light candles,1585.06,0.007740964245035374,92.34016219913259,84,366.0,1.0,Churned,Churned
set 36 colour pencils love london,1581.06,0.007721429428069366,92.34788362856067,126,0.0,0.0,Weak,Weak
assorted colour silk cosmetic purse,1579.68,0.007714689916216093,92.35559831847688,50,535.0,1.0,Churned,Churned
set/10 ivory spotty party candles,1578.47,0.007708780634083875,92.36330709911097,80,0.0,0.0,Weak,Weak
polkadot coffee cup & saucer pink,1577.6200000000001,0.007704629485478598,92.37101172859644,117,,,Weak,Weak
butterflies stickers,1576.84,0.0077008201961702265,92.3787125487926,268,0.0,0.0,Weak,At Risk
pens assorted funky jeweled,1573.81,0.007686022572318475,92.38639857136492,170,0.0,0.0,Weak,Weak
hippy chic decorative parasol,1571.75,0.00767596214158098,92.3940745335065,54,21.0,0.0,Weak,Weak
set/6 strawberry paper plates,1571.5,0.0076747412155206045,92.40174927472202,28,631.0,1.0,Churned,Churned
fairy cakes notebook a7 size,1567.97,0.007657501739548103,92.40940677646157,403,2.0,0.0,Weak,At Risk
fairy cakes notebook a7 size,1567.97,0.007657501739548103,92.40940677646157,403,364.0,1.0,Churned,Churned
wrap green pears,1567.86,0.007656964532081537,92.41706374099364,151,3.0,0.0,Weak,Weak
rococo wall mirror white,1567.1399999999999,0.007653448265027655,92.42471718925867,45,0.0,0.0,Weak,Weak
english rose edwardian parasol,1567.0,0.0076527645464338455,92.43236995380511,4,735.0,1.0,Churned,Churned
black cherry lights,1565.7,0.007646415730919893,92.44001636953602,58,300.0,1.0,Churned,Churned
ceramic birdhouse crested tit large,1565.51,0.007645487827114007,92.44766185736314,64,566.0,1.0,Churned,Churned
pink union jack  luggage tag,1562.87,0.007632594847916441,92.45529445221106,288,0.0,0.0,Weak,At Risk
union stripe cushion cover,1562.33,0.007629957647626031,92.46292440985869,167,2.0,0.0,Weak,Weak
lolita  design  cotton tote bag,1560.85,0.007622729765348607,92.47054713962403,136,3.0,0.0,Weak,Weak
set of 36 dinosaur paper doilies,1560.82,0.0076225832542213615,92.47816972287825,171,7.0,0.0,Weak,Weak
hanging spring flower egg large,1560.6299999999999,0.007621655350415476,92.48579137822867,147,16.0,0.0,Weak,Weak
two embossed heart mini drawers,1558.94,0.007613401890247339,92.49340478011892,29,609.0,1.0,Churned,Churned
enchanted bird plant cage,1558.39,0.007610715852914513,92.50101549597184,124,140.0,1.0,Churned,Churned
rose scent candle jewelled drawer,1553.5,0.007586834539173567,92.50860233051101,97,33.0,0.0,Weak,At Risk
silk purse babushka blue,1552.3500000000001,0.00758121827929584,92.51618354879031,111,,,Weak,Weak
folding umbrella  pink/white  spot,1549.34,0.0075665183295289175,92.52375006711983,49,14.0,0.0,Weak,Weak
large stripes chocolate gift bag,1549.31,0.007566371818401673,92.53131643893823,102,1.0,0.0,Weak,Weak
garden path sketchbook,1548.47,0.007562269506838811,92.53887870844507,155,4.0,0.0,Weak,Weak
chocolate 1 wick morris box candle,1547.1,0.007555578832027953,92.5464342872771,89,21.0,0.0,Weak,Weak
chocolate 1 wick morris box candle,1547.1,0.007555578832027953,92.5464342872771,89,371.0,1.0,Churned,Churned
blue cushion cover with flower,1545.53,0.0075479114163687945,92.55398219869346,39,,,Weak,Weak
mini highlighter pens,1544.52,0.0075429788750848775,92.56152517756854,50,294.0,1.0,Churned,Churned
pantry pastry brush,1543.77,0.007539316096903751,92.56906449366545,212,0.0,0.0,Weak,At Risk
set 12 pear botanical t-lights,1543.67,0.007538827726479601,92.57660332139193,97,385.0,1.0,Churned,Churned
metal tube chime on bamboo,1543.03,0.007535702155765039,92.58413902354769,68,248.0,1.0,Churned,Churned
party pizza dish red retrospot,1541.47,0.007528083577148296,92.59166710712483,153,,,Weak,Weak
black mini tape measure,1540.29,0.007522320806143323,92.59918942793098,202,2.0,0.0,Weak,At Risk
seaside stripe hammock,1538.79,0.007514995249781069,92.60670442318076,83,493.0,1.0,Churned,Churned
red retrospot big bowl,1534.78,0.007495411595772647,92.61419983477653,108,,,Weak,Weak
green fern journal,1534.19,0.007492530210270161,92.6216923649868,149,2.0,0.0,Weak,Weak
set of 4 santa place settings,1531.95,0.007481590712769195,92.62917395569957,108,0.0,0.0,Weak,Weak
frosted box 9 white t-light candles,1531.4,0.007478904675436371,92.63665286037501,215,389.0,1.0,Churned,Churned
blue calculator ruler,1530.95,0.007476707008527693,92.64412956738353,204,0.0,0.0,Weak,At Risk
silk purse russian doll pink,1530.6200000000001,0.007475095386127999,92.65160466276966,90,15.0,0.0,Weak,Weak
vintage keepsake box paris days,1525.22,0.007448723383223886,92.65905338615288,116,120.0,1.0,Churned,Churned
angel decoration painted zinc,1522.52,0.00743553738177183,92.66648892353464,146,6.0,0.0,Weak,Weak
natural bark candle large,1522.28,0.00743436529275387,92.6739232888274,69,390.0,1.0,Churned,Churned
"spring dec , hanging chick  green",1516.9199999999998,0.007408188638019417,92.68133147746542,100,17.0,0.0,Weak,Weak
set/6 strawberry paper cups,1516.64,0.007406821200831799,92.68873829866625,33,581.0,1.0,Churned,Churned
"white tea,coffee,sugar jars",1516.5,0.0074061374822379875,92.69614443614849,89,8.0,0.0,Weak,Weak
"white tea,coffee,sugar jars",1516.5,0.0074061374822379875,92.69614443614849,89,716.0,1.0,Churned,Churned
basket of flowers sewing kit,1514.78,0.007397737510942604,92.70354217365943,143,0.0,0.0,Weak,Weak
rain poncho,1514.6299999999999,0.007397004955306379,92.71093917861474,100,296.0,1.0,Churned,Churned
antique glass ridged hanging ball,1513.6699999999998,0.0073923165992345365,92.71833149521397,58,402.0,1.0,Churned,Churned
vintage glass tea caddy,1511.3100000000002,0.0073807910572245925,92.7257122862712,98,289.0,1.0,Churned,Churned
noel garland painted zinc,1511.05,0.007379521294121801,92.73309180756533,184,0.0,0.0,Weak,Weak
bathroom set love heart design,1508.28,0.00736599343337284,92.7404578009987,43,120.0,1.0,Churned,Churned
assorted mini madras notebook,1507.74,0.007363356233082428,92.74782115723178,69,53.0,0.0,Weak,At Risk
rose du sud drawstring bag,1507.22,0.007360816706876848,92.75518197393866,184,47.0,0.0,Weak,At Risk
giant black sunglasses,1503.6399999999999,0.007343333045692269,92.76252530698436,34,386.0,1.0,Churned,Churned
vintage red trim enamel bowl,1501.03,0.0073305865776219494,92.76985589356198,108,0.0,0.0,Weak,Weak
pink jewelled photo frame,1499.95,0.007325312177041127,92.77718120573903,97,1.0,0.0,Weak,Weak
pink jewelled photo frame,1499.95,0.007325312177041127,92.77718120573903,97,8.0,0.0,Weak,Weak
pink  heart confetti in tube,1495.7,0.007304556434014744,92.78448576217303,149,7.0,0.0,Weak,Weak
folding butterfly mirror hot pink,1495.24,0.007302309930063653,92.7917880721031,152,0.0,0.0,Weak,Weak
etched glass star tree decoration,1494.99,0.007301089004003277,92.7990891611071,102,356.0,1.0,Churned,Churned
vintage red mug,1494.67,0.007299526218645996,92.80638868732575,131,8.0,0.0,Weak,Weak
large tahiti beach bag,1492.28,0.007287854165508805,92.81367654149126,81,266.0,1.0,Churned,Churned
ivory wicker heart small,1491.75,0.00728526580226081,92.82096180729353,130,0.0,0.0,Weak,Weak
french blue metal door sign 2,1486.62,0.007260212399501904,92.82822201969303,203,,,Weak,At Risk
ribbons purse,1486.16,0.007257965895550813,92.83547998558858,127,1.0,0.0,Weak,Weak
blue white spots garden parasol,1485.24,0.007253472887648631,92.84273345847623,59,16.0,0.0,Weak,Weak
christmas table silver candle spike,1483.61,0.007245512449734982,92.84997897092596,103,,,Weak,Weak
silver diamante pen in gift box,1483.51,0.007245024079310832,92.85722399500527,134,4.0,0.0,Weak,Weak
set of 4 fairy cakes coasters,1483.2,0.0072435101309959666,92.86446750513626,148,520.0,1.0,Churned,Churned
set of 4 fairy cakes coasters,1483.2,0.0072435101309959666,92.86446750513626,148,493.0,1.0,Churned,Churned
woodland bunnies lolly makers,1482.41,0.00723965200464518,92.8717071571409,124,0.0,0.0,Weak,Weak
small round cut glass candlestick,1479.51,0.007225489262344824,92.87893264640324,62,12.0,0.0,Weak,Weak
mini jigsaw purdey,1478.56,0.007220849743315397,92.88615349614656,171,,,Weak,Weak
spaceboy rocket lolly makers,1475.03,0.0072036102673428935,92.8933571064139,113,0.0,0.0,Weak,Weak
assorted bottle top  magnets,1474.52,0.007201119578179728,92.90055822599209,194,0.0,0.0,Weak,At Risk
lilac diamante pen in gift box,1473.56,0.0071964312221078856,92.9077546572142,149,3.0,0.0,Weak,Weak
silver roccoco chandelier,1472.62,0.007191840540120874,92.91494649775431,25,17.0,0.0,Weak,Weak
white heart confetti in tube,1472.3,0.007190277754763593,92.92213677550907,118,2.0,0.0,Weak,Weak
yellow coat rack paris fashion,1471.09,0.007184368472631376,92.92932114398171,108,10.0,0.0,Weak,Weak
silver mini tape measure,1470.62,0.007182073131637869,92.93650321711334,117,247.0,1.0,Churned,Churned
potting shed coffee mug,1469.5800000000002,0.0071769940792267084,92.94368021119257,111,564.0,1.0,Churned,Churned
white travel alarm clock,1469.51,0.007176652219929802,92.9508568634125,224,18.0,0.0,Weak,At Risk
assorted farmyard animals in bucket,1469.5,0.007176603382887387,92.95803346679538,51,204.0,1.0,Churned,Churned
card psychedelic apples,1468.53,0.00717186618977313,92.96520533298516,340,0.0,0.0,Weak,At Risk
christmas tree decoration with bell,1467.6599999999999,0.007167617367083022,92.97237295035225,258,40.0,0.0,Weak,At Risk
circus parade childrens egg cup,1465.26,0.007155896476903419,92.97952884682915,149,0.0,0.0,Weak,Weak
pink polkadot childrens umbrella,1464.29,0.007151159283789161,92.98668000611295,135,,,Weak,Weak
set 12 colour pencils love london,1463.08,0.0071452500016569425,92.9938252561146,169,0.0,0.0,Weak,Weak
assorted tutti frutti heart box,1461.47,0.007137387237828125,93.00096264335244,137,11.0,0.0,Weak,Weak
glitter christmas heart,1460.86,0.007134408178240809,93.00809705153068,143,1.0,0.0,Weak,Weak
card holder love bird large,1460.5,0.007132650044713869,93.0152297015754,84,3.0,0.0,Weak,Weak
vintage caravan gift wrap,1460.5,0.007132650044713869,93.0223623516201,128,150.0,1.0,Churned,Churned
school desk and chair,1459.75,0.007128987266532741,93.02949133888663,17,43.0,0.0,Weak,At Risk
paperweight vintage collage,1459.3700000000001,0.007127131458920971,93.03661847034554,120,0.0,0.0,Weak,Weak
country cottage  doorstop green,1458.28,0.007121808221297733,93.04374027856684,150,366.0,1.0,Churned,Churned
blue flying singing canary,1456.94,0.0071152640576141206,93.05085554262446,114,385.0,1.0,Churned,Churned
bunny wooden painted with bird,1456.6,0.007113603598172009,93.05796914622263,275,0.0,0.0,Weak,At Risk
boom box speaker girls,1455.3600000000001,0.007107547804912548,93.06507669402754,118,0.0,0.0,Weak,Weak
kitchen flower pots wall plaque,1454.49,0.007103298982222441,93.07217999300975,114,76.0,1.0,Churned,Churned
glass sphere candle stand medium,1453.4,0.007097975744599204,93.07927796875435,74,3.0,0.0,Weak,Weak
small chocolates pink bowl,1453.16,0.0070968036555812426,93.08637477240994,350,0.0,0.0,Weak,At Risk
small chocolates pink bowl,1453.16,0.0070968036555812426,93.08637477240994,350,295.0,1.0,Churned,Churned
gold mini tape measure,1452.2,0.0070921152995094,93.09346688770945,294,0.0,0.0,Weak,At Risk
cosy slipper shoes small green,1451.8500000000001,0.007090406003024875,93.10055729371248,177,0.0,0.0,Weak,Weak
red shark helicopter,1451.69,0.007089624610346235,93.10764691832283,122,0.0,0.0,Weak,Weak
angel decoration with lace padded,1451.3999999999999,0.007088208336116199,93.11473512665894,124,99.0,1.0,Churned,Churned
drawer knob ceramic black,1448.6699999999998,0.007074875823536898,93.12181000248248,88,0.0,0.0,Weak,Weak
paperweight childhood memories,1448.52,0.007074143267900673,93.12888414575038,83,0.0,0.0,Weak,Weak
gingham rose wrap,1445.98,0.007061738659127258,93.13594588440951,122,1.0,0.0,Weak,Weak
spots design mug w pink inside,1445.78,0.007060761918278957,93.14300664632779,74,274.0,1.0,Churned,Churned
moody boy  door hanger,1445.37,0.00705875959953994,93.15006540592734,250,0.0,0.0,Weak,At Risk
ivory string curtain with pole,1445.05,0.00705719681418266,93.15712260274152,53,11.0,0.0,Weak,Weak
rose du sud cushion cover,1444.49,0.007054461939807419,93.16417706468133,131,1.0,0.0,Weak,Weak
rose du sud cushion cover,1444.49,0.007054461939807419,93.16417706468133,131,1.0,0.0,Weak,Weak
french enamel utensil holder,1442.94,0.007046892198233091,93.17122395687956,107,325.0,1.0,Churned,Churned
orange tv tray table,1442.3899999999999,0.0070442061609002635,93.17826816304046,73,190.0,1.0,Churned,Churned
zinc  star t-light holder,1441.43,0.007039517804828422,93.18530768084528,46,1.0,0.0,Weak,Weak
card suki birthday,1434.9,0.007007627216131414,93.19231530806141,355,0.0,0.0,Weak,At Risk
decoration white chick magic garden,1434.6599999999999,0.007006455127113452,93.19932176318852,243,1.0,0.0,Weak,At Risk
200 bendy skull straws,1432.82,0.006997469111309089,93.20631923229983,119,2.0,0.0,Weak,Weak
dinosaur lunchbox with cutlery,1429.9,0.0069832086949239034,93.21330244099475,113,0.0,0.0,Weak,Weak
motoring tissue box,1429.87,0.0069830621837966575,93.22028550317854,275,2.0,0.0,Weak,At Risk
small stripes chocolate gift bag,1427.11,0.006969583160090111,93.22725508633863,91,2.0,0.0,Weak,Weak
magnets pack of 4 retro photo,1427.08,0.006969436648962866,93.23422452298759,184,0.0,0.0,Weak,Weak
black grand baroque photo frame,1426.34,0.006965822707824155,93.24119034569541,59,245.0,1.0,Churned,Churned
small retro spot mug in box  white,1426.13,0.00696479712993344,93.24815514282535,81,0.0,0.0,Weak,Weak
red retrospot tissue box,1424.1599999999999,0.006955176232577681,93.25511031905793,232,,,Weak,At Risk
skulls wrap,1424.0,0.00695439483989904,93.26206471389783,109,0.0,0.0,Weak,Weak
folkart heart napkin rings,1423.63,0.006952587869329684,93.26901730176716,174,23.0,0.0,Weak,Weak
blue paisley sketchbook,1422.46,0.006946873935367127,93.27596417570253,146,2.0,0.0,Weak,Weak
white christmas star decoration,1422.45,0.0069468250983247114,93.28291100080085,172,16.0,0.0,Weak,Weak
large pink glass sundae dish,1422.0,0.006944627431416036,93.28985562823227,111,197.0,1.0,Churned,Churned
beaded chandelier t-light holder,1420.97,0.006939597216047289,93.29679522544832,38,,,Weak,Weak
dairy maid sugar jam bowl,1419.71,0.0069334437487029955,93.30372866919703,90,424.0,1.0,Churned,Churned
set of 3 gold flying ducks,1419.51,0.0069324670078546955,93.31066113620489,76,1.0,0.0,Weak,Weak
hanging hen on nest decoration,1418.82,0.006929097251928059,93.31759023345681,114,,,Weak,Weak
"birthday card, retro spot",1418.1200000000001,0.006925678658959008,93.32451591211577,331,0.0,0.0,Weak,At Risk
paper pocket traveling fan,1416.2600000000002,0.006916594969069815,93.33143250708484,255,1.0,0.0,Weak,At Risk
blue charlie+lola personal doorsign,1415.69,0.006913811257652158,93.33834631834249,147,3.0,0.0,Weak,Weak
retro spot party bag + sticker set,1412.25,0.006897011315061391,93.34524332965755,34,,,Weak,Weak
vintage red enamel trim plate,1406.3,0.006867953274824453,93.35211128293237,80,1.0,0.0,Weak,Weak
ass floral print multi screwdriver,1405.51,0.006864095148473665,93.35897537808084,195,11.0,0.0,Weak,At Risk
pack of 6 large fruit straws,1401.7,0.006845488235313542,93.36582086631616,151,1.0,0.0,Weak,Weak
toast its - happy birthday,1398.71,0.006830885959631451,93.37265175227579,222,1.0,0.0,Weak,At Risk
way out metal sign,1398.18,0.006828297596383455,93.37948004987217,111,295.0,1.0,Churned,Churned
eight piece snake  set,1396.6200000000001,0.006820679017766711,93.38630072888994,180,0.0,0.0,Weak,Weak
ivory chandelier t-light holder,1395.18,0.006813646483658949,93.3931143753736,38,21.0,0.0,Weak,Weak
pink white spots garden parasol,1394.7,0.006811302305623029,93.39992567767922,56,21.0,0.0,Weak,Weak
large yellow babushka notebook,1393.45,0.00680519767532115,93.40673087535454,215,0.0,0.0,Weak,At Risk
candy spot cushion cover,1392.64,0.006801241874885533,93.41353211722942,146,62.0,1.0,Churned,Churned
envelope 50 blossom images,1390.3899999999999,0.0067902535403421525,93.42032237076977,317,30.0,0.0,Weak,At Risk
assorted floral secateurs,1389.44,0.0067856140213127265,93.42710798479108,42,535.0,1.0,Churned,Churned
blue polkadot kids bag,1389.06,0.006783758213700955,93.43389174300478,151,0.0,0.0,Weak,Weak
french blue metal door sign no,1388.45,0.00678077915411364,93.44067252215889,173,,,Weak,Weak
herb marker rosemary,1386.65,0.006771988486478936,93.44744451064537,252,0.0,0.0,Weak,At Risk
ivory love bird candle,1385.82,0.006767935011958488,93.45421244565733,151,0.0,0.0,Weak,Weak
christmas tree painted zinc,1385.46,0.006766176878431548,93.46097862253576,145,19.0,0.0,Weak,Weak
red spotty luggage tag,1385.3,0.006765395485752907,93.46774401802152,195,73.0,1.0,Churned,Churned
pack of 12 vintage christmas tissue,1384.9099999999999,0.006763490841098721,93.47450750886262,155,0.0,0.0,Weak,Weak
decoration  butterfly  magic garden,1382.96,0.006753967617827793,93.48126147648044,257,0.0,0.0,Weak,At Risk
6 hook jewellery stand black dress,1380.52,0.006742051379478527,93.48800352785992,49,653.0,1.0,Churned,Churned
ivory cafe hanging lamp,1380.42,0.006741563009054378,93.49474509086897,45,,,Weak,Weak
zinc box sign home,1378.75,0.006733407222971069,93.50147849809194,64,8.0,0.0,Weak,Weak
pink/white ribbed melamine jug,1378.26,0.006731014207892732,93.50820951229983,78,291.0,1.0,Churned,Churned
glitter snow pear tree decoration,1373.8,0.006709232886975633,93.5149187451868,118,353.0,1.0,Churned,Churned
woven berries cushion cover,1373.36,0.006707084057109372,93.52162582924392,154,0.0,0.0,Weak,Weak
woven berries cushion cover,1373.36,0.006707084057109372,93.52162582924392,154,38.0,0.0,Weak,At Risk
pink sweetheart bracelet,1372.26,0.006701711982443719,93.52832754122636,150,1.0,0.0,Weak,Weak
mr robot soft toy,1371.42,0.006697609670880858,93.53502515089724,80,0.0,0.0,Weak,Weak
wall art village show,1369.71,0.00668925853662789,93.54171440943387,67,,,Weak,Weak
blue rose fabric mirror,1368.91,0.006685351573234688,93.5483997610071,191,0.0,0.0,Weak,At Risk
travel card wallet transport,1368.28,0.006682274839562541,93.55508203584667,278,0.0,0.0,Weak,At Risk
danish rose round sewing box,1368.26,0.006682177165477711,93.56176421301214,95,0.0,0.0,Weak,Weak
multicolour honeycomb fan,1368.04,0.006681102750544581,93.56844531576269,137,0.0,0.0,Weak,Weak
red  spotty coffee  mug,1367.79,0.006679881824484204,93.57512519758717,53,233.0,1.0,Churned,Churned
funky flower picnic bag for 4,1367.51,0.0066785143872965845,93.58180371197447,75,190.0,1.0,Churned,Churned
funky flower picnic bag for 4,1367.51,0.0066785143872965845,93.58180371197447,75,552.0,1.0,Churned,Churned
pink and white christmas tree 120cm,1366.48,0.006673484171927837,93.5884771961464,103,5.0,0.0,Weak,Weak
beach hut key cabinet,1366.17,0.006671970223612971,93.59514916637,125,201.0,1.0,Churned,Churned
wrap paisley park,1365.0,0.006666256289650414,93.60181542265966,120,0.0,0.0,Weak,Weak
herb marker thyme,1363.38,0.006658344688779181,93.60847376734843,249,0.0,0.0,Weak,At Risk
reindeer heart decoration silver,1363.04,0.00665668422933707,93.61513045157777,145,0.0,0.0,Weak,Weak
"wrap,suki and friends",1363.0,0.00665648888116741,93.62178694045893,110,6.0,0.0,Weak,Weak
vintage bead cosmetic bag,1362.8999999999999,0.006656000510743258,93.62844294096968,53,1.0,0.0,Weak,Weak
polkadot rain hat,1360.83,0.006645891242963349,93.63508883221265,293,,,Weak,At Risk
blue kashmiri coffee table,1359.95,0.0066415935832308285,93.64173042579587,4,401.0,1.0,Churned,Churned
egg cup natural chicken,1357.7,0.0066306052486874495,93.64836103104456,204,1.0,0.0,Weak,At Risk
small medina stamped metal bowl,1357.61,0.006630165715305713,93.65499119675987,104,0.0,0.0,Weak,Weak
card holder love bird small,1355.24,0.006618591336253353,93.66160978809611,72,0.0,0.0,Weak,Weak
pink paisley rose gift wrap,1354.0,0.00661253554299389,93.66822232363911,115,3.0,0.0,Weak,Weak
clear colour glass gems in bag,1351.18,0.006598763497032855,93.67482108713615,39,644.0,1.0,Churned,Churned
party invites dinosaurs,1348.56,0.006585968191920118,93.68140705532807,221,1.0,0.0,Weak,At Risk
top secret pen set,1348.36,0.006584991451071818,93.68799204677914,73,147.0,1.0,Churned,Churned
retro spot ceramic toastrack,1346.0800000000002,0.006573856605401195,93.69456590338454,103,451.0,1.0,Churned,Churned
green fern sketchbook,1343.79,0.0065626729226881545,93.70112857630723,136,2.0,0.0,Weak,Weak
glitter christmas tree with bells,1343.7,0.0065622333893064185,93.70769080969653,142,0.0,0.0,Weak,Weak
hanging chick green decoration,1343.28,0.006560182233524987,93.71425099193006,125,,,Weak,Weak
jungle popsicles ice lolly moulds,1338.8700000000001,0.006538645097819964,93.72078963702788,153,,,Weak,Weak
blue  spotty egg cup,1338.36,0.0065361544086567965,93.72732579143653,99,213.0,1.0,Churned,Churned
pink hearts paper garland,1337.59,0.006532393956390841,93.73385818539292,111,14.0,0.0,Weak,Weak
jazz hearts memo pad,1334.1100000000001,0.006515398665630413,93.74037358405855,32,640.0,1.0,Churned,Churned
black ear muff headphones,1333.96,0.006514666109994188,93.74688825016854,98,0.0,0.0,Weak,Weak
recycled pencil with rabbit eraser,1333.95,0.006514617272951773,93.7534028674415,310,0.0,0.0,Weak,At Risk
"garland, magic garden 1.8m",1332.36,0.0065068521832077845,93.7599097196247,95,15.0,0.0,Weak,Weak
set/3 polka dot stacking tins,1331.76,0.006503921960662884,93.76641364158536,96,185.0,1.0,Churned,Churned
set/3 polka dot stacking tins,1331.76,0.006503921960662884,93.76641364158536,96,561.0,1.0,Churned,Churned
rabbit  design  cotton tote bag,1329.6299999999999,0.006493519670628483,93.77290716125599,172,1.0,0.0,Weak,Weak
wall art vintage heart,1329.54,0.006493080137246748,93.77940024139323,32,0.0,0.0,Weak,Weak
yellow pot plant candle,1329.4900000000002,0.006492835952034675,93.78589307734526,52,1.0,0.0,Weak,Weak
pin cushion babushka pink,1329.48,0.006492787114992258,93.79238586446026,153,,,Weak,Weak
yuletide images gift wrap set,1327.68,0.006483996447357554,93.79886986090762,133,63.0,1.0,Churned,Churned
wrap vintage petals  design,1327.5,0.006483117380594083,93.80535297828821,104,0.0,0.0,Weak,Weak
decorative flore bathroom bottle,1326.29,0.006477208098461866,93.81183018638667,277,0.0,0.0,Weak,At Risk
red/cream stripe cushion cover,1325.27,0.006472226720135534,93.8183024131068,147,1.0,0.0,Weak,Weak
milk pan pink polkadot,1325.01,0.006470956957032743,93.82477337006384,80,,,Weak,Weak
romantic images gift wrap set,1323.51,0.006463631400670491,93.8312370014645,161,1.0,0.0,Weak,Weak
fridge magnets la vie en rose,1323.4199999999998,0.006463191867288755,93.83770019333178,95,0.0,0.0,Weak,Weak
herb marker parsley,1322.8600000000001,0.006460456992913514,93.8441606503247,249,0.0,0.0,Weak,At Risk
cosy slipper shoes small  red,1322.63,0.006459333740937969,93.85061998406563,131,50.0,0.0,Weak,At Risk
pink dog bowl,1320.5700000000002,0.006449273310200475,93.85706925737583,158,0.0,0.0,Weak,Weak
red spotty washbag,1319.96,0.006446294250613158,93.86351555162643,132,44.0,0.0,Weak,At Risk
bunny egg box,1319.09,0.006442045427923051,93.86995759705435,105,234.0,1.0,Churned,Churned
red dragonfly helicopter,1317.92,0.006436331493960493,93.87639392854831,111,0.0,0.0,Weak,Weak
blue scandinavian paisley wrap,1317.5,0.006434280338179063,93.8828282088865,116,14.0,0.0,Weak,Weak
red charlie+lola personal doorsign,1316.48,0.006429298959852731,93.88925750784635,165,1.0,0.0,Weak,Weak
fridge magnets les enfants assorted,1314.8899999999999,0.006421533870108742,93.89567904171646,90,0.0,0.0,Weak,Weak
dolly girl childrens egg cup,1313.86,0.0064165036547399945,93.9020955453712,140,0.0,0.0,Weak,Weak
garden path pocket book,1313.66,0.0064155269138916945,93.9085110722851,81,14.0,0.0,Weak,Weak
beach hut design blackboard,1313.52,0.006414843195297885,93.9149259154804,81,210.0,1.0,Churned,Churned
vintage christmas paper gift bag,1313.3899999999999,0.006414208313746488,93.92134012379414,100,2.0,0.0,Weak,Weak
pink/white christmas tree 60cm,1312.2,0.006408396705699102,93.92774852049983,103,5.0,0.0,Weak,Weak
home sweet home 2 drawer cabinet,1311.48,0.00640488043864522,93.93415340093848,70,0.0,0.0,Weak,Weak
black tea towel classic design,1309.81,0.006396724652561911,93.94055012559105,219,0.0,0.0,Weak,At Risk
french style embossed heart cabinet,1309.3899999999999,0.00639467349678048,93.94694479908783,48,15.0,0.0,Weak,Weak
pink heart candy button calculator,1308.74,0.006391499089023504,93.95333629817685,47,645.0,1.0,Churned,Churned
hanging bauble t-light holder small,1308.5900000000001,0.006390766533387279,93.95972706471024,76,5.0,0.0,Weak,Weak
clear milkshake glass,1308.15,0.006388617703521018,93.96611568241376,83,317.0,1.0,Churned,Churned
strawberries  design flannel,1307.1,0.006383489814067441,93.97249917222783,240,0.0,0.0,Weak,At Risk
mini cake stand t-light holder,1306.09,0.006378557272783524,93.97887772950061,182,1.0,0.0,Weak,Weak
woven bubble gum cushion cover,1303.88,0.006367764286409805,93.98524549378702,122,0.0,0.0,Weak,Weak
woven bubble gum cushion cover,1303.88,0.006367764286409805,93.98524549378702,122,38.0,0.0,Weak,At Risk
set/4 badges balloon girl,1303.27,0.006364785226822487,93.99161027901384,176,1.0,0.0,Weak,Weak
green mini tape measure,1301.72,0.00635721548524816,93.9979674944991,74,375.0,1.0,Churned,Churned
door hanger  mum + dads room,1299.55,0.006346617847044099,94.00431411234614,158,0.0,0.0,Weak,Weak
set/6 pink bird t-light candles,1296.36,0.006331038830513707,94.01064515117665,151,0.0,0.0,Weak,Weak
mirror mosaic goblet candle holder,1294.7,0.006322931881472814,94.01696808305812,55,1.0,0.0,Weak,Weak
retro plastic elephant tray,1293.76,0.006318341199485803,94.0232864242576,157,3.0,0.0,Weak,Weak
jigsaw toadstools 3 piece,1292.59,0.0063126272655232435,94.02959905152314,156,,,Weak,Weak
easter decoration egg bunny,1291.47,0.0063071575167727625,94.03590620903991,117,3.0,0.0,Weak,Weak
snowstorm photo frame fridge magnet,1291.3799999999999,0.0063067179833910265,94.0422129270233,138,9.0,0.0,Weak,Weak
orange scented set/9 t-lights,1291.09,0.006305301709160991,94.04851822873246,259,57.0,0.0,Weak,At Risk
orange scented set/9 t-lights,1291.09,0.006305301709160991,94.04851822873246,259,212.0,1.0,Churned,Churned
felt farm animal rabbit,1291.05,0.006305106360991331,94.05482333509346,131,13.0,0.0,Weak,Weak
set 4 nursery des round boxes,1289.31,0.006296608715611118,94.06111994380908,37,225.0,1.0,Churned,Churned
tall rococo candle holder,1289.24,0.006296266856314213,94.06741621066539,38,3.0,0.0,Weak,Weak
pack 6 heart/ice-cream patches,1287.54,0.006287964559103658,94.07370417522449,179,0.0,0.0,Weak,Weak
jardin etched glass fruitbowl,1286.44,0.006282592484438007,94.07998676770893,71,175.0,1.0,Churned,Churned
pink heart shape photo frame,1285.9099999999999,0.00628000412119001,94.08626677183013,125,106.0,1.0,Churned,Churned
lavender incense in tin,1285.8899999999999,0.006279906447105179,94.09254667827723,117,205.0,1.0,Churned,Churned
3d sheet of dog stickers,1285.87,0.006279808773020349,94.09882648705025,270,0.0,0.0,Weak,At Risk
3d sheet of dog stickers,1285.87,0.006279808773020349,94.09882648705025,270,165.0,1.0,Churned,Churned
christmas decoupage candle,1283.1299999999999,0.0062664274233986345,94.10509291447364,127,38.0,0.0,Weak,At Risk
candy pop chunky knitted throw,1282.9,0.006265304171423089,94.11135821864507,51,453.0,1.0,Churned,Churned
metal sign cupcake single hook,1281.86,0.0062602251190119265,94.11761844376407,271,2.0,0.0,Weak,At Risk
swallow square tissue box,1281.75,0.006259687911545362,94.12387813167562,242,0.0,0.0,Weak,At Risk
mini jigsaw bake a cake,1281.49,0.006258418148442571,94.13013654982407,118,0.0,0.0,Weak,Weak
candle plate lace white,1279.79,0.006250115851232018,94.1363866656753,92,2.0,0.0,Weak,Weak
danish rose bedside cabinet,1278.3500000000001,0.006243083317124256,94.14262974899243,20,111.0,1.0,Churned,Churned
pink polkadot kids bag,1275.31,0.0062282368562300875,94.14885798584866,115,330.0,1.0,Churned,Churned
skulls storage box large,1274.93,0.006226381048618317,94.15508436689728,95,2.0,0.0,Weak,Weak
metal wall shelf unit with hooks,1274.47,0.006224134544667226,94.16130850144195,13,588.0,1.0,Churned,Churned
marie antoinette trinket box silver,1273.76,0.00622066711465576,94.16752916855661,30,43.0,0.0,Weak,At Risk
retro spots pudding bowl,1273.26,0.006218225262535008,94.17374739381914,74,2.0,0.0,Weak,Weak
rattle snake eggs,1271.66,0.006210411335748605,94.17995780515488,165,0.0,0.0,Weak,Weak
vintage bead pink purse,1270.93,0.006206846231652308,94.18616465138653,143,0.0,0.0,Weak,Weak
ceramic birdhouse red roof small,1270.39,0.006204209031361898,94.1923688604179,51,604.0,1.0,Churned,Churned
black baroque wall clock,1268.6599999999999,0.006195760223024098,94.19856462064092,66,3.0,0.0,Weak,Weak
silver vanilla  flower candle pot,1268.12,0.006193123022733687,94.20475774366366,60,3.0,0.0,Weak,Weak
french paisley cushion cover,1268.1100000000001,0.006193074185691273,94.21095081784935,133,15.0,0.0,Weak,Weak
french paisley cushion cover,1268.1100000000001,0.006193074185691273,94.21095081784935,133,0.0,0.0,Weak,Weak
3d stickers vintage christmas,1268.0,0.006192536978224707,94.21714335482757,38,,,Weak,Weak
chrysanthemum sketchbook,1265.06,0.00617817888775469,94.22332153371532,146,3.0,0.0,Weak,Weak
chrysanthemum notebook,1262.7,0.0061666533457447464,94.22948818706107,169,0.0,0.0,Weak,Weak
folding umbrella  cream/multi  spot,1260.25,0.006154688270353066,94.23564287533142,53,3.0,0.0,Weak,Weak
vintage embossed heart,1257.68,0.006142137150452405,94.24178501248187,113,1.0,0.0,Weak,Weak
party invites jazz hearts,1256.27,0.006135251127471887,94.24792026360934,238,3.0,0.0,Weak,At Risk
antique glass place setting,1256.21,0.006134958105217397,94.25405522171457,49,22.0,0.0,Weak,Weak
union flag windsock,1255.97,0.006133786016199436,94.26018900773076,88,263.0,1.0,Churned,Churned
herb marker mint,1255.44,0.006131197652951441,94.2663202053837,248,0.0,0.0,Weak,At Risk
gold wine glass,1255.08,0.006129439519424499,94.27244964490313,7,390.0,1.0,Churned,Churned
smallfolkart bauble christmas dec,1254.8999999999999,0.006128560452661028,94.2785782053558,148,330.0,1.0,Churned,Churned
set of 4 knick knack tins leaves,1253.78,0.0061230907039105465,94.28470129605971,54,0.0,0.0,Weak,Weak
posy candy bag,1252.92,0.006118890718262855,94.29082018677798,73,171.0,1.0,Churned,Churned
embroidered ribbon reel emily,1252.01,0.006114446547403088,94.29693463332538,98,1.0,0.0,Weak,Weak
blue kashmiri occasional table,1249.45,0.006101944264544842,94.30303657758992,11,401.0,1.0,Churned,Churned
"black tea,coffee,sugar jars",1248.98,0.006099648923551336,94.30913622651347,82,4.0,0.0,Weak,Weak
pocket bag pink paisely brown spot,1248.74,0.006098476834533376,94.31523470334801,158,0.0,0.0,Weak,Weak
ceramic bowl with love heart design,1248.15,0.00609559544903089,94.32133029879704,126,56.0,0.0,Weak,At Risk
silk purse russian doll blue,1245.93,0.006084753625614755,94.32741505242265,69,10.0,0.0,Weak,Weak
paperweight save the planet,1245.52,0.006082751306875738,94.33349780372953,92,0.0,0.0,Weak,Weak
glass cake stand mirrored base,1244.81,0.006079283876864272,94.33957708760639,37,455.0,1.0,Churned,Churned
75 green fairy cake cases,1243.99,0.006075279239386241,94.34565236684577,193,3.0,0.0,Weak,At Risk
75 green fairy cake cases,1243.99,0.006075279239386241,94.34565236684577,193,107.0,1.0,Churned,Churned
set of 6 t-lights easter chicks,1243.88,0.006074742031919676,94.35172710887768,83,0.0,0.0,Weak,Weak
crazy daisy heart decoration,1243.68,0.006073765291071375,94.35780087416876,199,3.0,0.0,Weak,At Risk
columbian candle round,1243.6399999999999,0.006073569942901714,94.36387444411166,157,15.0,0.0,Weak,Weak
columbian candle round,1243.6399999999999,0.006073569942901714,94.36387444411166,157,0.0,0.0,Weak,Weak
columbian candle round,1243.6399999999999,0.006073569942901714,94.36387444411166,157,435.0,1.0,Churned,Churned
columbian candle round,1243.6399999999999,0.006073569942901714,94.36387444411166,157,8.0,0.0,Weak,Weak
retro mod tray,1242.96,0.0060702490240174935,94.36994469313568,256,0.0,0.0,Weak,At Risk
retro mod tray,1242.96,0.0060702490240174935,94.36994469313568,256,18.0,0.0,Weak,At Risk
black champagne glass,1240.83,0.006059846733983094,94.37600453986967,64,82.0,1.0,Churned,Churned
giant seventeen drawer sideboard,1240.0,0.006055793259462647,94.38206033312913,6,21.0,0.0,Weak,Weak
mini jigsaw bunnies,1239.62,0.006053937451850876,94.38811427058099,175,0.0,0.0,Weak,Weak
small retro spot mug in box  red,1238.54,0.0060486630512700534,94.39416293363226,84,0.0,0.0,Weak,Weak
gin and tonic diet metal sign,1237.5,0.006043583998858892,94.40020651763112,50,,,Weak,Weak
hanging engraved metal heart,1236.66,0.00603948168729603,94.40624599931841,78,1.0,0.0,Weak,Weak
silver retrodisc lampshade,1234.27,0.00602780963415884,94.41227380895258,20,548.0,1.0,Churned,Churned
assorted colour set 6 teaspoons,1232.02,0.0060168212996154595,94.41829063025219,86,2.0,0.0,Weak,Weak
single wire hook ivory heart,1231.51,0.006014330610452295,94.42430496086264,82,3.0,0.0,Weak,Weak
pin cushion russian doll red,1230.67,0.006010228298889433,94.43031518916153,36,2.0,0.0,Weak,Weak
pink paisley cushion cover,1230.39,0.006008860861701812,94.43632405002323,53,141.0,1.0,Churned,Churned
french blue metal door sign 3,1230.38,0.0060088120246593974,94.44233286204789,177,,,Weak,Weak
tub 24 hanging easter eggs spotty,1229.8200000000002,0.006006077150284156,94.44833893919818,36,630.0,1.0,Churned,Churned
scotties childrens apron,1228.82,0.0060011934460426535,94.45434013264422,187,1.0,0.0,Weak,Weak
herb marker chives,1226.72,0.0059909376671355,94.46033107031136,220,0.0,0.0,Weak,At Risk
blue dragonfly helicopter,1226.51,0.0059899120892447835,94.4663209824006,115,21.0,0.0,Weak,Weak
set of picture frame  stickers,1225.17,0.005983367925561171,94.47230435032617,122,0.0,0.0,Weak,Weak
red polka dot tissue box,1224.89,0.00598200048837355,94.47828635081454,107,0.0,0.0,Weak,Weak
teatime pen case & pens,1223.5,0.005975212139477862,94.48426156295402,59,11.0,0.0,Weak,Weak
standing metal rabbit with egg,1223.02,0.005972867961441941,94.49023443091546,78,617.0,1.0,Churned,Churned
pink stitched wall clock,1221.96,0.00596769123494595,94.49620212215041,113,92.0,1.0,Churned,Churned
pink stitched wall clock,1221.96,0.00596769123494595,94.49620212215041,113,120.0,1.0,Churned,Churned
ivory wire kitchen organiser,1220.8200000000002,0.005962123812110637,94.50216424596252,40,11.0,0.0,Weak,Weak
t-light holder white lace,1215.83,0.00593775412794554,94.50810200009046,116,0.0,0.0,Weak,Weak
paper bunting vintage party,1215.53,0.00593628901667309,94.51403828910713,47,0.0,0.0,Weak,Weak
doormat bird on the wire,1213.8700000000001,0.0059281820676321964,94.51996647117477,23,,,Weak,Weak
blue polkadot washing up gloves,1212.46,0.0059212960446516786,94.52588776721942,202,,,Weak,At Risk
set of three 50's gift wraps,1210.6,0.005912212354762484,94.53179997957417,55,445.0,1.0,Churned,Churned
french blue metal door sign 5,1210.34,0.005910942591659693,94.53771092216583,165,,,Weak,Weak
jigsaw rabbit and birdhouse,1210.11,0.005909819339684148,94.5436207415055,164,1.0,0.0,Weak,Weak
danish rose folding chair,1210.0,0.005909282132217583,94.54953002363773,29,304.0,1.0,Churned,Churned
beach hut shelf w 3 drawers,1208.06,0.005899807745989069,94.55542983138372,73,25.0,0.0,Weak,Weak
easter decoration natural chick,1207.8,0.005898537982886278,94.5613283693666,168,9.0,0.0,Weak,Weak
small licorice des pink bowl,1205.61,0.005887842670597389,94.56721621203721,218,252.0,1.0,Churned,Churned
small licorice des pink bowl,1205.61,0.005887842670597389,94.56721621203721,218,359.0,1.0,Churned,Churned
red spotty egg cup,1205.25,0.005886084537070448,94.57310229657428,77,572.0,1.0,Churned,Churned
chrysanthemum  journal,1201.68,0.005868649712928286,94.5789709462872,140,2.0,0.0,Weak,Weak
house wrecking metal sign,1201.52,0.005867868320249645,94.58483881460745,145,197.0,1.0,Churned,Churned
colourful standing gnome,1200.93,0.00586498693474716,94.5907038015422,49,527.0,1.0,Churned,Churned
felt farm animal chicken,1200.07,0.005860786949099467,94.5965645884913,119,92.0,1.0,Churned,Churned
next day carriage,1200.0,0.005860445089802562,94.60242503358111,79,1.0,0.0,Weak,Weak
white stitched cushion cover,1199.66,0.005858784630360451,94.60828381821148,64,2.0,0.0,Weak,Weak
stars gift tape,1199.48,0.005857905563596981,94.61414172377508,226,1.0,0.0,Weak,At Risk
drawer knob vintage glass star,1198.96,0.0058553660373914,94.61999708981247,62,2.0,0.0,Weak,Weak
pin cushion babushka red,1196.0600000000002,0.005841203295091044,94.62583829310756,85,,,Weak,Weak
magnets pack of 4 vintage labels,1195.8899999999999,0.0058403730653699875,94.63167866617293,212,2.0,0.0,Weak,At Risk
large english arboretum,1195.15,0.005836759124231277,94.63751542529717,7,641.0,1.0,Churned,Churned
beaded crystal heart pink small,1193.56,0.0058289940344872886,94.64334441933165,168,3.0,0.0,Weak,Weak
pink new baroquecandlestick candle,1193.0,0.005826259160112046,94.64917067849177,81,1.0,0.0,Weak,Weak
marie antoinette trinket box gold,1192.6,0.0058243056784154455,94.65499498417019,18,,,Weak,Weak
milk pan blue retrospot,1192.13,0.00582201033742194,94.66081699450761,77,0.0,0.0,Weak,Weak
mirror mosaic t-light holder,1191.69,0.005819861507555679,94.66663685601517,59,10.0,0.0,Weak,Weak
feng shui pillar candle,1190.9199999999998,0.005816101055289722,94.67245295707046,118,0.0,0.0,Weak,Weak
pink small glass cake stand,1189.23,0.005807847595121584,94.67826080466558,105,264.0,1.0,Churned,Churned
3d stickers traditional christmas,1187.0,0.005796956934663034,94.68405776160024,36,0.0,0.0,Weak,Weak
ass floral print scissors,1186.9,0.005796468564238884,94.68985423016449,25,436.0,1.0,Churned,Churned
set/3 pot plant candles,1185.07,0.0057875313854769345,94.69564176154996,74,34.0,0.0,Weak,At Risk
set of 3 danish rose planters,1183.8200000000002,0.005781426755175058,94.70142318830514,53,541.0,1.0,Churned,Churned
chest 7 drawer ma campagne,1182.78,0.005776347702763895,94.7071995360079,34,6.0,0.0,Weak,Weak
wall art loves' secret,1180.35,0.005764480301457045,94.71296401630936,39,3.0,0.0,Weak,Weak
musical zinc heart decoration,1179.59,0.005760768686233503,94.71872478499559,176,,,Weak,Weak
white christmas heart decoration,1179.4299999999998,0.005759987293554862,94.72448477228914,128,374.0,1.0,Churned,Churned
large chunky glass roman bowl,1179.17,0.005758717530452073,94.7302434898196,26,453.0,1.0,Churned,Churned
dairy maid toastrack,1178.5,0.005755445448610266,94.73599893526821,143,,,Weak,Weak
beaded pearl heart white large,1176.29,0.005744652462236546,94.74174358773045,86,199.0,1.0,Churned,Churned
cherub heart decoration silver,1176.17,0.005744066417727566,94.74748765414819,88,0.0,0.0,Weak,Weak
flying pig watering can,1175.93,0.005742894328709606,94.75323054847689,106,3.0,0.0,Weak,Weak
blue polkadot beaker,1174.1599999999999,0.005734250172202146,94.75896479864909,92,,,Weak,Weak
cupid design scented candles,1174.01,0.005733517616565921,94.76469831626565,92,0.0,0.0,Weak,Weak
natural hanging quilted hearts,1171.23,0.005719940918774546,94.77041825718443,72,8.0,0.0,Weak,Weak
bird decoration red retrospot,1170.3999999999999,0.005715887444254098,94.77613414462868,164,,,Weak,Weak
bird decoration red spot,1169.55,0.005711736295648822,94.78184588092434,141,0.0,0.0,Weak,Weak
birthday banquet gift wrap,1166.3,0.00569586425686394,94.7875417451812,102,3.0,0.0,Weak,Weak
lavender toilette bottle,1166.0,0.0056943991455914895,94.7932361443268,79,0.0,0.0,Weak,Weak
embroidered ribbon reel daisy,1164.98,0.005689417767265157,94.79892556209407,71,0.0,0.0,Weak,Weak
blue tv tray table,1164.04,0.005684827085278145,94.80461038917935,83,252.0,1.0,Churned,Churned
assorted tutti frutti bracelet,1163.8,0.005683654996260184,94.8102940441756,197,0.0,0.0,Weak,At Risk
mini playing cards dolly girl,1163.45,0.005681945699775659,94.81597598987538,120,0.0,0.0,Weak,Weak
assorted tutti frutti photo frame,1162.89,0.005679210825400419,94.82165520070079,29,700.0,1.0,Churned,Churned
set/4 colourful mixing bowls,1160.56,0.005667831794517717,94.8273230324953,72,6.0,0.0,Weak,Weak
small polkadot chocolate gift bag,1159.44,0.005662362045767236,94.83298539454107,76,,,Weak,Weak
6 crochet strawberries,1158.28,0.005656696948847093,94.83864209148992,86,609.0,1.0,Churned,Churned
vintage wooden bar stool,1157.8999999999999,0.005654841141235322,94.84429693263115,17,155.0,1.0,Churned,Churned
egg cup milkmaid heidi,1156.93,0.005650103948121065,94.84994703657928,83,0.0,0.0,Weak,Weak
mini playing cards buffalo bill,1155.67,0.005643950480776773,94.85559098706005,119,0.0,0.0,Weak,Weak
set of 2 ceramic christmas trees,1152.98,0.005630813316367131,94.86122180037643,94,0.0,0.0,Weak,Weak
felt farm animal white bunny,1152.22,0.00562710170114359,94.86684890207756,168,0.0,0.0,Weak,Weak
floral bathroom set,1149.73,0.00561494127758225,94.87246384335515,49,129.0,1.0,Churned,Churned
set of 6 t-lights wedding cake,1149.0200000000002,0.005611473847570784,94.87807531720271,57,1.0,0.0,Weak,Weak
12 ass zinc christmas decorations,1148.0500000000002,0.0056067366544565265,94.88368205385717,76,414.0,1.0,Churned,Churned
card party games,1147.77,0.005605369217268905,94.88928742307444,295,0.0,0.0,Weak,At Risk
green goose feather christmas tree,1146.1200000000001,0.005597311105270428,94.89488473417971,77,3.0,0.0,Weak,Weak
small chunky glass roman  bowl,1146.1100000000001,0.005597262268228012,94.90048199644794,47,242.0,1.0,Churned,Churned
pack of 12 circus parade tissues,1145.8799999999999,0.0055961390162524655,94.90607813546418,188,0.0,0.0,Weak,Weak
set/12 taper candles,1145.76,0.005595552971743486,94.91167368843593,158,0.0,0.0,Weak,Weak
cubic mug blue polka dot,1145.26,0.005593111119622735,94.91726679955555,10,495.0,1.0,Churned,Churned
cubic mug blue polka dot,1145.26,0.005593111119622735,94.91726679955555,10,716.0,1.0,Churned,Churned
botanical rose gift wrap,1144.3,0.005588422763550893,94.9228552223191,94,22.0,0.0,Weak,Weak
pink pot plant candle,1143.97,0.005586811141151197,94.92844203346026,81,0.0,0.0,Weak,Weak
black small glass cake stand,1142.02,0.005577287917880268,94.93401932137813,78,233.0,1.0,Churned,Churned
card cat and tree,1141.36,0.005574064673080877,94.93959338605121,264,1.0,0.0,Weak,At Risk
cushion cover pink union jack,1140.27,0.005568741435457639,94.94516212748667,70,,,Weak,Weak
mirrored wall art photo frames,1140.0,0.005567422835312434,94.95072955032198,77,1.0,0.0,Weak,Weak
green juicy fruit photo frame,1139.07,0.005562880990367836,94.95629243131235,123,47.0,0.0,Weak,At Risk
green juicy fruit photo frame,1139.07,0.005562880990367836,94.95629243131235,123,470.0,1.0,Churned,Churned
black silver flower t-light holder,1138.04,0.005557850774999089,94.96185028208735,23,437.0,1.0,Churned,Churned
3d stickers christmas stamps,1137.0,0.005552771722587928,94.96740305380995,34,,,Weak,Weak
skulls design flannel,1136.28,0.005549255455534046,94.97295230926548,221,0.0,0.0,Weak,At Risk
white with black cats mug,1134.68,0.005541441528747642,94.97849375079423,108,382.0,1.0,Churned,Churned
jigsaw tree with watering can,1134.6399999999999,0.005541246180577982,94.98403499697481,193,4.0,0.0,Weak,At Risk
card wedding day,1133.93,0.005537778750566516,94.98957277572538,218,11.0,0.0,Weak,At Risk
christmas musical zinc tree,1131.85,0.005527620645744191,94.99510039637113,144,0.0,0.0,Weak,Weak
ceramic strawberry trinket tray,1131.3700000000001,0.0055252764677082705,95.00062567283884,134,2.0,0.0,Weak,Weak
periwinkle t-light holder,1131.14,0.0055241532157327255,95.00614982605457,52,25.0,0.0,Weak,Weak
"ribbon reel, xmas sock/bauble",1131.0,0.005523469497138915,95.0116732955517,46,0.0,0.0,Weak,Weak
mini playing cards spaceboy,1129.1200000000001,0.0055142881331648914,95.01718758368487,146,0.0,0.0,Weak,Weak
felt toadstool  small,1127.11,0.005504471887639471,95.0226920555725,142,1.0,0.0,Weak,Weak
"wrap, billboard fonts design",1126.22,0.005500125390864535,95.02819218096337,72,0.0,0.0,Weak,Weak
modern vintage cotton shopping bag,1125.85,0.005498318420295178,95.03369049938367,68,268.0,1.0,Churned,Churned
green cat floral cushion cover,1125.05,0.005494411456901977,95.03918491084058,103,71.0,1.0,Churned,Churned
red flock love heart photo frame,1122.6499999999999,0.005482690566722371,95.0446676014073,158,0.0,0.0,Weak,Weak
birdcage decoration tealight holder,1122.01,0.00547956499600781,95.0501471664033,110,,,Weak,Weak
card gingham rose,1121.29,0.005476048728953929,95.05562321513226,167,,,Weak,Weak
yellow shark helicopter,1121.28,0.005475999891911514,95.06109921502417,106,3.0,0.0,Weak,Weak
assorted colour silk glasses case,1120.96,0.005474437106554234,95.06657365213073,61,260.0,1.0,Churned,Churned
3d sheet of cat stickers,1119.09,0.005465304579622624,95.07203895671034,220,36.0,0.0,Weak,At Risk
3d sheet of cat stickers,1119.09,0.005465304579622624,95.07203895671034,220,79.0,1.0,Churned,Churned
mini playing cards gymkhana,1118.8,0.005463888305392588,95.07750284501574,120,0.0,0.0,Weak,Weak
trellis coat rack,1118.6100000000001,0.005462960401586703,95.08296580541733,56,6.0,0.0,Weak,Weak
assorted laquered incense holders,1117.0900000000001,0.005455537171139621,95.08842134258848,76,142.0,1.0,Churned,Churned
"decoration , wobbly chicken, metal",1116.6100000000001,0.0054531929931037,95.09387453558158,76,8.0,0.0,Weak,Weak
small red spot  windmill,1116.44,0.005452362763382643,95.09932689834496,76,10.0,0.0,Weak,Weak
etched glass bird tree decoration,1114.76,0.00544415814025692,95.1047710564852,83,410.0,1.0,Churned,Churned
embroidered ribbon reel susie,1114.26,0.005441716288136169,95.11021277277334,70,3.0,0.0,Weak,Weak
scottie dogs baby bib,1113.9099999999999,0.005440006991651643,95.11565277976499,305,38.0,0.0,Weak,At Risk
english rose spirit level,1113.07,0.005435904680088781,95.12108868444507,140,0.0,0.0,Weak,Weak
red heart luggage tag,1111.89,0.005430141909083809,95.12651882635416,214,0.0,0.0,Weak,At Risk
hanging quilted patchwork apples,1108.5800000000002,0.005413976848044438,95.1319328032022,89,4.0,0.0,Weak,Weak
classical rose small vase,1108.28,0.005412511736771986,95.13734531493898,81,261.0,1.0,Churned,Churned
folding umbrella blackblue polkadot,1107.94,0.005410851277329876,95.14275616621632,103,,,Weak,Weak
fruit tree and birds wall plaque,1106.16,0.005402158283780002,95.1481583245001,50,161.0,1.0,Churned,Churned
kittens design flannel,1106.01,0.005401425728143776,95.15355975022824,204,0.0,0.0,Weak,At Risk
ridged glass t-light holder,1105.15,0.005397225742496085,95.15895697597074,85,3.0,0.0,Weak,Weak
metal sign his dinner is served,1103.88,0.005391023438109378,95.16434799940885,198,0.0,0.0,Weak,At Risk
dolly honeycomb garland,1103.48,0.005389069956412776,95.16973706936525,66,22.0,0.0,Weak,Weak
small kitchen flower pots plaque,1101.55,0.005379644407226676,95.17511671377248,69,50.0,0.0,Weak,At Risk
50's christmas paper gift bag,1100.6899999999998,0.005375444421578984,95.18049215819406,103,0.0,0.0,Weak,Weak
pink fairy cake coaster,1099.88,0.005371488621143368,95.18586364681519,26,574.0,1.0,Churned,Churned
wrap wedding day,1099.58,0.005370023509870918,95.19123367032506,77,1.0,0.0,Weak,Weak
french blue metal door sign 4,1099.34,0.005368851420852957,95.19660252174592,168,,,Weak,Weak
gold standing gnome,1098.86,0.005366507242817036,95.20196902898873,49,2.0,0.0,Weak,Weak
ma campagne mini wooden chest,1097.8000000000002,0.005361330516321044,95.20733035950505,22,692.0,1.0,Churned,Churned
floor lamp shade wood base,1097.48,0.005359767730963763,95.21269012723602,29,122.0,1.0,Churned,Churned
mini painted garden decoration,1096.56,0.00535527472306158,95.21804540195907,121,1.0,0.0,Weak,Weak
cubic mug flock blue on brown,1095.8500000000001,0.0053518072930501155,95.22339720925213,32,176.0,1.0,Churned,Churned
set/3 tall glass candle holder pink,1095.35,0.005349365440929363,95.22874657469306,38,352.0,1.0,Churned,Churned
travel card wallet union jack,1094.93,0.005347314285147933,95.23409388897821,222,0.0,0.0,Weak,At Risk
pink rose fabric mirror,1093.14,0.005338572454555645,95.23943246143277,153,3.0,0.0,Weak,Weak
s/16 vintage sky blue cutlery,1092.42,0.005335056187501763,95.24476751762028,51,26.0,0.0,Weak,Weak
candy spot egg warmer hare,1091.21,0.005329146905369545,95.25009666452564,152,35.0,0.0,Weak,At Risk
zinc  heart t-light holder,1090.66,0.005326460868036719,95.25542312539368,69,1.0,0.0,Weak,Weak
blue paisley pocket book,1089.73,0.005321919023092122,95.26074504441677,122,2.0,0.0,Weak,Weak
glitter heart decoration,1088.59,0.005316351600256808,95.26606139601702,142,,,Weak,Weak
pretty hanging quilted hearts,1088.3600000000001,0.005315228348281264,95.2713766243653,74,2.0,0.0,Weak,Weak
pink juicy fruit photo frame,1087.73,0.005312151614609117,95.2766887759799,104,433.0,1.0,Churned,Churned
pink juicy fruit photo frame,1087.73,0.005312151614609117,95.2766887759799,104,477.0,1.0,Churned,Churned
mummy mouse red gingham ribbon,1085.5900000000001,0.005301700487532304,95.28199047646744,83,256.0,1.0,Churned,Churned
3 wick christmas briar candle,1083.36,0.005290809827073752,95.28728128629452,70,317.0,1.0,Churned,Churned
i love london beaker,1077.3,0.00526121457937025,95.29254250087389,97,0.0,0.0,Weak,Weak
glitter christmas tree,1077.19,0.005260677371903685,95.2978031782458,130,29.0,0.0,Weak,Weak
folding umbrella cream polkadot,1076.23,0.005255989015831843,95.30305916726164,76,,,Weak,Weak
vintage pink decorative parasol,1076.22,0.005255940178789428,95.30831510744042,53,324.0,1.0,Churned,Churned
silver hearts table decoration,1075.03,0.00525012857074204,95.31356523601116,157,4.0,0.0,Weak,Weak
blue  diamante pen in gift box,1072.98,0.005240116977046961,95.3188053529882,106,2.0,0.0,Weak,Weak
french lavender scent heart,1070.29,0.00522697981263732,95.32403233280084,108,,,Weak,Weak
vintage shells print,1069.76,0.005224391449389324,95.32925672425023,79,7.0,0.0,Weak,Weak
large round cutglass candlestick,1069.16,0.005221461226844423,95.33447818547707,34,352.0,1.0,Churned,Churned
eight piece creepy crawlie set,1068.89,0.005220142626699217,95.33969832810376,134,254.0,1.0,Churned,Churned
decorative wicker heart small,1062.28,0.005187861341662888,95.34488618944543,109,0.0,0.0,Weak,Weak
beaded crystal heart pink on stick,1061.41,0.005183612518972782,95.35006980196441,256,,,Weak,At Risk
easter tin chicks pink daisy,1060.85,0.00518087764459754,95.355250679609,111,20.0,0.0,Weak,Weak
polka dot pen,1060.8,0.005180633459385464,95.36043131306839,24,73.0,1.0,Churned,Churned
magic drawing slate leap frog,1060.78,0.005180535785300634,95.36561184885369,173,0.0,0.0,Weak,Weak
star  t-light holder,1060.24,0.005177898585010224,95.37078974743869,92,15.0,0.0,Weak,Weak
4 ivory dinner candles gold flock,1060.19,0.005177654399798149,95.3759674018385,67,383.0,1.0,Churned,Churned
assorted easter decorations  bells,1059.8500000000001,0.005175993940356038,95.38114339577885,32,19.0,0.0,Weak,Weak
drawer knob ceramic red,1058.8999999999999,0.005171354421326609,95.38631475020017,74,0.0,0.0,Weak,Weak
set of 3 coney island oval boxes,1058.72,0.00517047535456314,95.39148522555473,99,242.0,1.0,Churned,Churned
travel card wallet suki,1058.64,0.005170084658223821,95.39665531021295,266,0.0,0.0,Weak,At Risk
embroidered ribbon reel sophie,1058.6,0.005169889310054159,95.401825199523,42,3.0,0.0,Weak,Weak
white baroque wall clock,1058.17,0.005167789317230315,95.40699298884023,57,15.0,0.0,Weak,Weak
vintage bead pink scarf,1057.6200000000001,0.005165103279897489,95.41215809212012,63,28.0,0.0,Weak,Weak
white bitty light chain,1056.6,0.0051601219015711556,95.41731821402169,45,389.0,1.0,Churned,Churned
dolly girl wall art,1055.94,0.005156898656771765,95.42247511267847,11,1.0,0.0,Weak,Weak
pop art pen case & pens,1054.7,0.005150842863512302,95.42762595554198,31,411.0,1.0,Churned,Churned
blue polkadot coffee mug,1054.46,0.005149670774494341,95.43277562631648,83,,,Weak,Weak
home sweet home 3 peg hanger,1053.53,0.005145128929549744,95.43792075524604,64,,,Weak,Weak
painted metal tree with holly bells,1053.1899999999998,0.0051434684701076325,95.44306422371615,75,389.0,1.0,Churned,Churned
blue 5 patch flower cushion cover,1052.29,0.005139073136290282,95.44820329685244,35,385.0,1.0,Churned,Churned
scandinavian 3 hearts napkin ring,1052.02,0.005137754536145076,95.45334105138859,162,36.0,0.0,Weak,At Risk
asstd multicolour circles mug,1051.69,0.005136142913745381,95.45847719430233,88,29.0,0.0,Weak,Weak
heart ear muff headphones,1051.4,0.005134726639515345,95.46361192094184,55,479.0,1.0,Churned,Churned
hanging clear mini bottle,1051.1399999999999,0.005133456876412553,95.46874537781825,41,3.0,0.0,Weak,Weak
pink kashmiri coffee table,1050.0,0.005127889453577241,95.47387326727183,3,401.0,1.0,Churned,Churned
black bird garden design mug,1048.83,0.005122175519614684,95.47899544279144,37,25.0,0.0,Weak,Weak
black bird garden design mug,1048.83,0.005122175519614684,95.47899544279144,37,619.0,1.0,Churned,Churned
assorted easter gift tags,1048.28,0.005119489482281857,95.48411493227373,66,45.0,0.0,Weak,At Risk
set of 72 green paper doilies,1047.9299999999998,0.005117780185797331,95.48923271245953,161,282.0,1.0,Churned,Churned
set of 72 green paper doilies,1047.9299999999998,0.005117780185797331,95.48923271245953,161,387.0,1.0,Churned,Churned
gift bag psychedelic apples,1047.45,0.005115436007761411,95.49434814846728,186,0.0,0.0,Weak,Weak
party invites football,1046.56,0.005111089510986474,95.49945923797827,163,4.0,0.0,Weak,Weak
silver jewelled mirror trinket tray,1045.8799999999999,0.005107768592102252,95.50456700657037,64,0.0,0.0,Weak,Weak
pink 5 patch flower cushion cover,1045.16,0.005104252325048372,95.50967125889542,36,392.0,1.0,Churned,Churned
bubble gum chunky knitted throw,1044.23,0.005099710480103774,95.51477096937553,32,652.0,1.0,Churned,Churned
home sweet home bottle,1043.72,0.005097219790940609,95.51986818916647,86,1.0,0.0,Weak,Weak
vintage bead pink evening bag,1043.44,0.005095852353752988,95.52496404152022,104,0.0,0.0,Weak,Weak
essential balm 3.5g tin in envelope,1043.22,0.005094777938819857,95.53005881945904,72,141.0,1.0,Churned,Churned
70's alphabet wall art,1043.1,0.005094191894310877,95.53515301135336,15,0.0,0.0,Weak,Weak
s/3 pink col metal basket w handle,1042.16,0.005089601212323865,95.54024261256568,50,430.0,1.0,Churned,Churned
easter decoration hanging bunny,1040.11,0.005079589618628785,95.54532220218431,161,1.0,0.0,Weak,Weak
wrap  vintage doily,1039.08,0.005074559403260038,95.55039676158756,94,,,Weak,Weak
blue teatime print bowl,1038.72,0.005072801269733098,95.5554695628573,143,364.0,1.0,Churned,Churned
antique cream cutlery shelf,1036.84,0.005063619905759073,95.56053318276305,65,16.0,0.0,Weak,Weak
sweeties  stickers,1036.4299999999998,0.005061617587020057,95.56559480035007,173,21.0,0.0,Weak,Weak
vippassport cover,1033.55,0.005047552518804532,95.57064235286887,111,3.0,0.0,Weak,Weak
zinc heart flower t-light holder,1033.28,0.005046233918659326,95.57568858678754,79,0.0,0.0,Weak,Weak
ridged glass storage jar cream lid,1031.07,0.005035440932285606,95.58072402771982,67,53.0,0.0,Weak,At Risk
beach hut mirror,1027.79,0.005019422382373479,95.5857434501022,76,151.0,1.0,Churned,Churned
silver glass t-light set,1024.49,0.005003306158376522,95.59074675626057,56,3.0,0.0,Weak,Weak
blue new baroque candlestick candle,1024.15,0.005001645698934412,95.59574840195951,71,66.0,1.0,Churned,Churned
midnight glamour scarf knitting kit,1024.1,0.0050014015137223354,95.60074980347324,142,1.0,0.0,Weak,Weak
cockle shell dish,1023.9,0.0050004247728740354,95.60575022824611,118,0.0,0.0,Weak,Weak
candy heart hanging decoration,1023.77,0.00499978989132264,95.61075001813744,112,8.0,0.0,Weak,Weak
bunny decoration magic garden,1022.79,0.004995003861165968,95.6157450219986,182,13.0,0.0,Weak,Weak
lunchbag spaceboy design,1022.6,0.004994075957360083,95.62073909795596,45,0.0,0.0,Weak,Weak
pink hearts light chain,1022.16,0.004991927127493822,95.62573102508345,67,2.0,0.0,Weak,Weak
heart mini portrait frame,1021.76,0.004989973645797221,95.63072099872925,87,0.0,0.0,Weak,Weak
zinc sweetheart wire letter rack,1020.69,0.004984748082258814,95.63570574681151,90,0.0,0.0,Weak,Weak
card dog and ball,1018.42,0.004973662073630604,95.64067940888513,215,0.0,0.0,Weak,At Risk
pink butterfly handbag w bobbles,1017.64,0.0049698527843222325,95.64564926166946,150,0.0,0.0,Weak,Weak
curious images scrap book set,1017.48,0.004969071391643593,95.6506183330611,106,358.0,1.0,Churned,Churned
biscuits small bowl light blue,1016.42,0.0049638946651476,95.65558222772626,256,82.0,1.0,Churned,Churned
biscuits small bowl light blue,1016.42,0.0049638946651476,95.65558222772626,256,197.0,1.0,Churned,Churned
wall art mid century modern,1015.78,0.004960769094433038,95.6605429968207,20,3.0,0.0,Weak,Weak
wrap christmas screen print,1015.75,0.004960622583305794,95.665503619404,114,50.0,0.0,Weak,At Risk
lipstick pen baby pink,1014.75,0.004955738879064291,95.67045935828307,234,0.0,0.0,Weak,At Risk
pink oval jewelled mirror,1014.48,0.004954420278919086,95.67541377856199,86,165.0,1.0,Churned,Churned
tropical passport cover,1014.42,0.004954127256664596,95.68036790581866,194,3.0,0.0,Weak,At Risk
eau de nile jewelled photoframe,1013.25,0.004948413322702038,95.68531631914136,49,4.0,0.0,Weak,Weak
eau de nile jewelled photoframe,1013.25,0.004948413322702038,95.68531631914136,49,4.0,0.0,Weak,Weak
strawberry candy bag,1011.7,0.00494084358112771,95.69025716272249,102,460.0,1.0,Churned,Churned
wall art buffalo bill,1011.1,0.004937913358582809,95.69519507608108,37,,,Weak,Weak
french blue metal door sign 6,1009.42,0.004929708735457085,95.70012478481654,133,,,Weak,Weak
set/6 collage paper cups,1008.8100000000001,0.0049267296758697685,95.70505151449241,223,2.0,0.0,Weak,At Risk
congratulations bunting,1008.73,0.004926338979530449,95.70997785347194,76,199.0,1.0,Churned,Churned
asstd fruit+flowers fridge magnets,1007.52,0.004920429697398231,95.71489828316933,93,14.0,0.0,Weak,Weak
sweetheart wall tidy,1007.0799999999999,0.00491828086753197,95.71981656403686,43,3.0,0.0,Weak,Weak
set of 4 napkin charms leaves,1006.24,0.004914178555969108,95.72473074259283,96,0.0,0.0,Weak,Weak
36 doilies spaceboy design,1005.37,0.004909929733279001,95.7296406723261,56,5.0,0.0,Weak,Weak
gingham oven glove red heart,1003.89,0.004902701851001578,95.7345433741771,100,322.0,1.0,Churned,Churned
retro plastic polka tray,1000.4499999999999,0.004885901908410811,95.7394292760855,183,0.0,0.0,Weak,Weak
retro plastic polka tray,1000.4499999999999,0.004885901908410811,95.7394292760855,183,0.0,0.0,Weak,Weak
pack of 6 cocktail parasol straws,1000.44,0.004885853071368396,95.74431512915687,111,3.0,0.0,Weak,Weak
skulls storage box small,999.06,0.004879113559515123,95.74919424271638,119,2.0,0.0,Weak,Weak
wall art garden haven,998.64,0.004877062403733692,95.75407130512012,36,0.0,0.0,Weak,Weak
colourful fishing gnome,998.03,0.004874083344146376,95.75894538846427,48,546.0,1.0,Churned,Churned
set of skull wall stickers,997.5500000000001,0.004871739166110455,95.76381712763038,60,8.0,0.0,Weak,Weak
embroidered ribbon reel rebecca,996.38,0.004866025232147897,95.76868315286252,63,2.0,0.0,Weak,Weak
mrs robot soft toy,996.19,0.004865097328342012,95.77354825019087,53,3.0,0.0,Weak,Weak
miseltoe heart wreath cream,996.0,0.0048641694245361265,95.7784124196154,1,,,Weak,Weak
camouflage ear muff headphones,995.48,0.0048616298983305455,95.78327404951374,87,0.0,0.0,Weak,Weak
set/6 eau de nil bird t-lights,993.03,0.004849664822938865,95.78812371433668,107,0.0,0.0,Weak,Weak
first class passport cover,992.99,0.004849469474769205,95.79297318381144,105,0.0,0.0,Weak,Weak
roses in white heart candle,991.38,0.0048416067109403865,95.79781479052238,64,645.0,1.0,Churned,Churned
silver  candlepot jardin,990.84,0.004838969510649976,95.80265376003302,82,312.0,1.0,Churned,Churned
candy shop  sticker sheet,990.5,0.004837309051207865,95.80749106908424,144,6.0,0.0,Weak,Weak
blue painted kashmiri table,990.0,0.004834867199087114,95.81232593628333,2,401.0,1.0,Churned,Churned
library lamp,989.62,0.004833011391475343,95.8171589476748,28,569.0,1.0,Churned,Churned
folding butterfly mirror red,985.8800000000001,0.004814746337612125,95.82197369401241,99,0.0,0.0,Weak,Weak
madras notebook medium,985.74,0.004814062619018314,95.82678775663143,98,3.0,0.0,Weak,Weak
filigree wall mirror  antique white,985.54,0.004813085878170014,95.8316008425096,30,638.0,1.0,Churned,Churned
eau de nile heart shape photo frame,985.4,0.004812402159576204,95.83641324466917,95,1.0,0.0,Weak,Weak
folkart zinc star christmas dec,984.63,0.004808641707310247,95.84122188637649,82,364.0,1.0,Churned,Churned
namaste swagat incense,984.24,0.004806737062656062,95.84602862343914,76,3.0,0.0,Weak,Weak
vintage bead notebook,982.5300000000001,0.004798385928403093,95.85082700936755,113,120.0,1.0,Churned,Churned
blossom  images notebook set,982.47,0.004798092906148603,95.85562510227369,47,1.0,0.0,Weak,Weak
pink butterfly cushion cover,981.9399999999999,0.004795504542900606,95.86042060681659,104,,,Weak,Weak
embroidered ribbon reel rachel,980.41,0.004788032475411107,95.865208639292,44,6.0,0.0,Weak,Weak
ping! microwave plate,978.74,0.0047798766893277994,95.86998851598133,128,0.0,0.0,Weak,Weak
frappucino scarf knitting kit,977.5500000000001,0.004774065081280412,95.87476258106261,126,1.0,0.0,Weak,Weak
embroidered ribbon reel sally,977.39,0.004773283688601772,95.87953586475122,74,5.0,0.0,Weak,Weak
pastel colour honeycomb fan,976.91,0.00477093951056585,95.88430680426178,120,0.0,0.0,Weak,Weak
embroidered ribbon reel rosie,975.24,0.004762783724482542,95.88906958798627,57,1.0,0.0,Weak,Weak
black christmas tree 120cm,974.81,0.004760683731658696,95.89383027171793,51,5.0,0.0,Weak,Weak
knitted mug cosy ivory colour,973.59,0.004754725612484064,95.89858499733042,58,0.0,0.0,Weak,Weak
pink glass candleholder,972.1100000000001,0.004747497730206641,95.90333249506062,78,29.0,0.0,Weak,Weak
large white/pink rose art flower,970.7900000000001,0.004741051240607858,95.90807354630124,38,188.0,1.0,Churned,Churned
hawaiian grass skirt,970.2800000000001,0.004738560551444692,95.91281210685268,73,17.0,0.0,Weak,Weak
yuletide images s/6 paper boxes,969.9,0.004736704743832921,95.91754881159652,80,328.0,1.0,Churned,Churned
magazine rack gebra assorted,969.61,0.004735288469602885,95.92228410006612,31,10.0,0.0,Weak,Weak
mirror mosaic candle plate,968.0799999999999,0.004727816402113386,95.92701191646823,99,0.0,0.0,Weak,Weak
hanging butterfly  egg,967.9499999999999,0.004727181520561991,95.9317390979888,68,267.0,1.0,Churned,Churned
mother's kitchen spoon rest,967.17,0.0047233722312536195,95.93646247022005,84,0.0,0.0,Weak,Weak
edwardian toilet roll unit,966.35,0.004719367593775588,95.94118183781383,34,637.0,1.0,Churned,Churned
silver photo frame,964.61,0.004710869948395375,95.94589270776223,82,67.0,1.0,Churned,Churned
white glass chunky charm bracelet,964.45,0.004710088555716734,95.95060279631794,62,0.0,0.0,Weak,Weak
blue paisley notebook,963.98,0.004707793214723228,95.95531058953266,117,87.0,1.0,Churned,Churned
white hearts wire plant pot holder,963.27,0.004704325784711761,95.96001491531737,71,,,Weak,Weak
green fern notebook,962.48,0.004700467658360975,95.96471538297574,119,65.0,1.0,Churned,Churned
french blue metal door sign 7,961.81,0.004697195576519168,95.96941257855227,124,,,Weak,Weak
silver vanilla flower candle pot,960.99,0.004693190939041136,95.9741057694913,72,405.0,1.0,Churned,Churned
set of 12 mini bunnies in a bucket,959.46,0.004685718871551638,95.97879148836286,74,132.0,1.0,Churned,Churned
beaded crystal heart pink large,958.85,0.004682739811964322,95.98347422817483,107,1.0,0.0,Weak,Weak
s/3 flwr fairy lavender candles,957.73,0.004677270063213839,95.98815149823804,14,622.0,1.0,Churned,Churned
white christmas tree decoration,957.63,0.004676781692789689,95.99282827993083,103,383.0,1.0,Churned,Churned
travel card wallet retrospot,956.94,0.004673411936863053,95.9975016918677,218,0.0,0.0,Weak,At Risk
table lamp white shade wood base,956.89,0.004673167751650977,96.00217485961934,40,3.0,0.0,Weak,Weak
doorstop racing car design,956.1700000000001,0.004669651484597096,96.00684451110394,71,2.0,0.0,Weak,Weak
wall art dolly girl,956.0500000000002,0.004669065440088117,96.01151357654402,26,,,Weak,Weak
magic garden felt garland,955.5899999999999,0.004666818936137024,96.01618039548016,93,,,Weak,Weak
pack of 12 vintage doily tissues,955.42,0.004665988706415969,96.02084638418658,119,0.0,0.0,Weak,Weak
cherry blossom bathroom cabinet,955.35,0.004665646847119065,96.0255120310337,51,410.0,1.0,Churned,Churned
silver glitter flower votive holder,954.15,0.004659786402029261,96.03017181743573,77,0.0,0.0,Weak,Weak
abstract circles pocket book,953.42,0.004656221297932965,96.03482803873366,95,1.0,0.0,Weak,Weak
set of 4 polkadot placemats,953.37,0.00465597711272089,96.03948401584638,92,,,Weak,Weak
blossom images gift wrap set,953.34,0.004655830601593645,96.04413984644798,152,1.0,0.0,Weak,Weak
folding umbrella  white/red  spot,953.0,0.0046541701421515345,96.04879401659012,28,14.0,0.0,Weak,Weak
black stitched wall clock,952.66,0.004652509682709424,96.05344652627284,67,98.0,1.0,Churned,Churned
black stitched wall clock,952.66,0.004652509682709424,96.05344652627284,67,93.0,1.0,Churned,Churned
party invites balloon girl,952.55,0.004651972475242858,96.05809849874808,151,3.0,0.0,Weak,Weak
set/9 christmas t-lights scented,952.51,0.0046517771270731985,96.06275027587516,85,368.0,1.0,Churned,Churned
origami lavender incense/candl set,950.4,0.0046414725111236284,96.06739174838629,113,1.0,0.0,Weak,Weak
silver fishing gnome,949.44,0.004636784155051788,96.07202853254134,60,10.0,0.0,Weak,Weak
blue juicy fruit photo frame,948.7,0.0046331702139130754,96.07666170275525,104,15.0,0.0,Weak,Weak
blue juicy fruit photo frame,948.7,0.0046331702139130754,96.07666170275525,104,533.0,1.0,Churned,Churned
blue yellow flower piggy bank,946.72,0.004623500479514901,96.08128520323476,44,429.0,1.0,Churned,Churned
moroccan beaten metal dish large,946.68,0.004623305131345241,96.0859085083661,30,22.0,0.0,Weak,Weak
curious images gift wrap set,946.59,0.004622865597963505,96.09053137396407,161,0.0,0.0,Weak,Weak
assorted tutti frutti keyring ball,946.31,0.004621498160775885,96.09515287212484,111,83.0,1.0,Churned,Churned
adult apron apple delight,945.88,0.004619398167952039,96.09977227029279,45,,,Weak,Weak
garden path notebook,944.36,0.004611974937504956,96.10438424523029,90,226.0,1.0,Churned,Churned
wrap gingham rose,943.92,0.004609826107638695,96.10899407133793,82,,,Weak,Weak
magic drawing slate go to the fair,943.71,0.0046088005297479796,96.11360287186768,153,0.0,0.0,Weak,Weak
romantic images scrap book set,943.44,0.004607481929602774,96.11821035379728,102,239.0,1.0,Churned,Churned
christmas craft heart decorations,942.88,0.004604747055227533,96.1228151008525,70,407.0,1.0,Churned,Churned
rose du sud oven glove,942.2600000000001,0.004601719158597802,96.1274168200111,127,55.0,0.0,Weak,At Risk
pink paisley square tissue box,938.86,0.0045851145641766945,96.13200193457529,180,0.0,0.0,Weak,Weak
chunky silver necklace pastel flowe,937.4499999999999,0.004578228541196176,96.13658016311648,58,11.0,0.0,Weak,Weak
danish rose decorative plate,937.44,0.004578179704153761,96.14115834282063,79,0.0,0.0,Weak,Weak
jam clock magnet,936.89,0.004575493666820935,96.14573383648745,68,0.0,0.0,Weak,Weak
retro laundry tub pink,936.74,0.00457476111118471,96.15030859759864,48,529.0,1.0,Churned,Churned
wall art the magic forest,933.16,0.004557277450000132,96.15486587504864,13,3.0,0.0,Weak,Weak
white/blue pull back racing car,933.07,0.004556837916618397,96.15942271296527,144,379.0,1.0,Churned,Churned
english rose scissors,931.86,0.00455092863448618,96.16397364159975,48,423.0,1.0,Churned,Churned
multi hearts  stickers,930.99,0.004546679811796073,96.16852032141155,155,1.0,0.0,Weak,Weak
clock magnet mum's kitchen,930.48,0.004544189122632906,96.17306451053418,53,0.0,0.0,Weak,Weak
cake shop  sticker sheet,929.81,0.0045409170407911,96.17760542757496,112,136.0,1.0,Churned,Churned
red retrospot tape,928.9000000000001,0.004536472869931333,96.18214190044489,258,,,Weak,At Risk
swiss chalet tree decoration,928.0899999999999,0.004532517069495716,96.18667441751438,189,15.0,0.0,Weak,Weak
gold photo frame,927.96,0.004531882187944322,96.19120629970233,79,0.0,0.0,Weak,Weak
daisy notebook,926.54,0.0045249473279213885,96.19573124703025,112,3.0,0.0,Weak,Weak
cream cushion cover with flowers,925.62,0.004520454320019207,96.20025170135027,60,,,Weak,Weak
french carriage lantern,925.35,0.004519135719874001,96.20477083707014,58,1.0,0.0,Weak,Weak
animals and nature wall art,923.97,0.0045123962080207275,96.20928323327816,17,0.0,0.0,Weak,Weak
retrospot candle  small,923.97,0.0045123962080207275,96.21379562948617,80,,,Weak,Weak
glass bonbon jar parfume aux fleure,923.72,0.004511175281960352,96.21830680476813,159,423.0,1.0,Churned,Churned
white advent candle,923.05,0.004507903200118546,96.22281470796825,48,434.0,1.0,Churned,Churned
white advent candle,923.05,0.004507903200118546,96.22281470796825,48,737.0,1.0,Churned,Churned
small pink magic christmas tree,922.18,0.0045036543774284385,96.22731836234568,121,23.0,0.0,Weak,Weak
pink cat bowl,921.81,0.004501847406859083,96.23182020975254,165,0.0,0.0,Weak,Weak
easter decoration sitting bunny,921.75,0.0045015543846045935,96.23632176413714,153,28.0,0.0,Weak,Weak
vintage keepsake box travelogue,919.8,0.004492031161333663,96.24081379529848,86,46.0,0.0,Weak,At Risk
ceramic love heart money bank,919.63,0.004491200931612608,96.24530499623009,82,0.0,0.0,Weak,Weak
retro laundry tub pistachio,918.91,0.004487684664558726,96.24979268089464,53,386.0,1.0,Churned,Churned
set 5 mini gateaux  fridge magnets,918.6800000000001,0.004486561412583182,96.25427924230722,8,662.0,1.0,Churned,Churned
roses on blue teacup candle,918.65,0.004486414901455936,96.25876565720867,6,645.0,1.0,Churned,Churned
small spotty chocolate gift bag,918.49,0.004485633508777296,96.26325129071745,77,10.0,0.0,Weak,Weak
beaded crystal heart green large,918.33,0.004484852116098656,96.26773614283354,83,1.0,0.0,Weak,Weak
new baroque jewellery box,918.27,0.004484559093844166,96.27222070192738,52,0.0,0.0,Weak,Weak
white goose feather tree 60cm,917.8499999999999,0.004482507938062734,96.27670320986545,68,2.0,0.0,Weak,Weak
pink yellow patch cushion cover,916.83,0.004477526559736402,96.28118073642518,31,,,Weak,Weak
egg frying pan red,915.4000000000001,0.0044705428626710545,96.28565127928786,109,0.0,0.0,Weak,Weak
french blue metal door sign 8,915.3,0.004470054492246904,96.2901213337801,127,,,Weak,Weak
romantic images notebook set,915.04,0.004468784729144113,96.29459011850925,49,1.0,0.0,Weak,Weak
etched glass droplet decoration,914.67,0.004466977758574757,96.29905709626782,48,442.0,1.0,Churned,Churned
travel card wallet skulls,914.37,0.004465512647302307,96.30352260891512,192,0.0,0.0,Weak,At Risk
glass chalice green  large,913.34,0.00446048243193356,96.30798309134705,56,245.0,1.0,Churned,Churned
"tumbler, new england",911.76,0.004452766179231986,96.31243585752628,68,188.0,1.0,Churned,Churned
white stitched wall clock,907.96,0.004434208103114279,96.3168700656294,56,66.0,1.0,Churned,Churned
white stitched wall clock,907.96,0.004434208103114279,96.3168700656294,56,170.0,1.0,Churned,Churned
wrap monster fun,905.94,0.004424343020546445,96.32129440864995,83,7.0,0.0,Weak,Weak
polyester filler pad 65cmx65cm,905.25,0.004420973264619807,96.32571538191456,49,95.0,1.0,Churned,Churned
woven frost cushion cover,905.1,0.0044202407089835825,96.33013562262354,96,0.0,0.0,Weak,Weak
"decoration , hanging metal rabbit",904.02,0.00441496630840276,96.33455058893195,60,3.0,0.0,Weak,Weak
travel card wallet pantry,903.16,0.004410766322755068,96.3389613552547,221,0.0,0.0,Weak,At Risk
blue chalet birdfeeder,902.0300000000001,0.004405247736962171,96.34336660299167,36,592.0,1.0,Churned,Churned
wall art work rest and play,901.58,0.0044030500700534955,96.34776965306172,31,1.0,0.0,Weak,Weak
decoration  pink chick magic garden,901.5,0.004402659373714175,96.35217231243543,173,3.0,0.0,Weak,Weak
glass chalice blue small,900.42,0.004397384973133352,96.35656969740856,93,213.0,1.0,Churned,Churned
pink stripe hot water bottle,899.5200000000001,0.004392989639316001,96.36096268704787,57,716.0,1.0,Churned,Churned
danish rose trinket trays,899.37,0.004392257083679775,96.36535494413155,54,0.0,0.0,Weak,Weak
set/5 blue spotty lid glass bowls,898.7199999999999,0.0043890826759227985,96.36974402680748,43,690.0,1.0,Churned,Churned
flower fairy incense lavender,896.3399999999999,0.004377459459828023,96.37412148626731,17,644.0,1.0,Churned,Churned
frog candle,896.28,0.004377166437573533,96.37849865270489,124,155.0,1.0,Churned,Churned
blossom images scrap book set,896.09,0.004376238533767648,96.38287489123866,85,357.0,1.0,Churned,Churned
large hanging glass+zinc lantern,896.0,0.004375799000385912,96.38725069023904,1,583.0,1.0,Churned,Churned
baking mould rose white chocolate,895.97,0.004375652489258667,96.3916263427283,50,0.0,0.0,Weak,Weak
nine drawer office tidy,894.42,0.0043680827476843395,96.39599442547599,33,1.0,0.0,Weak,Weak
flowers  stickers,893.7199999999999,0.004364664154715287,96.40035908963071,159,3.0,0.0,Weak,Weak
chrysanthemum pocket book,891.13,0.0043520153607297975,96.40471110499143,63,1.0,0.0,Weak,Weak
red daisy pocket book,890.7,0.0043499153679059524,96.40906102035935,78,12.0,0.0,Weak,Weak
blue glass gems in bag,890.12,0.0043470828194458805,96.4134081031788,81,,,Weak,Weak
hanging spring flower egg small,889.46,0.004343859574646489,96.41775196275344,131,5.0,0.0,Weak,Weak
set/4 badges dogs,888.68,0.0043400502853381175,96.42209201303878,159,0.0,0.0,Weak,Weak
birthday party cordon barrier tape,888.55,0.004339415403786722,96.42643142844257,116,1.0,0.0,Weak,Weak
panda and bunnies sticker sheet,888.3399999999999,0.004338389825896006,96.43076981826846,178,0.0,0.0,Weak,Weak
tub 24 pink flower pegs,886.23,0.004328085209946438,96.43509790347841,169,120.0,1.0,Churned,Churned
spaceboy wall art,885.9000000000001,0.004326473587546742,96.43942437706595,13,0.0,0.0,Weak,Weak
pink/purple retro radio,884.75,0.004320857327669014,96.44374523439362,88,8.0,0.0,Weak,Weak
jazz hearts magnetic memo pad,884.5600000000002,0.00431992942386313,96.44806516381747,32,658.0,1.0,Churned,Churned
string of stars card holder,883.2200000000001,0.004313385260179516,96.45237854907765,49,11.0,0.0,Weak,Weak
playing cards vintage doily,880.16,0.004298441125200518,96.45667699020285,92,,,Weak,Weak
s/2 zinc heart design planters,879.55,0.004295462065613203,96.46097245226846,57,38.0,0.0,Weak,At Risk
black pillar candle silver flock,877.8000000000001,0.0042869155831905745,96.46525936785166,18,492.0,1.0,Churned,Churned
pantry 3 hook rolling pin hanger,876.9,0.004282520249373222,96.46954188810103,66,1.0,0.0,Weak,Weak
home sweet home  blackboard,876.29,0.004279541189785905,96.47382142929082,44,522.0,1.0,Churned,Churned
party invites spaceman,875.87,0.004277490034004475,96.47809891932482,136,6.0,0.0,Weak,Weak
black christmas tree 60cm,874.65,0.004271531914829842,96.48237045123965,57,8.0,0.0,Weak,Weak
blue sweetheart bracelet,874.63,0.004271434240745013,96.4866418854804,98,262.0,1.0,Churned,Churned
small pink glass sundae dish,874.46,0.004270604011023958,96.49091248949142,84,221.0,1.0,Churned,Churned
antique cream cutlery cupboard,874.43,0.004270457499896712,96.49518294699132,51,4.0,0.0,Weak,Weak
peg bag apple design,874.35,0.004270066803557392,96.49945301379488,29,0.0,0.0,Weak,Weak
green sweetheart bracelet,873.97,0.004268210995945621,96.50372122479082,91,1.0,0.0,Weak,Weak
marakesh lantern small,873.25,0.004264694728891739,96.50798591951971,13,604.0,1.0,Churned,Churned
psychedelic wall thermometer,873.11,0.004264011010297929,96.51224993053,34,130.0,1.0,Churned,Churned
candy pink french boudoir clock,872.76,0.004262301713813403,96.51651223224381,58,535.0,1.0,Churned,Churned
wire egg basket,872.38,0.004260445906201633,96.52077267815001,44,0.0,0.0,Weak,Weak
mirrored dove wall decoration,872.34,0.004260250558031972,96.52503292870804,85,3.0,0.0,Weak,Weak
scallop shell soap dish,870.89,0.004253169186881794,96.52928609789492,36,289.0,1.0,Churned,Churned
jingle bells tree decoration,870.48,0.004251166868142779,96.53353726476307,118,3.0,0.0,Weak,Weak
red spotty pudding bowl,869.23,0.0042450622378409015,96.53778232700091,31,266.0,1.0,Churned,Churned
reindeer heart decoration gold,869.1500000000001,0.004244671541501581,96.54202699854241,103,0.0,0.0,Weak,Weak
asstd design 3d paper stickers,869.08,0.004244329682204676,96.54627132822462,51,1.0,0.0,Weak,Weak
"brocade purse,small arch button",867.8399999999999,0.0042382738889452124,96.55050960211356,69,416.0,1.0,Churned,Churned
bird decoration green polkadot,867.59,0.004237052962884838,96.55474665507644,164,,,Weak,Weak
origami jasmine incense/candle set,867.4499999999999,0.004236369244291027,96.55898302432074,126,8.0,0.0,Weak,Weak
red retrospot luggage tag,866.06,0.004229580895395339,96.56321260521614,158,,,Weak,Weak
wrap red vintage doily,866.0,0.004229287873140849,96.56744189308928,68,,,Weak,Weak
red polkadot coffee  mug,864.11,0.00422005767212441,96.57166195076141,73,,,Weak,Weak
black metal baroque photo frame,864.1,0.004220008835081995,96.57588195959649,38,389.0,1.0,Churned,Churned
acrylic geometric lamp,863.85,0.004218787909021619,96.58010074750551,32,12.0,0.0,Weak,Weak
"french bottle , lavender",860.08,0.0042003763440311565,96.58430112384954,96,600.0,1.0,Churned,Churned
decorative hanging shelving unit,859.25,0.00419632286951071,96.58849744671905,11,140.0,1.0,Churned,Churned
plasmatronic lamp,856.4,0.004182404312422428,96.59267985103146,40,0.0,0.0,Weak,Weak
madras notebook large,855.24,0.004176739215502286,96.59685659024696,42,149.0,1.0,Churned,Churned
elephant toy with blue t-shirt,854.91,0.00417512759310259,96.60103171784006,112,609.0,1.0,Churned,Churned
silver skull hot water bottle,854.23,0.004171806674218369,96.60520352451428,92,403.0,1.0,Churned,Churned
buffalo bill wall art,852.72,0.0041644322808137004,96.6093679567951,16,0.0,0.0,Weak,Weak
green fern pocket book,851.5600000000001,0.004158767183893558,96.61352672397899,64,16.0,0.0,Weak,Weak
small folkart star christmas dec,850.49,0.004153541620355151,96.61768026559935,111,29.0,0.0,Weak,Weak
large  tall camphor wood toadstool,849.91,0.004150709071895079,96.62183097467124,46,5.0,0.0,Weak,Weak
2 picture book eggs easter bunny,849.24,0.004147436990053273,96.6259784116613,88,29.0,0.0,Weak,Weak
vintage notebook paris days,848.7,0.004144799789762862,96.63012321145105,75,101.0,1.0,Churned,Churned
mini jigsaw dinosaur,846.82,0.004135618425788838,96.63425882987684,189,0.0,0.0,Weak,Weak
bunny wooden painted with flower,845.3,0.004128195195341754,96.63838702507218,185,4.0,0.0,Weak,Weak
gift bag birthday,845.13,0.004127364965620699,96.6425143900378,110,6.0,0.0,Weak,Weak
ant copper lime boudicca bracelet,843.91,0.004121406846446066,96.64663579688425,100,1.0,0.0,Weak,Weak
white with black cats plate,843.88,0.004121260335318822,96.65075705721958,70,266.0,1.0,Churned,Churned
forked cactus candle,843.3900000000001,0.004118867320240486,96.65487592453982,76,0.0,0.0,Weak,Weak
antique edwardian dresser,841.7,0.0041106138600723475,96.6589865383999,12,644.0,1.0,Churned,Churned
gold fishing gnome,841.63,0.004110272000775442,96.66309681040067,57,1.0,0.0,Weak,Weak
egg cup milkmaid ingrid,841.31,0.00410870921541816,96.66720551961609,76,0.0,0.0,Weak,Weak
pink 3 tier glass plate stand,840.45,0.004104509229770469,96.67131002884587,26,476.0,1.0,Churned,Churned
pack of 12 paisley park tissues,839.8399999999999,0.004101530170183153,96.67541155901606,136,0.0,0.0,Weak,Weak
brown flower lights,838.52,0.00409508368058437,96.67950664269664,35,611.0,1.0,Churned,Churned
brown flower lights,838.52,0.00409508368058437,96.67950664269664,35,658.0,1.0,Churned,Churned
lavender scented set/9 t-lights,838.3499999999999,0.0040942534508633145,96.6836008961475,116,585.0,1.0,Churned,Churned
inlaid wood incense holder,837.88,0.004091958109869809,96.68769285425736,43,487.0,1.0,Churned,Churned
pink picnic barbecue bucket,837.77,0.004091420902403243,96.69178427515976,48,452.0,1.0,Churned,Churned
ceramic birdhouse black rose  large,837.6,0.0040905906726821884,96.69587486583245,35,554.0,1.0,Churned,Churned
"charlie+lola""extremely busy"" sign",837.23,0.004088783702112832,96.69996364953457,141,0.0,0.0,Weak,Weak
tea time paper lanterns,837.02,0.004087758124222117,96.7040514076588,81,502.0,1.0,Churned,Churned
set/12 funky felt flower peg in bag,836.94,0.004087367427882797,96.70813877508668,87,10.0,0.0,Weak,Weak
retro longboard ironing board cover,836.62,0.0040858046425255165,96.71222457972921,151,0.0,0.0,Weak,Weak
pair padded hangers pink check,834.95,0.004077648856442208,96.71630222858565,95,44.0,0.0,Weak,At Risk
squarecushion cover pink union flag,833.8199999999999,0.00407213027064931,96.72037435885629,52,,,Weak,Weak
retrospot candle  large,833.75,0.004071788411352405,96.72444614726764,52,,,Weak,Weak
hello sailor blue soap holder,833.57,0.004070909344588935,96.72851705661223,103,14.0,0.0,Weak,Weak
treasure ahoy wall art,833.46,0.004070372137122369,96.73258742874935,16,0.0,0.0,Weak,Weak
abstract circles notebook,832.66,0.004066465173729167,96.73665389392309,84,447.0,1.0,Churned,Churned
easter bunnies on a stick,831.04,0.004058553572857934,96.74071244749595,71,619.0,1.0,Churned,Churned
mini  zinc garden decorations,828.9999999999999,0.004048590816205269,96.74476103831216,80,131.0,1.0,Churned,Churned
hanging bauble t-light holder large,827.3000000000001,0.0040402885189947165,96.74880132683116,79,8.0,0.0,Weak,Weak
apothecary measuring jar,826.28,0.004035307140668384,96.75283663397182,22,1.0,0.0,Weak,Weak
green metal swinging bunny,824.9699999999999,0.004028909488112016,96.75686554345994,105,232.0,1.0,Churned,Churned
ceramic birdhouse butterfly large,824.95,0.004028811814027186,96.76089435527396,22,678.0,1.0,Churned,Churned
ridged glass finger bowl,820.2099999999999,0.004005663055922466,96.76490001832988,82,82.0,1.0,Churned,Churned
french style storage jar cafe,819.4599999999999,0.004002000277741339,96.76890201860762,70,2.0,0.0,Weak,Weak
french blue metal door sign 0,818.33,0.003996481691948443,96.77289850029956,106,,,Weak,Weak
fairy cake ceramic butter dish,817.6,0.003992916587852146,96.77689141688741,54,616.0,1.0,Churned,Churned
fairy cake ceramic butter dish,817.6,0.003992916587852146,96.77689141688741,54,716.0,1.0,Churned,Churned
large camphor wood field mushroom,817.6,0.003992916587852146,96.78088433347526,61,5.0,0.0,Weak,Weak
s/12 mini rabbit easter,816.48,0.003987446839101663,96.78487178031436,109,11.0,0.0,Weak,Weak
columbian candle rectangle,814.91,0.003979779423442504,96.78885155973781,76,14.0,0.0,Weak,Weak
columbian candle rectangle,814.91,0.003979779423442504,96.78885155973781,76,1.0,0.0,Weak,Weak
lovely bonbon sticker sheet,813.14,0.003971135266935046,96.79282269500474,141,3.0,0.0,Weak,Weak
shaker throw  quilted,811.8,0.003964591103251433,96.796787286108,5,639.0,1.0,Churned,Churned
mirrored wall art skulls,809.67,0.003954188813217034,96.80074147492121,71,8.0,0.0,Weak,Weak
jardin etched glass large bell jar,809.05,0.003951160916587302,96.8046926358378,30,224.0,1.0,Churned,Churned
daisy journal,808.8100000000001,0.003949988827569342,96.80864262466537,79,2.0,0.0,Weak,Weak
scotties design washbag,808.39,0.00394793767178791,96.81259056233715,122,31.0,0.0,Weak,At Risk
pink butterfly washbag,808.22,0.003947107442066855,96.81653766977922,17,6.0,0.0,Weak,Weak
small bonne jam jar  t-light holder,808.16,0.003946814419812365,96.82048448419903,22,3.0,0.0,Weak,Weak
painted pink rabbit,807.6,0.003944079545437125,96.82442856374446,194,1.0,0.0,Weak,At Risk
vintage keepsake box pink flower,806.58,0.0039390981671107925,96.82836766191157,67,24.0,0.0,Weak,Weak
zinc police box lantern,806.22,0.003937340033583851,96.83230500194516,6,635.0,1.0,Churned,Churned
origami vanilla incense/candle set,806.16,0.003937047011329361,96.83624204895649,95,6.0,0.0,Weak,Weak
pink flower fabric pony,805.38,0.003933237722020989,96.84017528667852,88,1.0,0.0,Weak,Weak
"retro ""tea for one""",805.1,0.003931870284833369,96.84410715696335,58,220.0,1.0,Churned,Churned
set/4 badges beetles,804.65,0.003929672617924693,96.84803682958128,133,0.0,0.0,Weak,Weak
photo frame linen and lace large,801.68,0.003915168016327432,96.85195199759761,43,4.0,0.0,Weak,Weak
red reindeer string of 20 lights,801.4,0.003913800579139811,96.85586579817675,40,381.0,1.0,Churned,Churned
animal stickers,799.3199999999999,0.003903642474317486,96.85976944065106,112,2.0,0.0,Weak,Weak
decorative plant pot with frieze,799.02,0.0039021773630450356,96.86367161801411,38,11.0,0.0,Weak,Weak
mousey long legs soft toy,797.96,0.003897000636549044,96.86756861865067,88,3.0,0.0,Weak,Weak
horse & pony wall art,797.3100000000001,0.0038938262287920677,96.87146244487946,17,0.0,0.0,Weak,Weak
painted yellow wooden daisy,797.27,0.003893630880622407,96.87535607576008,167,1.0,0.0,Weak,Weak
retrospot candle  medium,796.4000000000001,0.0038893820579323007,96.87924545781802,63,,,Weak,Weak
skull lunchbox with cutlery,796.12,0.00388801462074468,96.88313347243876,65,0.0,0.0,Weak,Weak
ceramic love hearts design mug,795.72,0.0038860611390480787,96.8870195335778,103,382.0,1.0,Churned,Churned
sweet heart cake carrier,795.5799999999999,0.003885377420454268,96.89090491099826,44,0.0,0.0,Weak,Weak
deep blue glass gems in bag,794.4599999999999,0.003879907671703786,96.89478481866996,64,3.0,0.0,Weak,Weak
white newbaroque candlestick candle,793.34,0.0038744379229533037,96.89865925659292,51,386.0,1.0,Churned,Churned
peach knitted hen,793.32,0.003874340248868474,96.90253359684179,82,234.0,1.0,Churned,Churned
english rose scented hanging flower,792.73,0.0038714588633659876,96.90640505570516,129,62.0,1.0,Churned,Churned
zinc hearts plant pot holder,792.47,0.0038701891002631966,96.91027524480543,52,1.0,0.0,Weak,Weak
embroidered ribbon reel claire,792.31,0.003869407707584556,96.91414465251302,24,15.0,0.0,Weak,Weak
envelope 50 romantic images,792.15,0.003868626314905916,96.91801327882793,174,249.0,1.0,Churned,Churned
decorative net canopy cream,792.0699999999999,0.0038682356185665958,96.9218815144465,34,512.0,1.0,Churned,Churned
cushion cover pink union flag,792.0600000000001,0.0038681867815241813,96.92574970122801,28,0.0,0.0,Weak,Weak
egg frying pan ivory,790.7800000000001,0.0038619356400950585,96.9296116368681,96,0.0,0.0,Weak,Weak
spots mug,790.6999999999999,0.003861544943755738,96.93347318181186,21,262.0,1.0,Churned,Churned
retro spot candle  large,789.26,0.0038545124096479744,96.93732769422151,49,0.0,0.0,Weak,Weak
egg cup henrietta hen cream,787.52,0.003846014764267761,96.94117370898577,48,0.0,0.0,Weak,Weak
door mat neighbourhood witch,783.87,0.0038281892437862786,96.94500189822956,51,,,Weak,Weak
money box confectionery design,783.67,0.0038272125029379777,96.9488291107325,94,3.0,0.0,Weak,Weak
pink pillar candle silver flock,783.1,0.0038244287915203223,96.95265353952402,48,2.0,0.0,Weak,Weak
fairy cake notebook a5 size,783.01,0.0038239892581385868,96.95647752878216,191,323.0,1.0,Churned,Churned
fairy cake notebook a5 size,783.01,0.0038239892581385868,96.95647752878216,191,352.0,1.0,Churned,Churned
urban chic chopsticks set/5,782.18,0.00381993578361814,96.96029746456578,57,631.0,1.0,Churned,Churned
milk pan blue polkadot,782.16,0.0038198381095333094,96.96411730267532,92,,,Weak,Weak
pack/12 xmas fun card,780.2600000000001,0.0038105590714744564,96.96792786174679,59,7.0,0.0,Weak,Weak
funky monkey mug,778.64,0.0038026474706032228,96.9717305092174,95,368.0,1.0,Churned,Churned
2 picture book eggs easter chicks,776.05,0.0037899986766177316,96.97552050789402,65,1.0,0.0,Weak,Weak
black sweetheart bracelet,775.45,0.0037870684540728308,96.97930757634809,84,1.0,0.0,Weak,Weak
brown furry hot water bottle,773.97,0.003779840571795407,96.98308741691989,49,703.0,1.0,Churned,Churned
brown furry hot water bottle,773.97,0.003779840571795407,96.98308741691989,49,716.0,1.0,Churned,Churned
dark bird house tree decoration,771.7299999999999,0.003768901074294442,96.98685631799418,186,0.0,0.0,Weak,Weak
red apples chopping board,770.32,0.0037620150513139245,96.99061833304549,45,1.0,0.0,Weak,Weak
french blue metal door sign 9,769.86,0.003759768547362834,96.99437810159286,108,,,Weak,Weak
alphabet hearts sticker sheet,769.13,0.003756203443266537,96.99813430503612,135,3.0,0.0,Weak,Weak
vintage photo album paris days,769.12,0.0037561546062241224,97.00189045964234,47,358.0,1.0,Churned,Churned
wrap billboard fonts design,769.02,0.0037556662357999715,97.00564612587814,64,,,Weak,Weak
ivory hanging bird planter,768.8499999999999,0.003754836006078916,97.00940096188423,61,448.0,1.0,Churned,Churned
ceramic birdhouse red roof large,767.75,0.0037494639314132644,97.01315042581564,22,686.0,1.0,Churned,Churned
flower fairy oil burner set rose,767.0,0.0037458011532321375,97.01689622696887,14,622.0,1.0,Churned,Churned
red victorian fabric oval box,766.64,0.0037440430197051965,97.02064026998858,177,0.0,0.0,Weak,Weak
triple wire hook ivory heart,766.1,0.0037414058194147858,97.02438167580799,52,25.0,0.0,Weak,Weak
piece of camo stationery set,766.09,0.0037413569823723705,97.02812303279036,55,26.0,0.0,Weak,Weak
set of 4 napkin charms 3 keys,765.39,0.003737938389403319,97.03186097117977,87,1.0,0.0,Weak,Weak
maxwell 2 tone blue 60 page photo a,765.02,0.003736131418833963,97.0355971025986,28,211.0,1.0,Churned,Churned
pink painted kashmiri chair,763.35,0.003727975632750655,97.03932507823136,9,369.0,1.0,Churned,Churned
wrap alphabet poster,763.1,0.0037267547066902793,97.04305183293805,64,0.0,0.0,Weak,Weak
enamel pink sugar container,762.97,0.003726119825138884,97.0467779527632,84,427.0,1.0,Churned,Churned
blue flock glass candleholder,762.79,0.003725240758375413,97.05050319352156,36,500.0,1.0,Churned,Churned
blue flock glass candleholder,762.79,0.003725240758375413,97.05050319352156,36,153.0,1.0,Churned,Churned
travel card wallet flower meadow,762.75,0.0037250454102057537,97.05422823893177,173,0.0,0.0,Weak,Weak
dolly cabinet 3 drawers,762.4499999999999,0.0037235802989333024,97.05795181923071,30,0.0,0.0,Weak,Weak
mini paint set vintage  boy+ girl,761.4,0.0037184524094797254,97.06167027164018,18,,,Weak,Weak
green picnic barbecue bucket,761.25,0.0037177198538435,97.06538799149402,43,566.0,1.0,Churned,Churned
folding umbrella chocolate polkadot,760.95,0.00371625474257105,97.06910424623659,68,,,Weak,Weak
drawer knob vintage glass ball,760.8000000000001,0.0037155221869348246,97.07281976842353,54,7.0,0.0,Weak,Weak
wall art horse & pony,760.32,0.003713178008898903,97.07653294643242,46,,,Weak,Weak
cocktail swords 50 pieces,759.57,0.003709515230717777,97.08024246166315,95,0.0,0.0,Weak,Weak
edwardian 2 drawer wall cabinet,755.8,0.003691103665727314,97.08393356532888,14,646.0,1.0,Churned,Churned
yellow dragonfly helicopter,754.59,0.003685194383595096,97.08761875971247,63,10.0,0.0,Weak,Weak
pink enamel+glass hair comb,754.46,0.0036845595020437005,97.09130331921452,66,38.0,0.0,Weak,At Risk
fairy cake wicker picnic basket,753.77,0.0036811897461170645,97.09498450896064,36,562.0,1.0,Churned,Churned
set of 2 tea towels ping microwave,751.9300000000001,0.0036722037303127003,97.09865671269095,132,0.0,0.0,Weak,Weak
ass col large sand gecko p'weight,751.68,0.0036709828042523246,97.1023276954952,57,425.0,1.0,Churned,Churned
pink  honeycomb paper fan,751.5,0.0036701037374888544,97.1059977992327,95,0.0,0.0,Weak,Weak
18pc wooden cutlery set disposable,751.38,0.003669517692979874,97.10966731692568,43,35.0,0.0,Weak,At Risk
green rose quilt,750.48,0.003665122359162522,97.11333243928485,12,625.0,1.0,Churned,Churned
christmas tree hanging silver,750.19,0.003663706084932487,97.11699614536978,88,0.0,0.0,Weak,Weak
moroccan beaten metal dish,749.82,0.0036618991143631307,97.12065804448414,26,0.0,0.0,Weak,Weak
purple sweetheart bracelet,749.69,0.003661264232811736,97.12431930871696,99,0.0,0.0,Weak,Weak
pink round butterfly mirror,748.48,0.003655354950679518,97.12797466366764,21,605.0,1.0,Churned,Churned
vintage bead pink shade,748.24,0.003654182861661558,97.13162884652931,74,273.0,1.0,Churned,Churned
blue gingham rose cushion cover,746.61,0.003646222423747909,97.13527506895306,50,358.0,1.0,Churned,Churned
grass hopper wooden wall clock,746.39,0.0036451480088147783,97.13892021696188,64,18.0,0.0,Weak,Weak
retro spot candle  small,744.75,0.003637138733858715,97.14255735569574,60,0.0,0.0,Weak,Weak
hello sailor bathroom set,744.15,0.0036342085113138132,97.14619156420706,35,12.0,0.0,Weak,Weak
glass chalice green  small,743.61,0.0036315713110234024,97.14982313551808,65,242.0,1.0,Churned,Churned
s/4 black dinner candle silver floc,743.26,0.003629862014538877,97.15345299753261,46,571.0,1.0,Churned,Churned
folding butterfly mirror ivory,742.9200000000001,0.003628201555096766,97.15708119908771,133,3.0,0.0,Weak,Weak
s/2 beach hut treasure chests,742.9,0.003628103881011936,97.16070930296873,40,219.0,1.0,Churned,Churned
"french blue metal door sign, 1",742.67,0.0036269806290363904,97.16433628359776,79,0.0,0.0,Weak,Weak
small camphor wood field  mushroom,742.56,0.003626443421569825,97.16796272701933,98,1.0,0.0,Weak,Weak
danish rose deluxe coaster,742.5,0.0036261503993153354,97.17158887741864,74,0.0,0.0,Weak,Weak
french emroidr lavender scent heart,741.6,0.0036217550654979833,97.17521063248414,67,18.0,0.0,Weak,Weak
toybox  wrap,740.42,0.003615992294493011,97.17882662477864,64,8.0,0.0,Weak,Weak
vintage leaf chopping board,737.95,0.003603929545016501,97.18243055432366,45,2.0,0.0,Weak,Weak
beaded crystal heart blue  large,737.89,0.0036036365227620107,97.18603419084643,68,1.0,0.0,Weak,Weak
flag of st george,735.38,0.0035913784251158398,97.18962556927154,49,85.0,1.0,Churned,Churned
set of 4 napkin charms crowns,735.23,0.0035906458694796146,97.19321621514102,74,0.0,0.0,Weak,Weak
set of 6 ice cream skittles,734.8900000000001,0.003588985410037504,97.19680520055105,47,239.0,1.0,Churned,Churned
ant copper turq boudicca bracelet,734.16,0.003585420305941207,97.200390620857,76,1.0,0.0,Weak,Weak
3 raffia ribbons vintage christmas,732.4200000000001,0.0035769226605609937,97.20396754351755,99,0.0,0.0,Weak,Weak
adjustment by peter on jun 25 2010,731.0500000000001,0.0035702319857501366,97.2075377755033,3,531.0,1.0,Churned,Churned
beaded crystal heart green on stick,730.74,0.00356871803743527,97.21110649354073,216,0.0,0.0,Weak,At Risk
green enamel+glass hair comb,730.66,0.0035683273410959497,97.21467482088183,97,68.0,1.0,Churned,Churned
ass floral print torch,729.9499999999999,0.003564859911084483,97.2182396807929,11,639.0,1.0,Churned,Churned
small tall camphor wood toadstool,728.97,0.0035600738809278116,97.22179975467384,88,0.0,0.0,Weak,Weak
s/4 purple dinner candle blk flock,728.6700000000001,0.003558608769655361,97.22535836344349,34,1.0,0.0,Weak,Weak
large heart flowers hook,728.43,0.0035574366806374,97.22891580012413,59,611.0,1.0,Churned,Churned
large heart flowers hook,728.43,0.0035574366806374,97.22891580012413,59,13.0,0.0,Weak,Weak
olive chalet birdfeeder,727.9300000000001,0.003554994828516649,97.23247079495265,26,618.0,1.0,Churned,Churned
tropical luggage tag,726.47,0.0035478646203240564,97.23601865957298,118,28.0,0.0,Weak,Weak
clam shell small,726.16,0.0035463506720091902,97.23956501024499,82,0.0,0.0,Weak,Weak
jasmine votive candle,725.6999999999999,0.0035441041680580993,97.24310911441304,62,28.0,0.0,Weak,Weak
blue victorian fabric oval box,725.5600000000001,0.0035434204494642894,97.2466525348625,166,0.0,0.0,Weak,Weak
fairy cake placemats,725.49,0.003543078590167384,97.25019561345268,47,0.0,0.0,Weak,Weak
fairy cake placemats,725.49,0.003543078590167384,97.25019561345268,47,0.0,0.0,Weak,Weak
set of 6 ribbons perfectly pretty,724.59,0.0035386832563500323,97.25373429670903,43,0.0,0.0,Weak,Weak
candy spot hand bag,723.85,0.0035350693152113206,97.25726936602423,78,8.0,0.0,Weak,Weak
large tortilla design red bowl,723.5699999999999,0.003533701878023699,97.26080306790226,43,128.0,1.0,Churned,Churned
blue  spotty pudding bowl,723.5500000000001,0.00353360420393887,97.2643366721062,28,256.0,1.0,Churned,Churned
rectangular shaped mirror,722.76,0.003529746077588083,97.26786641818379,56,0.0,0.0,Weak,Weak
pink cat floral cushion cover,721.49,0.0035235437732013754,97.27138996195698,50,161.0,1.0,Churned,Churned
beach hut photo frame,720.6999999999999,0.0035196856468505885,97.27490964760383,40,552.0,1.0,Churned,Churned
envelope 50 curious images,719.67,0.003514655431481841,97.27842430303532,119,210.0,1.0,Churned,Churned
christmas tree hanging gold,718.53,0.0035090880086465293,97.28193339104396,75,0.0,0.0,Weak,Weak
folkart bauble christmas decoration,717.99,0.003506450808356118,97.28543984185232,46,378.0,1.0,Churned,Churned
rose du sud washbag,717.8000000000001,0.003505522904550233,97.28894536475687,90,1.0,0.0,Weak,Weak
space owl,716.73,0.003500297341011825,97.29244566209788,124,0.0,0.0,Weak,Weak
2 picture book eggs easter ducks,716.0,0.0034967322369155287,97.29594239433479,65,29.0,0.0,Weak,Weak
set/20 collage paper napkin,714.55,0.0034896508657653504,97.29943204520055,92,632.0,1.0,Churned,Churned
zinc heart lattice planter bowl,713.8000000000001,0.0034859880875842244,97.30291803328814,23,392.0,1.0,Churned,Churned
blue knitted hen,713.73,0.003485646228287319,97.30640367951642,67,76.0,1.0,Churned,Churned
painted bird assorted christmas,712.9100000000001,0.003481641590809287,97.30988532110723,42,451.0,1.0,Churned,Churned
paper lantern 7 point snow star,711.51,0.003474804404871184,97.3133601255121,28,4.0,0.0,Weak,Weak
medium chinese style scissor,711.38,0.0034741695233197886,97.31683429503542,65,21.0,0.0,Weak,Weak
blue patch purse pink heart,711.37,0.0034741206862773733,97.3203084157217,107,292.0,1.0,Churned,Churned
set/4 badges cute creatures,709.66,0.003465769552024405,97.32377418527372,107,1.0,0.0,Weak,Weak
edwardian heart photo frame,709.5400000000001,0.0034651835075154252,97.32723936878124,44,2.0,0.0,Weak,Weak
skulls square tissue box,709.5,0.0034649881593457645,97.33070435694059,127,3.0,0.0,Weak,Weak
mirrored wall art stars,707.9200000000001,0.0034572719066441916,97.33416162884723,77,0.0,0.0,Weak,Weak
louvre vanity mirror,705.9,0.0034474068240763567,97.3376090356713,6,695.0,1.0,Churned,Churned
pink goose feather tree 60cm,705.59,0.003445892875761492,97.34105492854707,34,1.0,0.0,Weak,Weak
camphor wood portobello mushroom,705.46,0.0034452579942100964,97.34450018654128,125,0.0,0.0,Weak,Weak
mirror love bird t-light holder,705.01,0.00344306032730142,97.34794324686858,42,59.0,0.0,Weak,At Risk
green birdhouse decoration,704.9699999999999,0.00344286497913176,97.35138611184772,136,0.0,0.0,Weak,Weak
pantry apple corer,704.13,0.0034387626675688983,97.35482487451529,105,1.0,0.0,Weak,Weak
candy button photo album,703.54,0.003435881282066412,97.35826075579736,26,595.0,1.0,Churned,Churned
daisy sketchbook,702.86,0.0034325603631821903,97.36169331616054,74,3.0,0.0,Weak,Weak
pack 3 iron on dog patches,702.42,0.003430411533315929,97.36512372769386,112,3.0,0.0,Weak,Weak
cosy slipper shoes large red,698.0100000000001,0.0034088743976109052,97.36853260209146,66,557.0,1.0,Churned,Churned
strawberry scented set/9 t-lights,696.89,0.0034034046488604225,97.37193600674033,107,543.0,1.0,Churned,Churned
strawberry scented set/9 t-lights,696.89,0.0034034046488604225,97.37193600674033,107,619.0,1.0,Churned,Churned
pink gingham cat with scarf,696.75,0.0034027209302666126,97.3753387276706,75,151.0,1.0,Churned,Churned
dinosaur birthday card,695.11,0.0033947116553105492,97.3787334393259,135,430.0,1.0,Churned,Churned
french style storage jar bonbons,695.06,0.0033944674700984736,97.382127906796,74,35.0,0.0,Weak,At Risk
vintage notebook travelogue,693.9200000000001,0.003388900047263162,97.38551680684327,53,46.0,0.0,Weak,At Risk
flower fairy oil burner set summer,693.25,0.0033856279654213553,97.38890243480868,13,622.0,1.0,Churned,Churned
75 green petit four cases,691.32,0.003376202416235256,97.39227863722492,207,0.0,0.0,Weak,At Risk
75 green petit four cases,691.32,0.003376202416235256,97.39227863722492,207,4.0,0.0,Weak,At Risk
pink patch pencil case blue heart,691.1400000000001,0.0033753233494717857,97.39565396057439,37,527.0,1.0,Churned,Churned
s/3 flwr fairy lilly candles,690.24,0.003370928015654434,97.39902488859005,14,681.0,1.0,Churned,Churned
folkart clip on stars,689.76,0.0033685838376185124,97.40239347242766,132,0.0,0.0,Weak,Weak
blue scottie dog w flower pattern,688.73,0.0033635536222497656,97.40575702604991,83,3.0,0.0,Weak,Weak
ant copper pink boudicca bracelet,687.52,0.0033576443401175473,97.40911467039003,75,0.0,0.0,Weak,Weak
white hand towel with butterfly,686.03,0.003350367620797709,97.41246503801082,53,197.0,1.0,Churned,Churned
easter bunny garland of flowers,685.87,0.0033495862281190695,97.41581462423895,159,238.0,1.0,Churned,Churned
folding umbrella pinkwhite polkadot,685.6700000000001,0.003348609487270769,97.41916323372622,61,,,Weak,Weak
pink & white breakfast tray,685.15,0.0033460699610651876,97.42250930368729,62,206.0,1.0,Churned,Churned
purple green flower piggy bank,682.99,0.0033355211599035437,97.42584482484719,26,567.0,1.0,Churned,Churned
"bread bin, diner style, ivory",682.7499999999999,0.003334349070885582,97.42917917391807,10,0.0,0.0,Weak,Weak
set of 4 pistachio lovebird coaster,682.66,0.0033339095375038473,97.43251308345558,111,,,Weak,Weak
carousel design washbag,682.51,0.003333176981867622,97.43584626043744,106,14.0,0.0,Weak,Weak
carousel design washbag,682.51,0.003333176981867622,97.43584626043744,106,582.0,1.0,Churned,Churned
pack of 6 small fruit straws,682.39,0.003332590937358642,97.4391788513748,100,1.0,0.0,Weak,Weak
ass col large sand frog p'weight,682.32,0.003332249078061737,97.44251110045286,89,330.0,1.0,Churned,Churned
botanical rose greeting card,681.93,0.0033303444334075506,97.44584144488627,128,16.0,0.0,Weak,Weak
rustic strawberry jam pot small,681.54,0.0033284397887533646,97.44916988467503,32,,,Weak,Weak
holly top christmas stocking,681.4,0.0033277560701595547,97.4524976407452,84,353.0,1.0,Churned,Churned
ridged glass pendant lampshade,680.8499999999999,0.003325070032826728,97.45582271077802,9,639.0,1.0,Churned,Churned
ivory hanging decoration  egg,680.78,0.003324728173529823,97.45914743895155,105,5.0,0.0,Weak,Weak
origami sandlewood incense/cand set,680.65,0.0033240932919784277,97.46247153224353,107,0.0,0.0,Weak,Weak
blue polkadot egg cup,679.38,0.0033178909875917206,97.46578942323112,81,,,Weak,Weak
paper bunting paisley park,679.07,0.003316377039276855,97.4691058002704,31,0.0,0.0,Weak,Weak
turq ice cream bum bag,677.99,0.0033111026386960325,97.47241690290909,67,308.0,1.0,Churned,Churned
la palmiera wall thermometer,677.4499999999999,0.003308465438405621,97.4757253683475,26,169.0,1.0,Churned,Churned
turq+red boudicca large bracelet,677.0,0.003306267771496945,97.47903163611899,45,1.0,0.0,Weak,Weak
hilda candy spot rabbit,676.92,0.003305877075157625,97.48233751319415,66,3.0,0.0,Weak,Weak
danish rose umbrella stand,676.4499999999999,0.003303581734164119,97.48564109492831,32,18.0,0.0,Weak,Weak
ivory retro kitchen wall clock,675.91,0.003300944533873708,97.48894203946219,33,0.0,0.0,Weak,Weak
retrospot babushka doorstop,675.5600000000001,0.0032992352373891823,97.49224127469958,76,,,Weak,Weak
green  diamante pen in gift box,675.37,0.003298307333583297,97.49553958203316,71,22.0,0.0,Weak,Weak
set of 4 napkin charms instrument,674.3,0.0032930817700448896,97.4988326638032,67,1.0,0.0,Weak,Weak
travel card wallet retro petals,674.11,0.003292153866239004,97.50212481766944,105,0.0,0.0,Weak,Weak
denim patch purse pink butterfly,674.09,0.0032920561921541743,97.50541687386159,122,121.0,1.0,Churned,Churned
pink breakfast cup and saucer,673.72,0.0032902492215848185,97.50870712308317,54,256.0,1.0,Churned,Churned
robin christmas card,673.49,0.003289125969609273,97.51199624905279,94,13.0,0.0,Weak,Weak
3 traditional cookie cutters  set,671.4000000000001,0.0032789190277445336,97.51527516808054,10,,,Weak,Weak
red organic candle in glass,669.62,0.0032702260341946595,97.51854539411472,49,487.0,1.0,Churned,Churned
"string of 8 butterflies,pink",669.62,0.0032702260341946595,97.52181562014891,76,326.0,1.0,Churned,Churned
pink felt easter rabbit garland,669.38,0.003269053945176699,97.52508467409409,61,231.0,1.0,Churned,Churned
large bonne jam jar  t-light holder,667.8500000000001,0.003261581877687201,97.52834625597177,11,24.0,0.0,Weak,Weak
flower fairy set 3 candles lavender,666.85,0.0032566981734456985,97.53160295414521,30,,,Weak,Weak
woven candy cushion cover,666.23,0.0032536702768159675,97.53485662442203,78,0.0,0.0,Weak,Weak
woven candy cushion cover,666.23,0.0032536702768159675,97.53485662442203,78,38.0,0.0,Weak,At Risk
hanging wood and felt butterfly,665.91,0.0032521074914586864,97.5381087319135,224,3.0,0.0,Weak,At Risk
hearts gift tape,664.84,0.0032468819279202797,97.54135561384142,152,0.0,0.0,Weak,Weak
set of red salad servers,664.73,0.0032463447204537144,97.54460195856187,81,409.0,1.0,Churned,Churned
diamante bow brooch black colour,664.35,0.0032444889128419433,97.54784644747471,51,11.0,0.0,Weak,Weak
large skull windmill,663.85,0.0032420470607211925,97.55108849453543,62,30.0,0.0,Weak,Weak
cakes and bows gift  tape,663.61,0.0032408749717032317,97.55432936950714,161,5.0,0.0,Weak,Weak
multicolour  confetti in tube,661.81,0.003232084304068528,97.55756145381122,45,7.0,0.0,Weak,Weak
lunchbag suki  design,661.63,0.0032312052373050576,97.56079265904852,35,0.0,0.0,Weak,Weak
wrap flower shop,661.5,0.003230570355753662,97.56402322940427,62,2.0,0.0,Weak,Weak
flower fairy incense rose,661.23,0.0032292517556084567,97.56725248115988,15,646.0,1.0,Churned,Churned
black chunky bead bracelet w strap,661.04,0.003228323851802571,97.57048080501168,50,0.0,0.0,Weak,Weak
black chunky bead bracelet w strap,661.04,0.003228323851802571,97.57048080501168,50,38.0,0.0,Weak,At Risk
pearlised ivory heart large,661.02,0.003228226177717741,97.5737090311894,39,2.0,0.0,Weak,Weak
pink metal swinging bunny,660.88,0.003227542459123931,97.57693657364852,74,257.0,1.0,Churned,Churned
bird decoration green  spot,660.62,0.0032262726960211405,97.58016284634455,108,27.0,0.0,Weak,Weak
vintage wooden plate rack,659.1500000000001,0.0032190936507861326,97.58338193999533,11,637.0,1.0,Churned,Churned
wrap folk art,658.75,0.0032171401690895317,97.58659908016442,60,71.0,1.0,Churned,Churned
origami rose incense/candle set,658.72,0.0032169936579622867,97.58981607382238,116,0.0,0.0,Weak,Weak
green goose feather tree 60cm,658.29,0.00321489366513844,97.59303096748752,56,2.0,0.0,Weak,Weak
bunny egg garland,658.19,0.0032144052947142903,97.59624537278223,152,50.0,0.0,Weak,At Risk
woven sunset cushion cover,658.07,0.0032138192502053097,97.59945919203244,76,0.0,0.0,Weak,Weak
blue spotty luggage tag,657.9,0.0032129890204842543,97.60267218105292,80,0.0,0.0,Weak,Weak
set of 36 silver paper doilies,656.9399999999999,0.0032083006644124125,97.60588048171734,80,421.0,1.0,Churned,Churned
set of 36 silver paper doilies,656.9399999999999,0.0032083006644124125,97.60588048171734,80,489.0,1.0,Churned,Churned
ceramic plate love heart design,656.87,0.0032079588051155076,97.60908844052246,34,499.0,1.0,Churned,Churned
french chateau small fruitbowl,656.82,0.0032077146199034324,97.61229615514236,33,245.0,1.0,Churned,Churned
"french blue metal door sign, 2",656.41,0.0032057123011644158,97.61550186744353,77,6.0,0.0,Weak,Weak
"pink/white ""keep clean"" bullet bin",656.0500000000001,0.0032039541676374757,97.61870582161116,69,23.0,0.0,Weak,Weak
blue birdhouse decoration,655.4599999999999,0.003201072782134989,97.62190689439329,133,0.0,0.0,Weak,Weak
mini cake stand hanging hearts,655.01,0.003198875115226313,97.62510576950852,74,641.0,1.0,Churned,Churned
french chateau large fruit bowl,654.01,0.003193991410984811,97.6282997609195,27,245.0,1.0,Churned,Churned
french lattice cushion cover,652.8199999999999,0.0031881798029374233,97.63148794072244,71,28.0,0.0,Weak,Weak
french lattice cushion cover,652.8199999999999,0.0031881798029374233,97.63148794072244,71,3.0,0.0,Weak,Weak
black baroque carriage clock,652.17,0.0031850053951804473,97.63467294611762,52,0.0,0.0,Weak,Weak
set of 3 pink flying ducks,651.69,0.0031826612171445266,97.63785560733476,44,363.0,1.0,Churned,Churned
set of 3 pink flying ducks,651.69,0.0031826612171445266,97.63785560733476,44,412.0,1.0,Churned,Churned
curious  images notebook set,651.19,0.0031802193650237757,97.64103582669978,25,183.0,1.0,Churned,Churned
set/4 2 tone egg shape mixing bowls,651.05,0.003179535646429965,97.6442153623462,44,367.0,1.0,Churned,Churned
"small pop box,funky monkey",650.96,0.00317909611304823,97.64739445845925,85,0.0,0.0,Weak,Weak
set/4 butterfly mirror magnets,650.07,0.003174749616273293,97.65056920807552,72,149.0,1.0,Churned,Churned
posy shopper bag,649.8199999999999,0.003173528690212917,97.65374273676574,28,696.0,1.0,Churned,Churned
cherub heart decoration gold,649.02,0.0031696217268197156,97.65691235849256,71,0.0,0.0,Weak,Weak
queen of the skies passport cover,648.54,0.0031672775487837945,97.66007963604135,137,2.0,0.0,Weak,Weak
gingham heart wreath,647.7500000000001,0.003163419422433008,97.66324305546378,42,399.0,1.0,Churned,Churned
black silouette candle plate,647.6800000000001,0.003163077563136103,97.66640613302691,54,0.0,0.0,Weak,Weak
black silouette candle plate,647.6800000000001,0.003163077563136103,97.66640613302691,54,424.0,1.0,Churned,Churned
ass col small sand gecko p'weight,646.56,0.0031576078143856203,97.6695637408413,81,316.0,1.0,Churned,Churned
victorian metal postcard christmas,646.4399999999999,0.00315702176987664,97.67272076261118,46,387.0,1.0,Churned,Churned
hand towel pale blue w flowers,646.4300000000001,0.0031569729328342257,97.675877735544,58,219.0,1.0,Churned,Churned
"french blue metal door sign, 3",645.15,0.0031507217914051025,97.6790284573354,71,0.0,0.0,Weak,Weak
new england teatowels,644.88,0.0031494031912598966,97.68217786052666,124,465.0,1.0,Churned,Churned
photo frame linen and lace small,644.8000000000001,0.0031490124949205773,97.68532687302158,59,2.0,0.0,Weak,Weak
assorted cheese fridge magnets,643.89,0.0031445683240608094,97.68847144134564,66,120.0,1.0,Churned,Churned
circle of friends candle holder,642.66,0.003138561367843762,97.69161000271349,65,491.0,1.0,Churned,Churned
ladle love heart red,642.4,0.0031372916047409712,97.69474729431823,145,0.0,0.0,Weak,Weak
wrap daisy carpet,640.95,0.0031302102335907934,97.69787750455183,59,7.0,0.0,Weak,Weak
fairy dreams incense,640.26,0.0031268404776641566,97.70100434502949,187,0.0,0.0,Weak,Weak
pack of 20 fairy cake paper napkins,639.47,0.0031229823513133706,97.7041273273808,94,651.0,1.0,Churned,Churned
new baroque black photo album,639.42,0.003122738166101295,97.7072500655469,48,160.0,1.0,Churned,Churned
triangular ridged glass posy holder,638.8,0.003119710269471563,97.71036977581637,75,561.0,1.0,Churned,Churned
new baroque ivory cushion cover,638.34,0.003117463765520473,97.7134872395819,15,511.0,1.0,Churned,Churned
silver rococo candle stick,638.0,0.0031158033060783618,97.71660304288797,27,35.0,0.0,Weak,At Risk
"flower fairy,5 summer b'draw liners",637.5,0.003113361453957611,97.71971640434192,65,3.0,0.0,Weak,Weak
christmas tree t-light holder,637.3399999999999,0.0031125800612789704,97.72282898440321,50,11.0,0.0,Weak,Weak
set of 4 black lovebird coasters,636.18,0.003106914964358828,97.72593589936757,93,,,Weak,Weak
frog sock puppet,636.11,0.003106573105061923,97.72904247247263,66,197.0,1.0,Churned,Churned
vintage jingle bells wreath,635.38,0.003103008000965626,97.73214548047359,28,4.0,0.0,Weak,Weak
paperweight home sweet home,635.19,0.0031020800971597417,97.73524756057076,66,0.0,0.0,Weak,Weak
"bunting , spotty",634.7,0.0030996870820814053,97.73834724765284,7,,,Weak,Weak
blue circles design monkey doll,634.64,0.003099394059826915,97.74144664171267,70,47.0,0.0,Weak,At Risk
gingham babushka doorstop,633.35,0.0030930940813553775,97.74453973579402,62,,,Weak,Weak
silver teddy bear,631.49,0.003084010391466183,97.74762374618548,65,9.0,0.0,Weak,Weak
laurel heart antique gold,630.73,0.0030802987762426418,97.75070404496172,44,1.0,0.0,Weak,Weak
pink painted kashmiri table,630.0,0.003076733672146345,97.75378077863387,2,401.0,1.0,Churned,Churned
small apothecary measuring jar,629.05,0.0030720941531169176,97.75685287278698,28,1.0,0.0,Weak,Weak
strawbry scented votive candle,628.41,0.0030689685824023564,97.75992184136938,66,88.0,1.0,Churned,Churned
drawer knob vintage glass hexagon,627.95,0.003066722078451266,97.76298856344783,30,7.0,0.0,Weak,Weak
felt egg cosy ladybird,627.38,0.0030639383670336092,97.76605250181487,105,1.0,0.0,Weak,Weak
christmas card singing angel,627.19,0.0030630104632277245,97.76911551227809,128,3.0,0.0,Weak,Weak
mixed nuts light green bowl,626.76,0.0030609104704038778,97.7721764227485,140,200.0,1.0,Churned,Churned
mixed nuts light green bowl,626.76,0.0030609104704038778,97.7721764227485,140,375.0,1.0,Churned,Churned
set of 3 christmas briar candles,626.39,0.0030591034998345224,97.77523552624834,31,,,Weak,Weak
wrap blue russian folkart,626.25,0.0030584197812407116,97.77829394602958,56,368.0,1.0,Churned,Churned
standing fairy pole support,626.13,0.0030578337367317314,97.78135177976631,47,18.0,0.0,Weak,Weak
amethyst chunky bead bracelet w str,625.48,0.0030546593289747554,97.78440643909529,47,3.0,0.0,Weak,Weak
s/5 mini ice cream fridge magnets,625.1999999999999,0.0030532918917871347,97.78745973098708,2,662.0,1.0,Churned,Churned
bubble gum scarf knitting kit,624.21,0.003048457024588048,97.79050818801167,52,407.0,1.0,Churned,Churned
"decoration , hanging metal chicken",623.96,0.0030472360985276726,97.7935554241102,42,17.0,0.0,Weak,Weak
candy spot tea cosy,622.57,0.0030404477496319845,97.79659587185982,24,291.0,1.0,Churned,Churned
floral pink monster,622.33,0.0030392756606140237,97.79963514752043,54,16.0,0.0,Weak,Weak
hanging metal rabbit decoration,621.97,0.0030375175270870827,97.80267266504752,59,,,Weak,Weak
party cones candy decoration,621.96,0.003037468690044668,97.80571013373756,67,,,Weak,Weak
storage tin home sweet home,621.44,0.003034929163839087,97.80874506290141,56,0.0,0.0,Weak,Weak
mum's kitchen clock,621.09,0.003033219867354561,97.81177828276876,49,0.0,0.0,Weak,Weak
"wrap, friendship on green",619.5,0.0030254547776105726,97.81480373754637,56,535.0,1.0,Churned,Churned
christmas card screen print,619.25,0.003024233851550197,97.81782797139792,125,6.0,0.0,Weak,Weak
wall art spaceboy,618.59,0.003021010606750806,97.82084898200466,37,,,Weak,Weak
pink jewelled mirror trinket tray,618.52,0.0030206687474539006,97.82386965075212,51,0.0,0.0,Weak,Weak
hot water bottle babushka large,618.0,0.0030181292212483196,97.82688777997336,14,,,Weak,Weak
floral soft car toy,617.9399999999999,0.003017836198993829,97.82990561617235,60,27.0,0.0,Weak,Weak
six drawer office tidy,616.79,0.0030122199391161017,97.83291783611148,27,6.0,0.0,Weak,Weak
oval  mini portrait frame,615.98,0.003008264138680485,97.83592610025016,47,0.0,0.0,Weak,Weak
set/4 scented candles in ramekins,615.84,0.0030075804200866752,97.83893368067025,9,691.0,1.0,Churned,Churned
black love bird t-light holder,615.49,0.003005871123602149,97.84193955179386,44,2.0,0.0,Weak,Weak
small oriental blue folding stool,615.4,0.0030054315902204136,97.84494498338408,34,526.0,1.0,Churned,Churned
retro sisters expresso cups,614.1,0.0029990827747064614,97.84794406615879,41,512.0,1.0,Churned,Churned
silver disco handbag,613.53,0.0029962990632888048,97.85094036522207,58,0.0,0.0,Weak,Weak
set of 3 wicker basket rose,612.8199999999999,0.002992831633277338,97.85393319685535,6,659.0,1.0,Churned,Churned
orange flower mug,612.5099999999999,0.002991317684962472,97.85692451454031,11,263.0,1.0,Churned,Churned
large apothecary measuring jar,612.1600000000001,0.0029896083884779472,97.85991412292879,21,22.0,0.0,Weak,Weak
flying saucer table light in white,611.51,0.0029864339807209703,97.86290055690951,13,486.0,1.0,Churned,Churned
daisy folkart heart decoration,611.38,0.0029857990991695752,97.86588635600867,87,32.0,0.0,Weak,At Risk
pink riviera handbag,611.0699999999999,0.0029842851508547095,97.86887064115953,30,240.0,1.0,Churned,Churned
mini jigsaw go to the fair,610.43,0.002981159580140148,97.87185180073968,86,4.0,0.0,Weak,Weak
"french blue metal door sign, 5",610.11,0.0029795967947828677,97.87483139753446,65,1.0,0.0,Weak,Weak
dotcomgiftshop gift voucher £30.00,610.09,0.0029794991206980375,97.87781089665516,24,98.0,1.0,Churned,Churned
three mini hanging frames,610.0,0.0029790595873163024,97.88078995624248,50,,,Weak,Weak
pastel blue photo album,609.66,0.002977399127874191,97.88376735537035,27,729.0,1.0,Churned,Churned
pastel blue photo album,609.66,0.002977399127874191,97.88376735537035,27,233.0,1.0,Churned,Churned
vintage rose bead bracelet raspberr,609.4300000000001,0.0029762758758986466,97.88674363124625,84,0.0,0.0,Weak,Weak
red polkadot pudding bowl,608.9,0.00297368751265065,97.8897173187589,17,,,Weak,Weak
queen of skies luggage tag,608.48,0.0029716363568692192,97.89268895511577,189,4.0,0.0,Weak,Weak
ass colour glowing tiaras,607.98,0.002969194504748468,97.89565814962052,60,3.0,0.0,Weak,Weak
loo roll  metal sign,607.96,0.002969096830663638,97.89862724645118,77,617.0,1.0,Churned,Churned
floral blue monster,604.58,0.002952589910327361,97.9015798363615,61,21.0,0.0,Weak,Weak
pink love bird candle,603.98,0.0029496596877824593,97.90452949604929,88,10.0,0.0,Weak,Weak
clam shell large,603.0600000000002,0.0029451666798802783,97.90747466272917,22,261.0,1.0,Churned,Churned
"decoupage,greeting card,",602.67,0.0029432620352260914,97.9104179247644,107,147.0,1.0,Churned,Churned
folding umbrella white/red polkadot,602.6600000000001,0.002943213198183677,97.91336113796258,43,,,Weak,Weak
small green peony folding stool,602.6,0.0029429201759291865,97.91630405813851,24,542.0,1.0,Churned,Churned
blue patch pencil case pink heart,601.53,0.002937694612390779,97.91924175275089,50,480.0,1.0,Churned,Churned
heart buttons jewellery box,600.91,0.002934666715761048,97.92217641946665,48,156.0,1.0,Churned,Churned
embroidered ribbon reel ruby,600.55,0.002932908582234107,97.92510932804889,32,3.0,0.0,Weak,Weak
blue heart compact mirror,600.52,0.002932762071106862,97.92804209012,35,88.0,1.0,Churned,Churned
jardin etched glass small bell jar,599.38,0.00292719464827155,97.93096928476827,29,245.0,1.0,Churned,Churned
silver bracelet w pastel flower,599.13,0.002925973722211174,97.93389525849048,41,7.0,0.0,Weak,Weak
flower fairy incense bouquet,598.3100000000001,0.0029219690847331423,97.93681722757522,38,232.0,1.0,Churned,Churned
12 mini toadstool pegs,597.56,0.0029183063065520154,97.93973553388177,95,525.0,1.0,Churned,Churned
classical rose dish,596.94,0.002915278409922285,97.94265081229169,49,437.0,1.0,Churned,Churned
"french blue metal door sign, 4",596.34,0.002912348187377383,97.94556316047907,62,0.0,0.0,Weak,Weak
bathroom scales footprints in sand,595.18,0.0029066830904572404,97.94846984356953,71,15.0,0.0,Weak,Weak
nightingale coathook white,594.3199999999999,0.0029024831048095486,97.95137232667433,61,584.0,1.0,Churned,Churned
assorted shapes photo clip silver,594.28,0.0029022877566398887,97.95427461443097,29,0.0,0.0,Weak,Weak
coffee scent pillar candle,593.33,0.0028976482376104618,97.95717226266858,120,0.0,0.0,Weak,Weak
kitty pencil erasers,593.29,0.0028974528894408014,97.96006971555802,260,1.0,0.0,Weak,At Risk
zinc heart lattice double planter,593.03,0.002896183126338011,97.96296589868436,24,382.0,1.0,Churned,Churned
blue paisley tissue box,592.91,0.0028955970818290307,97.96586149576619,140,1.0,0.0,Weak,Weak
pink/yellow flowers handbag,592.79,0.0028950110373200505,97.96875650680352,89,287.0,1.0,Churned,Churned
pack of 12 dolly girl tissues,592.4499999999999,0.0028933505778779393,97.9716498573814,133,0.0,0.0,Weak,Weak
polka dot pistachio pail,591.6600000000001,0.002889492451527154,97.97453934983292,48,476.0,1.0,Churned,Churned
arched grey mirror,591.58,0.002889101755187833,97.97742845158811,18,604.0,1.0,Churned,Churned
blue painted kashmiri chair,591.5,0.002888711058848513,97.98031716264695,6,126.0,1.0,Churned,Churned
blue  tile hook,591.02,0.0028863668808125917,97.98320352952777,48,2.0,0.0,Weak,Weak
glass sphere candle stand large,590.45,0.002883583169394936,97.98608711269716,14,696.0,1.0,Churned,Churned
blue & white breakfast tray,590.04,0.0028815808506559197,97.98896869354782,59,173.0,1.0,Churned,Churned
blue spotty purse,589.9000000000001,0.00288089713206211,97.99184959067988,70,7.0,0.0,Weak,Weak
"french bottle, brasserie des artist",588.64,0.0028747436647178167,97.9947243343446,65,659.0,1.0,Churned,Churned
potting shed seed tin,587.8,0.0028706413531549547,97.99759497569775,20,661.0,1.0,Churned,Churned
white sage incense,587.52,0.002869273915967334,98.00046424961371,114,0.0,0.0,Weak,Weak
set/4 badges woodland animal,587.08,0.0028671250861010736,98.00333137469981,43,610.0,1.0,Churned,Churned
asstd design pop art slim pen,586.5,0.002864292537641002,98.00619566723745,13,609.0,1.0,Churned,Churned
"french blue metal door sign, 8",586.36,0.0028636088190471917,98.00905927605649,63,7.0,0.0,Weak,Weak
egg cup milkmaid helga,586.31,0.0028633646338351165,98.01192264069033,63,0.0,0.0,Weak,Weak
set 12 vintage doily chalk,586.23,0.0028629739374957967,98.01478561462783,110,0.0,0.0,Weak,Weak
5 strand glass necklace crystal,585.29,0.002858383255508784,98.01764399788334,31,9.0,0.0,Weak,Weak
purple gemstone bracelet,585.1999999999999,0.002857943722127049,98.02050194160547,44,3.0,0.0,Weak,Weak
pack 4 flower/butterfly patches,584.93,0.0028566251219818437,98.02335856672745,89,258.0,1.0,Churned,Churned
light bird house tree decoration,582.85,0.0028464670171595196,98.02620503374462,82,378.0,1.0,Churned,Churned
ceramic birdhouse finch blue  large,581.27,0.002838750764457946,98.02904378450907,39,611.0,1.0,Churned,Churned
squarecushion cover pink union jack,581.23,0.002838555416288286,98.03188233992536,42,,,Weak,Weak
gold ear muff headphones,579.93,0.002832206600774333,98.03471454652613,61,1.0,0.0,Weak,Weak
glass chicken butter dish,579.3100000000001,0.002829178704144602,98.03754372523028,61,526.0,1.0,Churned,Churned
travel card wallet vintage leaf,578.48,0.002825125229624155,98.0403688504599,117,,,Weak,Weak
set/3 polkadot stacking tins,578.46,0.002825027555539325,98.04319387801544,44,,,Weak,Weak
black/white glass/silver bracelet,578.02,0.0028228787256730638,98.04601675674111,34,243.0,1.0,Churned,Churned
conch shell,577.6899999999999,0.002821267103273368,98.04883802384438,19,512.0,1.0,Churned,Churned
"french blue metal door sign, 0",577.51,0.0028203880365098976,98.0516584118809,54,0.0,0.0,Weak,Weak
rustic strawberry jam pot large,577.48,0.002820241525382653,98.05447865340628,38,,,Weak,Weak
easter bunny wreath,575.99,0.002812964806062815,98.05729161821235,36,245.0,1.0,Churned,Churned
jardin etched glass cheese dish,575.45,0.0028103276057724036,98.06010194581812,40,,,Weak,Weak
glass twist bon bon jar,575.25,0.002809350864924103,98.06291129668304,24,3.0,0.0,Weak,Weak
6pc wood plate set disposable,574.88,0.0028075438943547474,98.06571884057739,38,9.0,0.0,Weak,Weak
small oriental red folding stool,574.71,0.0028067136646336924,98.06852555424203,21,598.0,1.0,Churned,Churned
round cactus candle,574.48,0.0028055904126581465,98.07133114465469,46,22.0,0.0,Weak,Weak
assorted colour lizard suction hook,572.7,0.002796897419108273,98.0741280420738,74,1.0,0.0,Weak,Weak
"french blue metal door sign, 9",572.58,0.0027963113745992927,98.07692435344839,54,0.0,0.0,Weak,Weak
origami rose incense in tube,572.4,0.002795432307835822,98.07971978575623,31,185.0,1.0,Churned,Churned
frog king watering can,571.71,0.0027920625519091856,98.08251184830813,62,325.0,1.0,Churned,Churned
wake up cockerel calendar sign,571.0,0.002788595121897719,98.08530044343003,62,6.0,0.0,Weak,Weak
blue spotty passport cover,570.85,0.0027878625662614938,98.0880883059963,88,0.0,0.0,Weak,Weak
the king gift bag,570.43,0.0027858114104800627,98.09087411740677,30,87.0,1.0,Churned,Churned
hanging wood and felt heart,570.09,0.0027841509510379524,98.09365826835781,208,9.0,0.0,Weak,At Risk
"white pearl beaded heart, small",569.16,0.002779609106093355,98.09643787746391,75,466.0,1.0,Churned,Churned
candy spot heart decoration,568.73,0.0027775091132695093,98.09921538657719,152,118.0,1.0,Churned,Churned
laurel star antique silver,568.6,0.002776874231718114,98.1019922608089,61,1.0,0.0,Weak,Weak
white candystuft artificial flower,568.02,0.0027740416832580427,98.10476630249215,32,3.0,0.0,Weak,Weak
scented candle in digitalis tin,567.55,0.0027717463422645364,98.10753804883441,54,59.0,0.0,Weak,At Risk
watering can single hook pistachio,567.48,0.0027714044829676315,98.11030945331738,39,366.0,1.0,Churned,Churned
enamel collander cream,567.12,0.002769646349440691,98.11307909966682,23,1.0,0.0,Weak,Weak
wrap blue reindeer,567.0,0.0027690603049317104,98.11584815997175,43,399.0,1.0,Churned,Churned
eau de nil love bird candle,566.82,0.0027681812381682405,98.11861634120991,71,0.0,0.0,Weak,Weak
teacup and saucer regency roses,566.7,0.00276759519365926,98.12138393640357,14,,,Weak,Weak
retro spot candle  medium,566.22,0.002765251015623339,98.12414918741919,36,0.0,0.0,Weak,Weak
garage key fob,565.81,0.0027632486968843227,98.12691243611607,147,,,Weak,Weak
yellow breakfast cup and saucer,563.43,0.0027516254807895477,98.12966406159686,43,149.0,1.0,Churned,Churned
pack of 12 vintage leaf tissues,562.88,0.0027489394434567216,98.1324130010403,80,0.0,0.0,Weak,Weak
tree t-light holder willie winkie,562.22,0.00274571619865733,98.13515871723897,44,0.0,0.0,Weak,Weak
vintage coffee grinder box,561.23,0.0027408813314582434,98.13789959857043,30,0.0,0.0,Weak,Weak
asstd hearts design mugs,561.05,0.0027400022646947722,98.14063960083513,9,701.0,1.0,Churned,Churned
cinnamon scented votive candle,561.04,0.002739953427652358,98.14337955426278,68,2.0,0.0,Weak,Weak
red rose and lace c/cover,560.5,0.0027373162273619466,98.14611687049015,48,368.0,1.0,Churned,Churned
teatime gel pens asst,560.48,0.002737218553277117,98.14885408904343,32,198.0,1.0,Churned,Churned
"french blue metal door sign, 7",560.05,0.0027351185604532705,98.15158920760388,58,2.0,0.0,Weak,Weak
party time pencil erasers,559.54,0.0027326278712901044,98.15432183547517,236,1.0,0.0,Weak,At Risk
candy spot apron,559.28,0.002731358108187314,98.15705319358337,53,379.0,1.0,Churned,Churned
pin cushion babushka blue,558.28,0.0027264744039458117,98.15977966798731,59,,,Weak,Weak
keep out girls door hanger,557.49,0.0027226162775950253,98.1625022842649,58,359.0,1.0,Churned,Churned
s/3 pink square planters roses,557.4799999999999,0.00272256744055261,98.16522485170546,31,261.0,1.0,Churned,Churned
set of 36 doilies vintage christmas,557.4,0.00272217674421329,98.16794702844967,2,,,Weak,Weak
set 4 valentine decoupage heart box,557.33,0.0027218348849163848,98.1706688633346,64,,,Weak,Weak
pack 3 fire engine/car patches,557.18,0.0027211023292801595,98.17338996566387,76,262.0,1.0,Churned,Churned
edwardian photo frame,556.21,0.002716365136165903,98.17610633080004,32,4.0,0.0,Weak,Weak
square mini portrait frame,556.17,0.0027161697879962425,98.17882250058804,52,0.0,0.0,Weak,Weak
set of 6 halloween ghost t-lights,556.11,0.002715876765741752,98.18153837735379,125,,,Weak,Weak
mirrored wall art poppies,556.01,0.002715388395317602,98.1842537657491,64,0.0,0.0,Weak,Weak
cute cats tape,554.95,0.0027102116688216098,98.18696397741793,118,1.0,0.0,Weak,Weak
white murano twist bracelet,554.13,0.0027062070313435783,98.18967018444927,40,302.0,1.0,Churned,Churned
pink disco handbag,552.72,0.00269932100836306,98.19236950545763,39,4.0,0.0,Weak,Weak
woodland small red felt heart,552.02,0.0026959024153940087,98.19506540787303,51,1.0,0.0,Weak,Weak
measuring tape russian doll pink,551.7,0.002694339630036728,98.19775974750307,48,2.0,0.0,Weak,Weak
blue climbing hydranga art flower,551.4000000000001,0.0026928745187642777,98.20045262202183,9,1.0,0.0,Weak,Weak
tumbler new england,551.1899999999999,0.0026918489408735615,98.2031444709627,53,,,Weak,Weak
christmas card stack of presents,550.28,0.002687404770013795,98.20583187573271,89,32.0,0.0,Weak,At Risk
"french blue metal door sign, 6",550.1,0.0026865257032503247,98.20851840143597,56,3.0,0.0,Weak,Weak
medium parlour picture frame,550.0,0.0026860373328261742,98.21120443876879,34,5.0,0.0,Weak,Weak
mirrored wall art snowflakes,548.89,0.0026806164211181068,98.2138850551899,61,1.0,0.0,Weak,Weak
charlie+lola my room door sign,548.86,0.0026804699099908617,98.2165655250999,112,3.0,0.0,Weak,Weak
candy spot bread baskets,548.81,0.0026802257247787865,98.21924575082467,20,481.0,1.0,Churned,Churned
pack of 6 panettone gift boxes,548.63,0.0026793466580153163,98.22192509748268,18,,,Weak,Weak
4 purple flock dinner candles,548.11,0.0026768071318097352,98.22460190461449,57,,,Weak,Weak
wrap bird garden,548.1,0.0026767582947673204,98.22727866290926,52,8.0,0.0,Weak,Weak
set 3 jardin de femme scent candles,547.74,0.0026750001612403794,98.2299536630705,19,622.0,1.0,Churned,Churned
embossed heart trinket box,547.27,0.002672704820246873,98.23262636789075,48,0.0,0.0,Weak,Weak
marakesh lantern large,544.5,0.0026591769594979126,98.23528554485024,12,513.0,1.0,Churned,Churned
paperweight kings choice,544.29,0.002658151381607197,98.23794369623185,55,0.0,0.0,Weak,Weak
jelly babies yellow small bowl,543.41,0.002653853721874675,98.24059754995373,93,387.0,1.0,Churned,Churned
"card, billboard font",543.34,0.00265351186257777,98.24325106181631,100,0.0,0.0,Weak,Weak
white and blue ceramic oil burner,542.61,0.0026499467584814736,98.24590100857479,85,,,Weak,Weak
folkart crown table decorations,542.47,0.0026492630398876633,98.24855027161468,76,385.0,1.0,Churned,Churned
set/6 bead coasters gauze bag gold,541.96,0.002646772350724497,98.2511970439654,70,169.0,1.0,Churned,Churned
set/6 gingerbread star t-lights,540.21,0.0026382258683018685,98.2538352698337,71,413.0,1.0,Churned,Churned
set/4 bird mirror magnets,539.67,0.002635588668011457,98.25647085850171,94,4.0,0.0,Weak,Weak
french chateau large platter,538.5,0.0026298747340488997,98.25910073323577,40,233.0,1.0,Churned,Churned
teatime round pencil sharpener,537.06,0.0026228421999411364,98.26172357543571,105,1.0,0.0,Weak,Weak
crochet rose purse with suede back,536.4000000000001,0.002619618955141746,98.26434319439085,47,8.0,0.0,Weak,Weak
fuschia/green stripe woolly blanket,536.24,0.002618837562463105,98.26696203195331,9,624.0,1.0,Churned,Churned
red bird house tree decoration,535.89,0.002617128265978579,98.2695791602193,87,384.0,1.0,Churned,Churned
hanging heart bonheur,535.35,0.002614491065688168,98.27219365128498,69,0.0,0.0,Weak,Weak
black square table clock,535.18,0.0026136608359671122,98.27480731212094,52,1.0,0.0,Weak,Weak
black square table clock,535.18,0.0026136608359671122,98.27480731212094,52,53.0,0.0,Weak,At Risk
henrietta hen mug,534.66,0.002611121309761531,98.2774184334307,42,0.0,0.0,Weak,Weak
s/4 blue dinner candle silver flock,534.58,0.0026107306134222114,98.28002916404412,36,10.0,0.0,Weak,Weak
silver charm necklace 70cm,534.27,0.0026092166651073456,98.28263838070923,34,410.0,1.0,Churned,Churned
starfish soap dish,533.84,0.0026071166722834997,98.28524549738151,66,1.0,0.0,Weak,Weak
wrap green russian folkart,533.75,0.0026066771389017646,98.28785217452041,48,355.0,1.0,Churned,Churned
gold wine goblet,533.71,0.0026064817907321047,98.29045865631115,19,182.0,1.0,Churned,Churned
economy luggage tag,533.51,0.002605505049883804,98.29306416136103,138,0.0,0.0,Weak,Weak
round pink heart mirror,533.48,0.002605358538756559,98.29566951989979,58,3.0,0.0,Weak,Weak
french chateau oval platter,531.4499999999999,0.0025954446191463094,98.29826496451894,29,245.0,1.0,Churned,Churned
premium church candle,530.16,0.0025891446406747717,98.30085410915962,45,621.0,1.0,Churned,Churned
small marakesh lantern on stick,529.49,0.0025858725588329655,98.30343998171845,29,638.0,1.0,Churned,Churned
pink boudicca large bracelet,529.22,0.00258455395868776,98.30602453567714,25,21.0,0.0,Weak,Weak
cakes and rabbits design flannel,529.16,0.0025842609364332696,98.30860879661357,149,1.0,0.0,Weak,Weak
sprig lavender artificial flower,528.78,0.0025824051288214985,98.31119120174239,31,239.0,1.0,Churned,Churned
cherry blossom luggage tag,528.77,0.0025823562917790836,98.31377355803417,81,3.0,0.0,Weak,Weak
single wire hook pink heart,528.6999999999999,0.0025820144324821786,98.31635557246665,27,1.0,0.0,Weak,Weak
heart beaded trellis decoration,528.1700000000001,0.0025794260692341827,98.31893499853588,42,1.0,0.0,Weak,Weak
tigris eye chunky charm bracelet,527.8199999999999,0.0025777167727496567,98.32151271530863,41,0.0,0.0,Weak,Weak
gold washbag,527.5600000000001,0.0025764470096468666,98.32408916231827,43,162.0,1.0,Churned,Churned
party pizza dish pink polkadot,526.64,0.0025719540017446843,98.32666111632001,88,,,Weak,Weak
photo clip line,525.4,0.0025658982084852218,98.3292270145285,81,0.0,0.0,Weak,Weak
childrens apron apple design,524.71,0.0025625284525585853,98.33178954298106,26,0.0,0.0,Weak,Weak
rose scent candles in glass,523.15,0.002554909873941842,98.33434445285499,54,491.0,1.0,Churned,Churned
blue egg  spoon,523.07,0.002554519177602522,98.3368989720326,157,0.0,0.0,Weak,Weak
75 black fairy cake cases,522.9499999999999,0.0025539331330935414,98.3394529051657,63,487.0,1.0,Churned,Churned
75 black fairy cake cases,522.9499999999999,0.0025539331330935414,98.3394529051657,63,533.0,1.0,Churned,Churned
easter tin chicks in garden,522.93,0.002553835459008711,98.34200674062471,50,231.0,1.0,Churned,Churned
green bitty light chain,522.85,0.0025534447626693914,98.34456018538738,72,0.0,0.0,Weak,Weak
green bitty light chain,522.85,0.0025534447626693914,98.34456018538738,72,10.0,0.0,Weak,Weak
blue pull back racing car,522.3100000000001,0.00255080756237898,98.34711099294975,83,394.0,1.0,Churned,Churned
wall art i love london,521.73,0.0025479750139189086,98.34965896796368,32,,,Weak,Weak
yellow easter egg hunt start post,520.55,0.0025422122429139362,98.35220118020659,44,234.0,1.0,Churned,Churned
egg frying pan pink,519.25,0.0025358634273999836,98.35473704363399,85,0.0,0.0,Weak,Weak
bank charges,519.241,0.0025358194740618097,98.35727286310805,33,2.0,0.0,Weak,Weak
blue tiled tray,518.5,0.002532200649218857,98.35980506375726,22,92.0,1.0,Churned,Churned
set of 3 silver flying ducks,518.4,0.0025317122787947067,98.36233677603606,25,716.0,1.0,Churned,Churned
set of 3 silver flying ducks,518.4,0.0025317122787947067,98.36233677603606,25,737.0,1.0,Churned,Churned
silver fabric mirror,518.07,0.0025301006563950112,98.36486687669246,71,0.0,0.0,Weak,Weak
enamel blue rim coffee container,517.71,0.0025283425228680707,98.36739521921533,68,8.0,0.0,Weak,Weak
green rose cushion cover,517.48,0.002527219270892525,98.36992243848621,20,598.0,1.0,Churned,Churned
white picnic barbecue bucket,517.4300000000001,0.00252697508568045,98.3724494135719,29,527.0,1.0,Churned,Churned
retro plastic 70's tray,516.89,0.0025243378853900384,98.37497375145729,142,0.0,0.0,Weak,Weak
retro plastic 70's tray,516.89,0.0025243378853900384,98.37497375145729,142,309.0,1.0,Churned,Churned
classical rose candlestand,516.85,0.0025241425372203785,98.37749789399452,46,219.0,1.0,Churned,Churned
s/4 black mini rose candle in bowl,516.31,0.002521505336929967,98.38001939933145,114,1.0,0.0,Weak,Weak
summer daisies bag charm,514.18,0.0025111030468955675,98.38253050237834,111,0.0,0.0,Weak,Weak
pink scottie dog w flower pattern,513.69,0.002508710031817232,98.38503921241016,82,9.0,0.0,Weak,Weak
funky monkey cushion cover,513.58,0.0025081728243506666,98.38754738523451,72,0.0,0.0,Weak,Weak
funky monkey gift bag medium,512.38,0.0025023123792608636,98.39004969761378,101,0.0,0.0,Weak,Weak
old doc russel metal sign,512.13,0.0025010914532004884,98.39255078906697,101,,,Weak,Weak
ivory wire sweetheart letter tray,511.89,0.0024999193641825276,98.39505070843116,49,3.0,0.0,Weak,Weak
green square compact mirror,511.01,0.0024956217044500057,98.39754633013561,40,2.0,0.0,Weak,Weak
beaded crystal heart blue small,510.23,0.0024918124151416345,98.40003814255076,65,1.0,0.0,Weak,Weak
green 3 tier glass plate stand,509.9,0.0024902007927419386,98.40252834334349,18,459.0,1.0,Churned,Churned
dairy maid ceramic butter dish,509.62,0.002488833355554318,98.40501717669905,48,455.0,1.0,Churned,Churned
crystal stud earrings assorted col,509.08,0.0024861961552639067,98.40750337285431,29,7.0,0.0,Weak,Weak
retro pink spot washing up gloves,509.0,0.0024858054589245865,98.40998917831324,56,690.0,1.0,Churned,Churned
ladle love heart pink,508.75,0.002484584532864211,98.4124737628461,151,0.0,0.0,Weak,Weak
blue polkadot passport cover,506.96,0.0024758427022719223,98.41494960554837,107,,,Weak,Weak
paper lantern 9 point holly star l,506.01,0.0024712031832424953,98.41742080873162,20,,,Weak,Weak
first class luggage tag,505.41,0.002468272960697594,98.41988908169232,120,0.0,0.0,Weak,Weak
wall art animals and nature,504.59,0.002464268323219562,98.42235335001554,31,,,Weak,Weak
bird in tree mug,504.55,0.0024640729750499022,98.42481742299059,8,402.0,1.0,Churned,Churned
decoration wobbly rabbit metal,504.46,0.002463633441668167,98.42728105643225,67,,,Weak,Weak
green round compact mirror,504.43,0.002463486930540922,98.42974454336279,43,8.0,0.0,Weak,Weak
mini jigsaw leap frog,503.92,0.002460996241377756,98.43220553960417,66,2.0,0.0,Weak,Weak
pastel pink photo album,503.82,0.0024605078709536055,98.43466604747512,30,456.0,1.0,Churned,Churned
pastel pink photo album,503.82,0.0024605078709536055,98.43466604747512,30,235.0,1.0,Churned,Churned
box/12 chick & egg in basket,503.51,0.00245899392263874,98.43712504139776,96,253.0,1.0,Churned,Churned
black love bird candle,502.90999999999997,0.0024560637000938385,98.43958110509786,93,1.0,0.0,Weak,Weak
jardin etched glass ginger jar,502.58,0.002454452077694143,98.44203555717556,34,518.0,1.0,Churned,Churned
zinc heart lattice 2 wall planter,502.27,0.0024529381293792773,98.44448849530494,24,114.0,1.0,Churned,Churned
blond doll doorstop,502.08000000000004,0.002452010225573392,98.4469405055305,26,15.0,0.0,Weak,Weak
blue delphinium artificial flower,501.9700000000001,0.0024514730181068273,98.44939197854862,19,1.0,0.0,Weak,Weak
amber glass/silver bracelet,501.65,0.002449910232749546,98.45184188878137,35,6.0,0.0,Weak,Weak
poppy fields chopping board,501.23,0.002447859076968115,98.45428974785834,45,2.0,0.0,Weak,Weak
scotties des child's apron,500.83,0.0024459055952715143,98.4567356534536,98,309.0,1.0,Churned,Churned
glass bonne jam jar,500.82000000000005,0.0024458567582290995,98.45918151021183,27,3.0,0.0,Weak,Weak
patchwork pencil case butterfly,500.49,0.0024442451358294036,98.46162575534767,33,527.0,1.0,Churned,Churned
silver book mark with beads,500.34,0.002443512580193178,98.46406926792787,96,148.0,1.0,Churned,Churned
cherry blossom table clock,500.19,0.0024427800245569527,98.46651204795242,16,201.0,1.0,Churned,Churned
house shape pencil sharpener,499.55,0.0024396544538423915,98.46895170240626,128,1.0,0.0,Weak,Weak
skulls tape,499.44,0.002439117246375826,98.47139081965264,119,10.0,0.0,Weak,Weak
set of 3 bird l.blue feather,499.31,0.002438482364824431,98.47382930201746,83,389.0,1.0,Churned,Churned
set of 6 ribbons country style,499.18,0.0024378474832730357,98.47626714950074,26,1.0,0.0,Weak,Weak
fawn and mushroom greeting card,498.21,0.0024331102901587786,98.4787002597909,110,234.0,1.0,Churned,Churned
denim patch pencil case butterfly,498.14,0.0024327684308618736,98.48113302822176,29,410.0,1.0,Churned,Churned
carousel des child's overall,497.81,0.0024311568084621777,98.48356418503022,74,452.0,1.0,Churned,Churned
pink and white christmas tree 180cm,497.70000000000005,0.002430619600995613,98.48599480463122,13,436.0,1.0,Churned,Churned
opium scented votive candle,497.03999999999996,0.002427396356196221,98.48842220098742,48,6.0,0.0,Weak,Weak
blue  spotty  coffee mug,495.98,0.002422219629700229,98.49084442061711,35,187.0,1.0,Churned,Churned
s/4 pink dinner candle silver flock,494.39,0.00241445453995624,98.49325887515707,28,1.0,0.0,Weak,Weak
botanical lavender birthday card,493.99,0.00241250105825964,98.49567137621533,142,0.0,0.0,Weak,Weak
purple foxglove artiifcial flower,492.90000000000003,0.0024071778206364025,98.49807855403597,10,261.0,1.0,Churned,Churned
ballerina heart decoration.,492.17,0.0024036127165401057,98.5004821667525,21,647.0,1.0,Churned,Churned
red boudicca large bracelet,490.92,0.002397508086238228,98.50287967483874,29,29.0,0.0,Weak,Weak
ass des phone sponge craft sticker,489.79,0.0023919895004453308,98.50527166433918,29,4.0,0.0,Weak,Weak
cubic mug pink polkadot,489.6,0.002391061596639445,98.50766272593582,56,,,Weak,Weak
rose du sud childs apron,489.14,0.0023888150926883542,98.5100515410285,52,399.0,1.0,Churned,Churned
folk art metal star t-light holder,488.51,0.002385738359016208,98.51243727938751,112,0.0,0.0,Weak,Weak
green heart compact mirror,488.31,0.0023847616181679075,98.51482204100569,40,8.0,0.0,Weak,Weak
vintage glass sugar caddy,488.16,0.0023840290625316823,98.51720607006821,32,604.0,1.0,Churned,Churned
stripy design shower cap,488.11999999999995,0.002383833714362022,98.51958990378257,60,226.0,1.0,Churned,Churned
salt and pepper shakers toadstools,486.35,0.002375189557854563,98.52196509334043,30,17.0,0.0,Weak,Weak
4 blue dinner candles silver flock,485.63,0.0023716732908006816,98.52433676663122,50,,,Weak,Weak
oven mitt apple design,485.0,0.0023685965571285353,98.52670536318836,34,0.0,0.0,Weak,Weak
money box first ade design,484.34000000000003,0.0023653733123291444,98.52907073650069,64,2.0,0.0,Weak,Weak
blue square compact mirror,483.75,0.0023624919268266575,98.53143322842752,37,76.0,1.0,Churned,Churned
laurel star antique gold,483.03,0.002358975659772776,98.53379220408729,40,1.0,0.0,Weak,Weak
felt farm animal hen,482.95,0.002358584963433456,98.53615078905072,72,226.0,1.0,Churned,Churned
botanical lavender gift wrap,481.0,0.0023490617401625267,98.53849985079088,45,3.0,0.0,Weak,Weak
s/4 burgundy wine dinner candles,480.94,0.0023487687179080366,98.5408486195088,28,23.0,0.0,Weak,Weak
s/4 burgundy wine dinner candles,480.94,0.0023487687179080366,98.5408486195088,28,400.0,1.0,Churned,Churned
red peony cushion cover,480.85,0.0023483291845263015,98.54319694869332,10,,,Weak,Weak
set/6 3d kit cards for kids,480.69,0.002347547791847661,98.54554449648516,50,0.0,0.0,Weak,Weak
party pizza dish green polkadot,479.6,0.0023422245542244237,98.54788672103939,68,,,Weak,Weak
classic glass sweet jar,479.45,0.0023414919985881985,98.55022821303798,14,2.0,0.0,Weak,Weak
maxwell 2 tone pink 60 page photo a,479.40999999999997,0.002341296650418538,98.5525695096884,28,633.0,1.0,Churned,Churned
pantry hook balloon whisk,477.89,0.0023338734199714554,98.55490338310837,47,1.0,0.0,Weak,Weak
green blue flower piggy bank,477.29999999999995,0.0023309920344689685,98.55723437514284,24,569.0,1.0,Churned,Churned
s/4 rose    botanical  candle,477.12,0.0023301129677054987,98.55956448811055,38,0.0,0.0,Weak,Weak
silver standing gnome,476.61,0.002327622278542333,98.5618921103891,47,0.0,0.0,Weak,Weak
"f.fairy s/3 candle/glass, rose",476.4,0.0023265967006516172,98.56421870708975,15,618.0,1.0,Churned,Churned
set of 6 ribbons party,476.0,0.0023246432189550164,98.5665433503087,16,0.0,0.0,Weak,Weak
set/6 black bird t-light candles,475.91,0.0023242036855732813,98.56886755399428,58,9.0,0.0,Weak,Weak
pink boudoir t-light holder,475.43000000000006,0.0023218595075373606,98.57118941350181,20,354.0,1.0,Churned,Churned
4 sky blue dinner candles,475.26,0.0023210292778163043,98.57351044277964,80,,,Weak,Weak
white chrysanthemums art flower,474.84,0.0023189781220348737,98.57582942090167,21,190.0,1.0,Churned,Churned
elephant birthday card,474.78000000000003,0.002318685099780384,98.57814810600145,95,,,Weak,Weak
dairy maid  small  milk jug,474.74,0.0023184897516107233,98.58046659575307,61,618.0,1.0,Churned,Churned
blue shark helicopter,473.77000000000004,0.0023137525584964666,98.58278034831156,47,359.0,1.0,Churned,Churned
teacup and saucer regency green,472.5,0.0023075502541097586,98.58508789856567,13,,,Weak,Weak
red daisy paper lampshade,472.07,0.0023054502612859127,98.58739334882696,62,53.0,0.0,Weak,At Risk
72 cake cases dolly girl design,471.84999999999997,0.002304375846352782,98.58969772467331,25,0.0,0.0,Weak,Weak
flowers tile coaster,471.57,0.0023030084091651614,98.59200073308249,52,3.0,0.0,Weak,Weak
jardin etched glass butter dish,471.4,0.0023021781794441065,98.59430291126193,30,219.0,1.0,Churned,Churned
first class holiday purse,471.33000000000004,0.002301836320147201,98.59660474758208,49,45.0,0.0,Weak,At Risk
black face lamb with pants,471.13,0.0023008595792989007,98.59890560716137,74,414.0,1.0,Churned,Churned
dotcomgiftshop gift voucher £20.00,471.06,0.0023005177200019957,98.60120612488137,26,38.0,0.0,Weak,At Risk
english rose placemats,470.74,0.002298954934644715,98.60350507981602,33,0.0,0.0,Weak,Weak
english rose placemats,470.74,0.002298954934644715,98.60350507981602,33,0.0,0.0,Weak,Weak
wall art cat and bird,469.73,0.0022940223933607977,98.60579910220937,40,,,Weak,Weak
bank account  greeting  card,469.28000000000003,0.002291824726452122,98.60809092693583,109,149.0,1.0,Churned,Churned
jade drop earrings w filigree,469.18,0.0022913363560279716,98.61038226329185,53,0.0,0.0,Weak,Weak
"french blue metal door sign, no",468.94,0.0022901642670100112,98.61267242755886,48,0.0,0.0,Weak,Weak
purple pillar candle black flock,467.71000000000004,0.0022841573107929636,98.61495658486966,16,702.0,1.0,Churned,Churned
s/4 groovy cat magnets,467.4,0.002282643362478098,98.61723922823214,75,57.0,0.0,Weak,At Risk
multicolour rabbit egg warmer,466.69,0.0022791759324666313,98.61951840416461,96,34.0,0.0,Weak,At Risk
lavender scent cake candle,466.38,0.0022776619841517656,98.62179606614876,38,10.0,0.0,Weak,Weak
pack of 12 red apple tissues,465.36,0.0022726806058254337,98.62406874675459,76,0.0,0.0,Weak,Weak
summer fun design shower cap,463.30999999999995,0.0022626690121303537,98.62633141576671,50,226.0,1.0,Churned,Churned
small parlour picture frame,462.45,0.0022584690264826623,98.6285898847932,33,1.0,0.0,Weak,Weak
green murano twist bracelet,462.32,0.0022578341449312673,98.63084771893813,58,0.0,0.0,Weak,Weak
giant pink heart memo holder,462.15000000000003,0.002257003915210212,98.63310472285333,46,513.0,1.0,Churned,Churned
columbian cube candle,462.15,0.0022570039152102115,98.63536172676854,28,11.0,0.0,Weak,Weak
basket/8 scented love token candles,461.53,0.0022539760185804805,98.63761570278712,45,424.0,1.0,Churned,Churned
hanging wood and felt flower,460.9,0.0022508992849083337,98.63986660207202,154,1.0,0.0,Weak,Weak
black gemstone bracelet,460.69,0.0022498737070176184,98.64211647577903,26,29.0,0.0,Weak,Weak
wrap keep calm birthday,460.5,0.0022489458032117333,98.64436542158225,36,,,Weak,Weak
hand towel pink flower and daisy,459.56,0.002244355121224721,98.64660977670347,37,2.0,0.0,Weak,Weak
silver hanging t-light holder dome,459.21000000000004,0.0022426458247401956,98.64885242252821,36,577.0,1.0,Churned,Churned
red wall clock,459.0,0.00224162024684948,98.65109404277506,1,,,Weak,Weak
ivory wall clock,459.0,0.00224162024684948,98.6533356630219,1,,,Weak,Weak
assorted monkey suction cup hook,458.34000000000003,0.002238397002050089,98.65557406002395,66,7.0,0.0,Weak,Weak
4 rose pink dinner candles,457.92,0.0022363458462686574,98.65781040587022,54,,,Weak,Weak
pink heart red handbag,457.65000000000003,0.002235027246123452,98.66004543311635,46,101.0,1.0,Churned,Churned
party pizza dish blue polkadot,457.58,0.0022346853868265466,98.66228011850318,81,,,Weak,Weak
paper lantern 5 point star moon,456.48,0.0022293133121608945,98.66450943181533,20,,,Weak,Weak
silver hoop earrings with flower,455.86,0.0022262854155311635,98.66673571723086,45,0.0,0.0,Weak,Weak
black enamel flower ring,454.31000000000006,0.0022187156739568352,98.66895443290483,54,0.0,0.0,Weak,Weak
lighthouse printed metal sign,454.3,0.00221866683691442,98.67117309974174,42,295.0,1.0,Churned,Churned
"s/6 halloween ghost t lights, 5cm h",453.99,0.002217152888599554,98.67339025263034,58,7.0,0.0,Weak,Weak
stripes design teddy,453.76,0.0022160296366240087,98.67560628226697,74,11.0,0.0,Weak,Weak
pack 3 boxes bird panettone,451.84,0.0022066529244803242,98.67781293519145,31,,,Weak,Weak
economy passport cover,451.67,0.0022058226947592693,98.68001875788622,33,462.0,1.0,Churned,Churned
wrap magic forest,451.5,0.002204992465038214,98.68222375035126,43,1.0,0.0,Weak,Weak
mini playing cards fun fair,451.46000000000004,0.002204797116868554,98.68442854746813,65,1.0,0.0,Weak,Weak
blue murano twist bracelet,451.44,0.002204699442783724,98.68663324691092,42,0.0,0.0,Weak,Weak
cubic mug pink polka dot,451.41,0.0022045529316564788,98.68883779984257,29,240.0,1.0,Churned,Churned
cubic mug pink polka dot,451.41,0.0022045529316564788,98.68883779984257,29,716.0,1.0,Churned,Churned
pink hearts photo album,451.35,0.0022042599094019887,98.69104205975198,23,653.0,1.0,Churned,Churned
retro pink ball ashtray,450.98,0.002202452938832633,98.69324451269081,44,189.0,1.0,Churned,Churned
food/drink sponge stickers,449.82,0.00219678784191249,98.69544130053272,63,,,Weak,Weak
blue polkadot pudding bowl,449.26,0.0021940529675372493,98.69763535350026,15,,,Weak,Weak
cherry blossom passport cover,449.26,0.0021940529675372493,98.6998294064678,121,0.0,0.0,Weak,Weak
cartoon  pencil sharpeners,448.13,0.0021885343817443516,98.70201794084954,98,0.0,0.0,Weak,Weak
silver/mop orbit necklace,447.21,0.0021840413738421697,98.70420198222338,34,0.0,0.0,Weak,Weak
ass col small sand frog p'weight,447.0,0.0021830157959514544,98.70638499801933,28,630.0,1.0,Churned,Churned
"tumbler, baroque",445.45,0.0021754460543771258,98.70856044407371,21,28.0,0.0,Weak,Weak
pink monte carlo handbag,445.03,0.0021733948985956947,98.7107338389723,17,157.0,1.0,Churned,Churned
red retrospot toastrack,444.36,0.0021701228167538885,98.71290396178905,49,,,Weak,Weak
midnight blue glass/silver bracelet,443.84999999999997,0.0021676321275907223,98.71507159391665,30,0.0,0.0,Weak,Weak
purple/turq flowers handbag,441.99,0.002158548437701529,98.71723014235435,82,276.0,1.0,Churned,Churned
vintage rose bead bracelet black,441.9,0.0021581089043197933,98.71938825125868,49,5.0,0.0,Weak,Weak
brown cozy square photo album,441.77,0.0021574740227683978,98.72154572528144,8,638.0,1.0,Churned,Churned
retro plastic daisy tray,440.45,0.002151027533169615,98.72369675281462,149,6.0,0.0,Weak,Weak
retro plastic daisy tray,440.45,0.002151027533169615,98.72369675281462,149,0.0,0.0,Weak,Weak
lazer cut necklace w pastel beads,439.65,0.0021471205697764133,98.72584387338439,7,20.0,0.0,Weak,Weak
wrap  pink flock,439.0,0.0021439461620194372,98.72798781954641,39,371.0,1.0,Churned,Churned
"tumbler, english rose",438.25,0.0021402833838383107,98.73012810293025,33,498.0,1.0,Churned,Churned
ridged bonne jam jar t-light holder,437.82,0.002138183391014465,98.73226628632126,25,3.0,0.0,Weak,Weak
midnight blue vintage earrings,434.27,0.0021208462409571323,98.73438713256222,77,0.0,0.0,Weak,Weak
party pizza dish red white spot,434.07,0.0021198695001088314,98.73650700206233,34,0.0,0.0,Weak,Weak
english rose metal waste bin,433.70000000000005,0.002118062529539476,98.73862506459186,66,178.0,1.0,Churned,Churned
ninja rabbit pink,433.61,0.002117622996157741,98.74074268758801,77,18.0,0.0,Weak,Weak
blue disco handbag,433.46,0.0021168904405215153,98.74285957802853,18,0.0,0.0,Weak,Weak
set of 4 new england coasters,432.75,0.0021134230105100487,98.74497300103904,38,427.0,1.0,Churned,Churned
pink foxglove artiifcial flower,432.45000000000005,0.0021119578992375983,98.74708495893827,10,71.0,1.0,Churned,Churned
robot mug in display box,431.18,0.0021057555948508907,98.74919071453313,82,356.0,1.0,Churned,Churned
blue riviera handbag,431.0,0.0021048765280874205,98.75129559106122,9,554.0,1.0,Churned,Churned
christmas hanging snowflake,430.86,0.0021041928094936097,98.75339978387072,48,2.0,0.0,Weak,Weak
4 pink dinner candle silver flock,430.45,0.002102190490754594,98.75550197436148,50,,,Weak,Weak
zinc heart lattice tray oval,429.57,0.002097892831022072,98.7575998671925,28,225.0,1.0,Churned,Churned
popart wooden pencils asst,429.44,0.002097257949470677,98.75969712514197,74,4.0,0.0,Weak,Weak
black vintage earrings,428.92,0.0020947184232650955,98.76179184356523,79,8.0,0.0,Weak,Weak
blue kashmiri boxed mirror,428.0,0.0020902254153629136,98.76388206898059,4,401.0,1.0,Churned,Churned
pink/blue disc/mirror string,427.95,0.002089981230150839,98.76597205021075,38,83.0,1.0,Churned,Churned
pink hydrangea art flower,427.44000000000005,0.002087490540987673,98.76805954075174,15,16.0,0.0,Weak,Weak
large parlour picture frame,427.03000000000003,0.002085488222248657,98.77014502897399,29,0.0,0.0,Weak,Weak
dog and ball wall art,425.88,0.002079871962370929,98.77222490093635,4,0.0,0.0,Weak,Weak
orange votive candle,425.75999999999993,0.0020792859178619485,98.77430418685421,46,6.0,0.0,Weak,Weak
little flower shopper bag,424.0,0.002070690598396905,98.77637487745261,1,701.0,1.0,Churned,Churned
ninja rabbit black,423.9,0.002070202227972755,98.77844507968058,92,0.0,0.0,Weak,Weak
decorative net canopy leopard,423.73,0.0020693719982516996,98.78051445167883,25,456.0,1.0,Churned,Churned
pink strawberry handbag,423.53000000000003,0.0020683952574033996,98.78258284693624,76,32.0,0.0,Weak,At Risk
paisley pattern  stickers,423.0,0.0020658068941554033,98.78464865383039,80,0.0,0.0,Weak,Weak
small folding scissor(pointed edge),422.96,0.002065611545985743,98.78671426537638,85,0.0,0.0,Weak,Weak
small marakesh metal  lantern,422.9,0.0020653185237312524,98.78877958390011,30,689.0,1.0,Churned,Churned
pin cushion russian doll pink,422.45000000000005,0.0020631208568225767,98.79084270475693,33,0.0,0.0,Weak,Weak
"cake tin, round, vintage red,cream",421.05,0.002056283670884474,98.79289898842781,10,,,Weak,Weak
tea time breakfast basket,420.87,0.0020554046041210035,98.79495439303193,55,368.0,1.0,Churned,Churned
elvis wallhanging / curtain,419.99,0.0020511069443884815,98.79700549997632,48,205.0,1.0,Churned,Churned
green kashmiri occasional table,419.85,0.002050423225794671,98.79905592320212,4,423.0,1.0,Churned,Churned
round georgian silver mirror,419.25000000000006,0.0020474930032497703,98.80110341620536,16,609.0,1.0,Churned,Churned
botanical lily greeting card,418.12,0.0020419744174568727,98.80314539062282,111,14.0,0.0,Weak,Weak
flower fairy set of 3 lily candles,417.7,0.0020399232616754416,98.8051853138845,8,,,Weak,Weak
fairy cakes rectangluar boxes,417.58,0.0020393372171664615,98.80722465110166,31,617.0,1.0,Churned,Churned
blue rocking singing canary,417.17,0.0020373348984274457,98.8092619860001,40,487.0,1.0,Churned,Churned
ocean scent candle jewelled drawer,416.35,0.002033330260949414,98.81129531626104,37,402.0,1.0,Churned,Churned
ocean scent candle jewelled drawer,416.35,0.002033330260949414,98.81129531626104,37,371.0,1.0,Churned,Churned
enamel blue rim oval tray set/2,416.01,0.002031669801507303,98.81332698606255,39,382.0,1.0,Churned,Churned
yellow knitted kids rucksack,414.74,0.0020254674971205955,98.81535245355967,37,552.0,1.0,Churned,Churned
paperweight vintage paisley,413.76,0.002020681466963923,98.81737313502663,53,0.0,0.0,Weak,Weak
magic garden mount fuji,413.12,0.002017555896249362,98.81939069092287,39,373.0,1.0,Churned,Churned
s/3 tear drop cut glass decoration,412.77,0.0020158465997648363,98.82140653752263,34,670.0,1.0,Churned,Churned
dolly cabinet 2 drawers,412.5,0.002014527999619631,98.82342106552225,19,1.0,0.0,Weak,Weak
economy holiday purse,412.45000000000005,0.0020142838144075557,98.82543534933666,46,141.0,1.0,Churned,Churned
home sweet home hook,412.18,0.00201296521426235,98.82744831455092,47,0.0,0.0,Weak,Weak
set of 4 dotty placemats,411.78000000000003,0.0020110117325657494,98.82945932628348,34,,,Weak,Weak
booze & women greeting card,411.63,0.0020102791769295238,98.83146960546041,108,3.0,0.0,Weak,Weak
blue rose patch purse pink butterfl,410.84999999999997,0.0020064698876211522,98.83347607534803,73,294.0,1.0,Churned,Churned
kasbah lantern with glass,410.64,0.0020054443097304365,98.83548151965776,29,433.0,1.0,Churned,Churned
silver flowr pink shell necklace,410.26000000000005,0.002003588502118666,98.83748510815988,9,6.0,0.0,Weak,Weak
blue breakfast cup and saucer,409.6,0.002000365257319275,98.8394854734172,28,256.0,1.0,Churned,Churned
wrap blizzard,409.5,0.001999876886895124,98.8414853503041,34,417.0,1.0,Churned,Churned
large trifle design l blue bowl,408.9,0.0019969466643502227,98.84348229696845,16,529.0,1.0,Churned,Churned
pillowcushion cover pink union jack,408.83000000000004,0.0019966048050533178,98.8454789017735,22,1.0,0.0,Weak,Weak
set of meadow  flower stickers,408.66,0.001995774575332263,98.84747467634884,22,683.0,1.0,Churned,Churned
bag for children vintage blue,408.0,0.001992551330532871,98.84946722767937,1,,,Weak,Weak
bag for children vintage pink,408.0,0.001992551330532871,98.8514597790099,1,,,Weak,Weak
"cakestand, 3 tier, loveheart",405.5,0.0019803420699291154,98.85344012107983,7,,,Weak,Weak
green peony cushion cover,403.75,0.0019717955875064867,98.85541191666734,12,,,Weak,Weak
beech wood photo frame,403.64,0.001971258380039922,98.85738317504737,19,681.0,1.0,Churned,Churned
crystal diamante star brooch,402.61,0.0019662281646711747,98.85934940321205,57,0.0,0.0,Weak,Weak
small pink peony folding stool,401.3,0.001959830512114807,98.86130923372417,17,592.0,1.0,Churned,Churned
mini ladle love heart red,401.18,0.0019592444676058266,98.86326847819177,153,,,Weak,Weak
egg frying pan blue,400.84000000000003,0.001957584008163716,98.86522606219994,76,0.0,0.0,Weak,Weak
snack tray red vintage doily,400.03999999999996,0.001953677044770514,98.8671797392447,37,0.0,0.0,Weak,Weak
red retro kitchen wall clock,400.01,0.001953530533643269,98.86913326977835,23,0.0,0.0,Weak,Weak
t-light holder silver heart handle,399.71,0.0019520654223708182,98.87108533520072,28,4.0,0.0,Weak,Weak
set of 3 vintage tea time boxes,399.62,0.0019516258889890833,98.87303696108971,21,647.0,1.0,Churned,Churned
tuscan villa dovecote bird feeder,399.03,0.001948744503486597,98.87498570559319,23,,,Weak,Weak
mock lobster fridge magnet,399.01,0.001948646829401767,98.8769343524226,112,1.0,0.0,Weak,Weak
jardin de femme scented candle,398.04,0.0019439096362875098,98.87887826205888,13,622.0,1.0,Churned,Churned
discount,397.89,0.0019431770806512844,98.88082143913952,5,374.0,1.0,Churned,Churned
white grand baroque photo frame,396.8,0.0019378538430280471,98.88275929298256,14,617.0,1.0,Churned,Churned
black+white necklace w tassel,396.64,0.0019370724503494066,98.8846963654329,28,9.0,0.0,Weak,Weak
cream delphinium artificial flower,396.38000000000005,0.0019358026872466167,98.88663216812014,18,3.0,0.0,Weak,Weak
space frog,396.12,0.0019345329241438256,98.88856670104428,81,2.0,0.0,Weak,Weak
pink murano twist bracelet,395.68,0.0019323840942775648,98.89049908513856,41,318.0,1.0,Churned,Churned
heart trellis triple t-light holder,395.11,0.0019296003828599086,98.89242868552142,30,,,Weak,Weak
lillies canvas picture,394.85,0.0019283306197571183,98.89435701614119,5,476.0,1.0,Churned,Churned
gold scroll glass t-light holder,393.69,0.0019226655228369756,98.89627968166403,27,247.0,1.0,Churned,Churned
milk maids mug,393.59000000000003,0.0019221771524128254,98.89820185881644,33,0.0,0.0,Weak,Weak
s/4 festive green dinner candles,393.39,0.0019212004115645247,98.900123059228,25,462.0,1.0,Churned,Churned
s/4 festive green dinner candles,393.39,0.0019212004115645247,98.900123059228,25,484.0,1.0,Churned,Churned
clear love bird t-light holder,392.53,0.001917000425916833,98.90204005965391,39,24.0,0.0,Weak,Weak
green enamel flower ring,391.37,0.0019113353289966907,98.90395139498291,57,0.0,0.0,Weak,Weak
blue fly swat,391.31,0.0019110423067422006,98.90586243728966,133,3.0,0.0,Weak,Weak
blue murano twist necklace,391.18,0.0019104074251908051,98.90777284471484,30,27.0,0.0,Weak,Weak
silver oval shape trinket box,390.95,0.0019092841732152597,98.90968212888805,24,5.0,0.0,Weak,Weak
ivory sweetheart soap dish,390.75,0.001908307432366959,98.91159043632042,49,3.0,0.0,Weak,Weak
blue polkadot purse,390.16,0.001905426046864473,98.91349586236728,53,,,Weak,Weak
english rose ironing board cover,390.0,0.0019046446541858327,98.91540050702147,41,620.0,1.0,Churned,Churned
purple anemone artificial flower,389.79,0.0019036190762951174,98.91730412609778,17,283.0,1.0,Churned,Churned
white ceramic party set (5pcs),389.3,0.0019012260612167812,98.919205352159,20,512.0,1.0,Churned,Churned
pop-art fluorescent pens,389.22,0.001900835364877461,98.92110618752388,3,658.0,1.0,Churned,Churned
egg frying pan mint,388.75,0.001898540023883955,98.92300472754776,69,0.0,0.0,Weak,Weak
buttons and stripes notebook,387.13,0.0018906284230127215,98.92489535597078,37,23.0,0.0,Weak,Weak
bell heart decoration,387.0,0.0018899935414613263,98.92678534951224,9,0.0,0.0,Weak,Weak
st tropez necklace,386.32,0.0018866726225771047,98.92867202213482,63,1.0,0.0,Weak,Weak
rose pink metal folding chair,385.98,0.0018850121631349942,98.93055703429795,14,540.0,1.0,Churned,Churned
ruby glass cluster bracelet,385.15000000000003,0.0018809586886145474,98.93243799298656,35,15.0,0.0,Weak,Weak
teacup and saucer regency pink,384.0,0.0018753424287368198,98.9343133354153,9,,,Weak,Weak
"cake tin, 3 tier red/ivory",383.4,0.0018724122061919185,98.9361857476215,8,,,Weak,Weak
purple enamel flower ring,382.84000000000003,0.0018696773318166774,98.9380554249533,54,0.0,0.0,Weak,Weak
vegetable garden chopping board,382.44,0.0018677238501200765,98.93992314880343,22,3.0,0.0,Weak,Weak
white moroccan metal lantern,381.55,0.0018633773533451397,98.94178652615678,26,,,Weak,Weak
"pearl & shell 42""neckl. pink",380.89,0.001860154108545748,98.94364668026532,4,532.0,1.0,Churned,Churned
amber chunky bead bracelet w strap,380.82,0.0018598122492488429,98.94550649251457,25,28.0,0.0,Weak,Weak
"f.fairy s/3 candle/glass,lavender",380.35,0.0018575169082553373,98.94736400942283,9,392.0,1.0,Churned,Churned
vip holiday purse,378.85,0.001850191351893084,98.94921420077472,48,23.0,0.0,Weak,Weak
fairy cakes round nesting boxes,377.93,0.0018456983439909017,98.9510598991187,24,637.0,1.0,Churned,Churned
pink polkadot plate,377.56,0.001843891373421546,98.95290379049213,25,,,Weak,Weak
12 pencils small tube posy,376.34000000000003,0.0018379332542469136,98.95474172374638,76,430.0,1.0,Churned,Churned
set/6 gold reindeer t-light candles,376.05,0.001836516980016878,98.9565782407264,32,444.0,1.0,Churned,Churned
swirly circular rubbers in bag,375.93,0.0018359309355078977,98.95841417166191,101,1.0,0.0,Weak,Weak
la jardin botanique cushion cover,375.53,0.0018339774538112966,98.96024814911573,28,,,Weak,Weak
dollcraft boy jean-paul,373.9,0.0018260170158976483,98.96207416613163,12,,,Weak,Weak
classical rose urn,372.3,0.0018182030891112449,98.96389236922074,17,460.0,1.0,Churned,Churned
citrus garland felt flowers,372.14,0.0018174216964326046,98.96570979091717,51,225.0,1.0,Churned,Churned
blue round compact mirror,371.84999999999997,0.0018160054222025686,98.96752579633937,43,74.0,1.0,Churned,Churned
medium pink buddha head,371.78000000000003,0.0018156635629056638,98.96934145990228,42,0.0,0.0,Weak,Weak
letter shape pencil sharpener,371.64,0.0018149798443118533,98.9711564397466,88,2.0,0.0,Weak,Weak
doorstop russian doll retrospot,371.1,0.0018123426440214425,98.97296878239061,35,0.0,0.0,Weak,Weak
old rose combo bead necklace,370.92,0.001811463577257972,98.97478024596786,96,0.0,0.0,Weak,Weak
flag of st george chair,370.6,0.0018099007919006912,98.97659014675976,16,64.0,1.0,Churned,Churned
seaside frisbee,370.54,0.0018096077696462011,98.9783997545294,26,3.0,0.0,Weak,Weak
light pink flock glass candleholder,369.78000000000003,0.0018058961544226595,98.98020565068383,21,97.0,1.0,Churned,Churned
queen of the skies holiday purse,369.41,0.0018040891838533037,98.98200973986768,44,52.0,0.0,Weak,At Risk
blue polkadot luggage tag,369.39,0.0018039915097684735,98.98381373137745,92,,,Weak,Weak
diamante bow brooch red colour,368.3,0.0017986682721452363,98.9856123996496,25,1.0,0.0,Weak,Weak
vintage notebook beauty girl,368.24,0.0017983752498907462,98.98741077489949,47,249.0,1.0,Churned,Churned
eau de nile jewelled t-light holder,367.55,0.0017950054939641095,98.98920578039345,29,0.0,0.0,Weak,Weak
ass floral print tape measure,367.36,0.0017940775901582242,98.99099985798361,35,637.0,1.0,Churned,Churned
snack tray paisley park,367.34999999999997,0.0017940287531158091,98.99279388673672,32,0.0,0.0,Weak,Weak
english rose tape measure,366.81,0.0017913915528253981,98.99458527828955,57,577.0,1.0,Churned,Churned
cream knitted hen,365.76,0.0017862636633718208,98.99637154195293,1,721.0,1.0,Churned,Churned
flower burst silver ring crystal,365.74,0.0017861659892869908,98.99815770794221,34,214.0,1.0,Churned,Churned
la palmiera tile coaster,365.34999999999997,0.001784261344632805,98.99994196928685,47,2.0,0.0,Weak,Weak
folk art metal heart t-light holder,363.34000000000003,0.0017744450991073856,99.00171641438595,75,37.0,0.0,Weak,At Risk
white  rosebud pearl bracelet,362.94,0.0017724916174107846,99.00348890600337,35,3.0,0.0,Weak,Weak
purple boudicca large bracelet,362.51,0.0017703916245869387,99.00525929762796,25,2.0,0.0,Weak,Weak
candy spot egg warmer rabbit,360.99,0.001762968394139856,99.0070222660221,108,0.0,0.0,Weak,Weak
red and white spot tape,360.93,0.0017626753718853658,99.00878494139398,71,1.0,0.0,Weak,Weak
small hanging glass+zinc lantern,360.21,0.001759159104831484,99.01054410049882,36,210.0,1.0,Churned,Churned
party time design flannel,358.96999999999997,0.0017531033115720214,99.01229720381039,67,1.0,0.0,Weak,Weak
pink dress jewellery stand,358.93,0.0017529079634023613,99.0140501117738,13,629.0,1.0,Churned,Churned
"flower glass garld neckl36""amethyst",358.87,0.0017526149411478712,99.01580272671495,28,49.0,0.0,Weak,At Risk
snack tray i love london,358.75,0.0017520288966388908,99.01755475561158,35,0.0,0.0,Weak,Weak
pink oval shape trinket box,357.71,0.0017469498442277286,99.01930170545582,30,1.0,0.0,Weak,Weak
medium white/pink rose art flower,357.22,0.0017445568291493928,99.02104626228497,27,103.0,1.0,Churned,Churned
plasters in tin mr strong,357.0,0.0017434824142162622,99.02278974469918,11,,,Weak,Weak
white/pink chick decoration,355.58000000000004,0.0017365475541933292,99.02452629225337,30,40.0,0.0,Weak,At Risk
set/4 modern vintage cotton napkins,355.48,0.001736059183769179,99.02626235143714,52,218.0,1.0,Churned,Churned
pink milkshake glass,355.33,0.0017353266281329533,99.02799767806528,26,535.0,1.0,Churned,Churned
roses white round candle,355.05,0.001733959190945333,99.02973163725622,14,724.0,1.0,Churned,Churned
silver m.o.p orbit bracelet,354.59000000000003,0.0017317126869942421,99.03146334994321,51,3.0,0.0,Weak,Weak
small pop box funky monkey,353.98,0.0017287336274069258,99.03319208357061,87,,,Weak,Weak
diamante bow brooch green colour,353.71,0.00172741502726172,99.03491949859787,32,1.0,0.0,Weak,Weak
green vintage earrings,353.55,0.0017266336345830799,99.03664613223246,56,0.0,0.0,Weak,Weak
set/6  angel t-lights white/gold,353.39,0.0017258522419044396,99.03837198447437,83,375.0,1.0,Churned,Churned
botanical lily gift wrap,353.0,0.0017239475972502536,99.04009593207162,30,44.0,0.0,Weak,At Risk
yellow flowers felt handbag kit,352.75,0.0017227266711898781,99.04181865874281,52,259.0,1.0,Churned,Churned
polyester filler pad 45x30cm,352.34999999999997,0.001720773189493277,99.0435394319323,61,1.0,0.0,Weak,Weak
pink chrysanthemums art flower,351.6,0.0017171104113121508,99.04525654234361,8,287.0,1.0,Churned,Churned
pantry hook tea strainer,351.37,0.0017159871593366053,99.04697252950295,32,5.0,0.0,Weak,Weak
set of 4 polkadot coasters,351.35,0.0017158894852517753,99.0486884189882,87,,,Weak,Weak
red enamel flower ring,350.94000000000005,0.0017138871665127594,99.05040230615472,46,0.0,0.0,Weak,Weak
ant copper red boudicca bracelet,349.96,0.001709101136356087,99.05211140729108,43,1.0,0.0,Weak,Weak
decoration sitting bunny,349.53999999999996,0.0017070499805746562,99.05381845727166,83,,,Weak,Weak
pantry hook spatula,349.2,0.0017053895211325454,99.0555238467928,33,5.0,0.0,Weak,Weak
"f.fairy s/3 candle/glass,lily/vally",349.15000000000003,0.0017051453359204706,99.05722899212871,8,595.0,1.0,Churned,Churned
space boy birthday card,349.12,0.0017049988247932254,99.0589339909535,67,0.0,0.0,Weak,Weak
bathroom scales rubber ducks,348.8,0.0017034360394359445,99.06063742699294,48,15.0,0.0,Weak,Weak
paper lantern 9 point holly star s,348.59000000000003,0.0017024104615452292,99.06233983745449,20,7.0,0.0,Weak,Weak
gemstone chandelier t-light holder,347.7,0.0016980639647702922,99.06403790141925,7,21.0,0.0,Weak,Weak
fairy cake greetings card,347.3,0.0016961104830736915,99.06573401190232,64,472.0,1.0,Churned,Churned
english rose notebook a6 size,346.93,0.0016943035125043357,99.06742831541483,64,214.0,1.0,Churned,Churned
felt farm animal sheep,345.48,0.001687222141354158,99.06911553755619,57,40.0,0.0,Weak,At Risk
white hydrangea art flower,345.0,0.0016848779633182366,99.0708004155195,18,246.0,1.0,Churned,Churned
long silver necklace pastel flower,343.98,0.0016798965849919043,99.07248031210449,18,74.0,1.0,Churned,Churned
blue wire spiral candle holder,342.94,0.001674817532580742,99.07415512963706,24,145.0,1.0,Churned,Churned
set/4 daisy mirror magnets,342.8,0.001674133813986932,99.07582926345106,68,4.0,0.0,Weak,Weak
set/6 garden gnome t-light candles,342.75,0.0016738896287748566,99.07750315307983,22,726.0,1.0,Churned,Churned
silver lariat 40cm,342.6,0.0016731570731386314,99.07917631015297,21,0.0,0.0,Weak,Weak
4 pink flock christmas balls,342.17,0.0016710570803147855,99.08084736723329,64,14.0,0.0,Weak,Weak
set/3 christmas briar candles,341.53,0.0016679315096002239,99.08251529874289,23,381.0,1.0,Churned,Churned
small zinc/glass candleholder,340.45,0.001662657109019402,99.08417795585191,22,1.0,0.0,Weak,Weak
wall art treasure ahoy,340.35,0.001662168738595252,99.0858401245905,25,,,Weak,Weak
4 burgundy wine dinner candles,340.28,0.0016618268792983463,99.0875019514698,39,,,Weak,Weak
string crystals natural,340.0,0.0016604594421107258,99.08916241091191,25,583.0,1.0,Churned,Churned
white round porcelain tlight holder,339.84,0.0016596780494320855,99.09082208896135,26,653.0,1.0,Churned,Churned
white round porcelain tlight holder,339.84,0.0016596780494320855,99.09082208896135,26,682.0,1.0,Churned,Churned
blue star block table lamp,339.57,0.00165835944928688,99.09248044841063,10,486.0,1.0,Churned,Churned
wake up cockerel wall thermometer,339.29,0.0016569920120992595,99.09413744042273,17,620.0,1.0,Churned,Churned
blue cat biscuit barrel pink heart,337.04,0.0016460036775558795,99.09578344410028,32,142.0,1.0,Churned,Churned
dollcraft girl nicole,336.6,0.0016438548476896187,99.09742729894796,12,0.0,0.0,Weak,Weak
pink chick egg warmer + egg cup,336.58,0.0016437571736047883,99.09907105612157,56,50.0,0.0,Weak,At Risk
origami sandlewood incense+flower,336.2,0.0016419013659930179,99.10071295748757,20,204.0,1.0,Churned,Churned
zinc heart lattice charger large,334.35,0.001632866513146239,99.10234582400072,27,14.0,0.0,Weak,Weak
flower fairy incense lily,333.61,0.0016292525720075274,99.10397507657272,13,622.0,1.0,Churned,Churned
red  egg  spoon,333.42,0.001628324668201642,99.10560340124093,151,0.0,0.0,Weak,Weak
blue glass chunky charm bracelet,332.95,0.0016260293272081358,99.10722943056814,20,21.0,0.0,Weak,Weak
beauty speed expresso cups,332.9,0.0016257851419960608,99.10885521571014,11,631.0,1.0,Churned,Churned
set of 3 wicker basket tea and cake,332.6,0.0016243200307236103,99.11047953574086,6,659.0,1.0,Churned,Churned
oyster trinket box,332.16,0.0016221712008573491,99.11210170694173,31,1.0,0.0,Weak,Weak
pink string curtain with pole,331.14,0.0016171898225310168,99.11371889676425,19,11.0,0.0,Weak,Weak
knitted rainbow hot water bottle,330.78,0.001615431689004076,99.11533432845326,19,644.0,1.0,Churned,Churned
knitted rainbow hot water bottle,330.78,0.001615431689004076,99.11533432845326,19,643.0,1.0,Churned,Churned
green geisha girl,330.36,0.0016133805332226453,99.11694770898649,41,39.0,0.0,Weak,At Risk
easter bunny hanging garland,330.32,0.0016131851850529851,99.11856089417154,49,233.0,1.0,Churned,Churned
turquoise glass tassle bag charm,329.95,0.0016113782144836293,99.12017227238601,62,1.0,0.0,Weak,Weak
pig mug in two colour designs,328.51,0.0016043456803758664,99.12177661806639,64,59.0,0.0,Weak,At Risk
white chocolate scent candle,328.39,0.001603759635866886,99.12338037770226,28,682.0,1.0,Churned,Churned
gold m pearl  orbit necklace,327.81,0.001600927087406815,99.12498130478967,26,44.0,0.0,Weak,At Risk
sweet pudding sticker sheet,327.75,0.0016006340651523248,99.12658193885483,79,1.0,0.0,Weak,Weak
doiley biscuit tin,327.59999999999997,0.0015999015095160992,99.12818184036435,13,,,Weak,Weak
pink knitted cow stuffed toy,326.33,0.0015936992051293914,99.12977553956948,53,522.0,1.0,Churned,Churned
english rose table clock,325.88,0.0015915015382207158,99.1313670411077,7,649.0,1.0,Churned,Churned
louvre chalkboard,325.6,0.001590134101033095,99.13295717520873,5,659.0,1.0,Churned,Churned
purple enamel+glass hair comb,325.5,0.0015896457306089449,99.13454682093933,10,35.0,0.0,Weak,At Risk
space boy gift wrap,325.5,0.0015896457306089449,99.13613646666994,27,1.0,0.0,Weak,Weak
candle holder silver madeline,325.16,0.0015879852711668343,99.13772445194111,20,0.0,0.0,Weak,Weak
woodland large pink felt heart,324.40000000000003,0.0015842736559432927,99.13930872559705,13,7.0,0.0,Weak,Weak
cat and bird wall art,323.64,0.0015805620407197507,99.14088928763776,4,0.0,0.0,Weak,Weak
pink glass chunky charm bracelet,322.85,0.0015767039143689643,99.14246599155213,27,29.0,0.0,Weak,Weak
blue geisha girl,322.61,0.0015755318253510037,99.14404152337748,40,15.0,0.0,Weak,Weak
black glass bracelet w heart charms,322.52,0.0015750922919692686,99.14561661566945,51,2.0,0.0,Weak,Weak
amber chunky glass+bead necklace,322.40999999999997,0.001574555084502703,99.14719117075396,21,49.0,0.0,Weak,At Risk
charlotte bag alphabet  design,320.5,0.001565227209401434,99.14875639796335,22,,,Weak,Weak
beaded crystal heart blue on stick,320.15,0.0015635179129169085,99.15031991587627,72,24.0,0.0,Weak,Weak
ant white sweetheart table w 3 draw,320.0,0.0015627853572806832,99.15188270123355,3,501.0,1.0,Churned,Churned
decoration wobbly chicken,319.14,0.0015585853716329912,99.15344128660517,45,,,Weak,Weak
white square table clock,319.01,0.0015579504900815962,99.15499923709525,45,1.0,0.0,Weak,Weak
white square table clock,319.01,0.0015579504900815962,99.15499923709525,45,205.0,1.0,Churned,Churned
candy spot bunny,317.54,0.0015507714448465878,99.1565500085401,29,21.0,0.0,Weak,Weak
set/6 silver reindeer t-lights,317.34999999999997,0.0015498435410407022,99.15809985208114,49,395.0,1.0,Churned,Churned
large blue oriental folding stool,317.0,0.0015481342445561768,99.1596479863257,6,685.0,1.0,Churned,Churned
silver m.o.p orbit drop earrings,316.99,0.0015480854075137617,99.16119607173322,56,0.0,0.0,Weak,Weak
jasmine tea incense in tin,316.98,0.0015480365704713468,99.16274410830368,51,455.0,1.0,Churned,Churned
blue pudding spoon,315.7,0.0015417854290422238,99.16428589373272,121,0.0,0.0,Weak,Weak
set of 4 carousel placemats,315.54,0.0015410040363635837,99.1658268977691,30,520.0,1.0,Churned,Churned
beaded crystal heart green small,315.11,0.0015389040435397378,99.16736580181264,56,3.0,0.0,Weak,Weak
pink fly swat,314.84,0.001537585443394532,99.16890338725604,99,14.0,0.0,Weak,Weak
large green peony folding stool,314.34999999999997,0.001535192428316196,99.17043857968436,6,675.0,1.0,Churned,Churned
polyester filler pad 30cmx30cm,313.75,0.0015322622057712947,99.17197084189013,51,5.0,0.0,Weak,Weak
copper/olive green flower necklace,313.75,0.0015322622057712947,99.1735031040959,34,13.0,0.0,Weak,Weak
pink/blue string curtain,313.28999999999996,0.0015300157018202035,99.17503311979772,11,18.0,0.0,Weak,Weak
polkadot mug pink,313.26,0.0015298691906929587,99.17656298898841,30,,,Weak,Weak
doily thank you card,313.24,0.001529771516608129,99.17809276050501,57,0.0,0.0,Weak,Weak
miseltoe heart wreath,312.8,0.0015276226867418678,99.17962038319175,5,,,Weak,Weak
white anemone artificial flower,312.65000000000003,0.0015268901311056425,99.18114727332285,24,354.0,1.0,Churned,Churned
ant white high rise bird box,312.5,0.0015261575754694171,99.18267343089832,4,695.0,1.0,Churned,Churned
gold/m.o.p pendant orbit necklace,312.14,0.0015243994419424762,99.18419783034027,30,0.0,0.0,Weak,Weak
pink party sunglasses,311.86,0.001523032004754856,99.18572086234502,26,16.0,0.0,Weak,Weak
oriental blue cushion cover,311.57,0.0015216157305248201,99.18724247807555,8,,,Weak,Weak
six string scandinavian heart decs,311.03000000000003,0.0015189785302344092,99.18876145660577,27,608.0,1.0,Churned,Churned
turqoise ice cream sunhat,310.83,0.0015180017893861085,99.19027945839517,21,375.0,1.0,Churned,Churned
pink gingham rose floor cushion,310.44,0.0015160971447319227,99.1917955555399,14,646.0,1.0,Churned,Churned
large pink peony folding stool,309.15,0.001509797166260385,99.19330535270616,6,685.0,1.0,Churned,Churned
large blue provencal ceramic ball,308.7,0.001507599499351709,99.19481295220551,29,3.0,0.0,Weak,Weak
vintage dog food container,308.64,0.0015073064770972189,99.1963202586826,6,,,Weak,Weak
flower windmill,308.38,0.0015060367139944283,99.1978262953966,33,464.0,1.0,Churned,Churned
round white confetti in tube,306.89,0.00149875999467459,99.19932505539127,22,2.0,0.0,Weak,Weak
measuring tape russian doll blue,306.81000000000006,0.0014983692983352704,99.2008234246896,28,0.0,0.0,Weak,Weak
crochet bear with blue stripes,306.77,0.0014981739501656098,99.20232159863977,32,697.0,1.0,Churned,Churned
set of 3 pantry wooden spoons,306.66,0.0014976367426990447,99.20381923538247,41,0.0,0.0,Weak,Weak
pair butterfly hair clips,306.64,0.0014975390686142146,99.20531677445108,51,58.0,0.0,Weak,At Risk
transparent acrylic tape dispenser,305.66,0.0014927530384575428,99.20680952748954,40,8.0,0.0,Weak,Weak
miseltoe heart wreath white,304.5,0.0014870879415374001,99.20829661543108,4,,,Weak,Weak
large glass sundae dish clear,303.96,0.001484450741246989,99.20978106617233,5,618.0,1.0,Churned,Churned
box/12 mother & chick in basket/bow,303.86,0.001483962370822839,99.21126502854315,28,621.0,1.0,Churned,Churned
s/3 flwr fairy summer candles,302.40000000000003,0.0014768321626302458,99.21274186070578,9,691.0,1.0,Churned,Churned
"flower glass garland neckl.36""black",302.29,0.0014762949551636805,99.21421815566094,16,178.0,1.0,Churned,Churned
jardin etched glass candlehldr long,301.95,0.0014746344957215695,99.21569279015667,16,586.0,1.0,Churned,Churned
blue retro kitchen wall clock,301.88,0.0014742926364246644,99.2171670827931,18,0.0,0.0,Weak,Weak
vintage bead pink jewel box,301.81,0.0014739507771277594,99.21864103357022,34,49.0,0.0,Weak,At Risk
glass chalice blue  large,301.8,0.0014739019400853443,99.22011493551031,18,609.0,1.0,Churned,Churned
smokey grey colour d.o.f. glass,301.62,0.0014730228733218738,99.22158795838364,40,2.0,0.0,Weak,Weak
smokey grey colour d.o.f. glass,301.62,0.0014730228733218738,99.22158795838364,40,716.0,1.0,Churned,Churned
wall art dog and ball,301.56,0.0014727298510673838,99.22306068823471,28,,,Weak,Weak
necklace+bracelet pink butterfly,301.28,0.001471362413879763,99.22453205064859,55,14.0,0.0,Weak,Weak
"pearl & shell 42""neckl. ivory",301.0,0.0014699949766921426,99.22600204562528,5,209.0,1.0,Churned,Churned
enamel dog bowl cream,300.48,0.0014674554504865616,99.22746950107576,3,0.0,0.0,Weak,Weak
paint your own eggs in crate,299.36,0.0014619857017360792,99.2289314867775,5,1.0,0.0,Weak,Weak
heavens scent fragrance oils asstd,299.34999999999997,0.001461936864693664,99.2303934236422,23,283.0,1.0,Churned,Churned
pink murano twist necklace,299.28,0.0014615950053967588,99.2318550186476,20,40.0,0.0,Weak,At Risk
white snow scandinavian stocking,297.62,0.0014534880563558655,99.23330850670395,67,417.0,1.0,Churned,Churned
candy stripe rose c/cover,297.5,0.001452902011846885,99.2347614087158,19,438.0,1.0,Churned,Churned
pack/12 blue folkart cards,297.48,0.0014528043377620551,99.23621421305356,53,11.0,0.0,Weak,Weak
mini ladle love heart pink,297.4,0.0014524136414227349,99.23766662669497,166,,,Weak,Weak
red retrospot washbag,296.99,0.0014504113226837191,99.23911703801765,44,,,Weak,Weak
origami opium incense/candle set,296.78999999999996,0.0014494345818354185,99.24056647259948,29,358.0,1.0,Churned,Churned
four rabbit easter decorations,296.34,0.0014472369149267424,99.24201370951441,24,233.0,1.0,Churned,Churned
rainbow pegs photo clip string,295.72,0.0014442090182970114,99.24345791853271,63,1.0,0.0,Weak,Weak
girls party bag,295.63,0.0014437694849152762,99.24490168801763,23,22.0,0.0,Weak,Weak
pink glass tassle bag charm,295.38,0.0014425485588549006,99.24634423657649,73,66.0,1.0,Churned,Churned
gold fabric mirror,295.12,0.00144127879575211,99.24778551537224,53,0.0,0.0,Weak,Weak
set 5 mini doughnut fridge magnet,295.08000000000004,0.0014410834475824502,99.24922659881983,7,662.0,1.0,Churned,Churned
dollcraft girl amelie kit,294.7,0.001439227639970679,99.25066582645981,8,0.0,0.0,Weak,Weak
crystal diamante expandable ring,293.33,0.001432536965159821,99.25209836342496,35,189.0,1.0,Churned,Churned
wake up cockerel tile coaster,293.08,0.0014313160390994457,99.25352967946407,51,8.0,0.0,Weak,Weak
buttons design jewellery box,293.02,0.0014310230168449556,99.25496070248091,32,431.0,1.0,Churned,Churned
s/4 festive red dinner candles,292.5,0.0014284834906393745,99.25638918597156,25,679.0,1.0,Churned,Churned
red kukui coconut seed necklace,292.08000000000004,0.0014264323348579437,99.25781561830641,36,0.0,0.0,Weak,Weak
white with black cats bowl,292.08,0.0014264323348579435,99.25924205064126,73,562.0,1.0,Churned,Churned
small white/pink rose art flower,292.03999999999996,0.0014262369866882834,99.26066828762795,19,88.0,1.0,Churned,Churned
set 72 cake cases vintage christmas,291.6,0.0014240881568220228,99.26209237578477,4,,,Weak,Weak
egg cup henrietta hen pink,291.58,0.0014239904827371924,99.26351636626751,37,0.0,0.0,Weak,Weak
space cadet red,290.9,0.0014206695638529709,99.26493703583137,51,18.0,0.0,Weak,Weak
pink knitted kids rucksack,290.78,0.0014200835193439907,99.26635711935072,19,597.0,1.0,Churned,Churned
silver aperitif glass,290.72,0.0014197904970895008,99.26777690984781,14,205.0,1.0,Churned,Churned
ivory hanging decoration  chicken,290.16999999999996,0.0014171044597566743,99.26919401430757,29,619.0,1.0,Churned,Churned
curio cabinet linen and lace,290.1,0.0014167626004597694,99.27061077690803,18,13.0,0.0,Weak,Weak
green wire standing candle holder,289.43,0.0014134905186179631,99.27202426742664,36,8.0,0.0,Weak,Weak
cordial glass jug,288.88,0.0014108044812851368,99.27343507190793,16,14.0,0.0,Weak,Weak
geisha girl chopsticks set/5,288.35,0.0014082161180371407,99.27484328802596,22,716.0,1.0,Churned,Churned
paper lantern 5 point sequin star,287.5,0.0014040649694318638,99.2762473529954,21,15.0,0.0,Weak,Weak
pink poodle hanging decoration,287.47,0.001403918458304619,99.2776512714537,60,352.0,1.0,Churned,Churned
funky girlz asst magnetic memo pad,287.01,0.0014016719543535276,99.27905294340806,37,391.0,1.0,Churned,Churned
goldie looking mirror,286.42,0.0013987905688510416,99.28045173397692,25,15.0,0.0,Weak,Weak
icon mug revolutionary,284.49,0.0013893650196649425,99.28184109899658,81,3.0,0.0,Weak,Weak
amethyst diamante expandable ring,284.43,0.0013890719974104524,99.28323017099399,34,0.0,0.0,Weak,Weak
pack of 12 christmas fun cards,283.79,0.001385946426695891,99.28461611742068,37,,,Weak,Weak
heart shape button frame,283.49,0.0013844813154234403,99.28600059873611,28,686.0,1.0,Churned,Churned
36 pencils tube posy,282.31,0.0013787185444184677,99.28737931728053,58,122.0,1.0,Churned,Churned
mini jigsaw fido,282.24,0.0013783766851215627,99.28875769396565,10,0.0,0.0,Weak,Weak
wire flower t-light holder,281.33,0.0013739325142617955,99.2901316264799,44,266.0,1.0,Churned,Churned
teatime push down rubber,281.32,0.0013738836772193804,99.29150551015712,35,182.0,1.0,Churned,Churned
pearlised ivory heart small,281.17,0.0013731511215831552,99.2928786612787,29,3.0,0.0,Weak,Weak
pink rosebud & pearl necklace,280.71,0.001370904617632064,99.29424956589634,24,0.0,0.0,Weak,Weak
english rose small scented flower,279.88,0.0013668511431116175,99.29561641703945,69,1.0,0.0,Weak,Weak
blue circles design teddy,279.82,0.0013665581208571274,99.29698297516032,43,21.0,0.0,Weak,Weak
dark chocolate scentcandle,279.08,0.0013629441797184158,99.29834591934004,23,681.0,1.0,Churned,Churned
blck new baroque candlestick candle,279.0,0.0013625534833790955,99.29970847282341,17,625.0,1.0,Churned,Churned
vintage gold tinsel reel,279.0,0.0013625534833790955,99.30107102630679,67,383.0,1.0,Churned,Churned
summer butterflies bag charm,278.96,0.0013623581352094354,99.302433384442,60,190.0,1.0,Churned,Churned
hen party cordon barrier tape,278.89,0.0013620162759125302,99.30379540071792,49,14.0,0.0,Weak,Weak
set/3 rabbits flower skippping rope,278.72999999999996,0.00136123488323389,99.30515663560115,64,29.0,0.0,Weak,Weak
mirrored wall art gents,278.47999999999996,0.0013600139571735145,99.30651664955832,60,3.0,0.0,Weak,Weak
psychedelic tile coaster,277.9,0.0013571814087134431,99.30787383096703,42,2.0,0.0,Weak,Weak
decorative vintage coffee  box,277.0,0.0013527860748960914,99.30922661704192,22,,,Weak,Weak
ass col circle mobile,276.96,0.0013525907267264313,99.31057920776864,15,1.0,0.0,Weak,Weak
fine silver necklace w pastel flowe,276.49,0.0013502953857329253,99.31192950315437,19,1.0,0.0,Weak,Weak
number tile vintage font no,276.42,0.00134995352643602,99.31327945668082,36,,,Weak,Weak
green kashmiri boxed mirror,276.0,0.0013479023706545893,99.31462735905147,2,401.0,1.0,Churned,Churned
sunjar led night night light,275.96,0.001347707022484929,99.31597506607396,14,353.0,1.0,Churned,Churned
zinc wire sweetheart letter tray,275.62,0.0013460465630428184,99.317321112637,23,2.0,0.0,Weak,Weak
crystal stiletto phone charm,275.53,0.001345607029661083,99.31866671966667,29,6.0,0.0,Weak,Weak
set/6 posies paper plates,274.57,0.0013409186735892412,99.32000763834026,40,175.0,1.0,Churned,Churned
psychedelic metal sign calendar,274.55,0.0013408209995044113,99.32134845933976,10,132.0,1.0,Churned,Churned
white honeycomb paper fan,274.37,0.0013399419327409408,99.3226884012725,22,610.0,1.0,Churned,Churned
asstd col butterfly/crystal w/chime,273.93,0.0013377931028746798,99.32402619437538,25,2.0,0.0,Weak,Weak
pink crystal+glass bracelet,273.89,0.0013375977547050197,99.32536379213008,31,23.0,0.0,Weak,Weak
psychedelic tile hook,273.32,0.0013348140432873634,99.32669860617337,62,2.0,0.0,Weak,Weak
triple wire hook pink heart,272.91,0.0013328117245483477,99.32803141789792,25,0.0,0.0,Weak,Weak
la palmiera metal sign calendar,272.61,0.001331346613275897,99.32936276451119,15,393.0,1.0,Churned,Churned
jumbo bag vintage doiley,272.57,0.001331151265106237,99.3306939157763,7,,,Weak,Weak
lilac flower block table lamp,272.45,0.0013305652205972565,99.33202448099689,19,486.0,1.0,Churned,Churned
blue victorian fabric heart box,272.45,0.0013305652205972565,99.33335504621749,50,643.0,1.0,Churned,Churned
black flower candle plate,272.16999999999996,0.0013291977834096358,99.3346842440009,41,339.0,1.0,Churned,Churned
black diamante expandable ring,271.96,0.0013281722055189205,99.33601241620642,32,38.0,0.0,Weak,At Risk
ivory shell heart necklace,271.88,0.0013277815091796005,99.33734019771559,24,44.0,0.0,Weak,At Risk
silver/black orbit necklace,271.33,0.0013250954718467742,99.33866529318743,18,11.0,0.0,Weak,Weak
assorted colour metal cat,271.1,0.001323972219871229,99.3399892654073,38,4.0,0.0,Weak,Weak
woodland small blue felt heart,270.96000000000004,0.0013232885012774186,99.34131255390858,37,1.0,0.0,Weak,Weak
square floor cushion vintage pink,270.47,0.0013208954861990824,99.34263344939478,14,0.0,0.0,Weak,Weak
blue  voile lampshade,269.90000000000003,0.0013181117747814264,99.34395156116956,14,32.0,0.0,Weak,At Risk
hanging heart basket,269.44000000000005,0.0013158652708303356,99.34526742644039,17,267.0,1.0,Churned,Churned
turquoise crystal+glass bracelet,269.1,0.0013142048113882246,99.34658163125178,30,6.0,0.0,Weak,Weak
black box mirror lantern,268.75,0.0013124955149036988,99.34789412676669,10,409.0,1.0,Churned,Churned
gold teddy bear,268.5,0.0013112745888433234,99.34920540135553,30,218.0,1.0,Churned,Churned
mirrored wall art table lamp,267.01,0.001303997869523485,99.35050939922506,50,10.0,0.0,Weak,Weak
tumbler baroque,266.19,0.0012999932320454533,99.35180939245711,40,,,Weak,Weak
"garland, vintage bells",265.88,0.0012984792837305876,99.35310787174085,10,0.0,0.0,Weak,Weak
50cm metal string with  7 clips,265.4,0.0012961351056946665,99.35440400684654,44,9.0,0.0,Weak,Weak
woodland large red felt heart,264.72,0.0012928141868104454,99.35569682103335,22,8.0,0.0,Weak,Weak
frosted white base,264.64,0.0012924234904711249,99.35698924452382,53,6.0,0.0,Weak,Weak
frosted white base,264.64,0.0012924234904711249,99.35698924452382,53,1.0,0.0,Weak,Weak
set of 6 dots chopsticks,263.63,0.0012874909491872079,99.358276735473,18,616.0,1.0,Churned,Churned
riviera necklace,263.28000000000003,0.0012857816527026822,99.3595625171257,24,10.0,0.0,Weak,Weak
purple glass tassle bag charm,263.14,0.0012850979341088717,99.36084761505981,59,15.0,0.0,Weak,Weak
pink b'fly c/cover w bobbles,262.62,0.0012825584079032906,99.36213017346772,16,200.0,1.0,Churned,Churned
pink candystuft artificial flower,261.90999999999997,0.001279090977891824,99.36340926444561,20,1.0,0.0,Weak,Weak
gymkhanna treasure book box,261.84000000000003,0.001278749118594919,99.3646880135642,14,0.0,0.0,Weak,Weak
vintage blue tinsel reel,261.66,0.0012778700518314486,99.36596588361604,49,371.0,1.0,Churned,Churned
blue pillar candle silver flock,260.67,0.0012730351846323615,99.36723891880068,18,435.0,1.0,Churned,Churned
75 black petit four cases,260.65,0.0012729375105475314,99.36851185631123,99,122.0,1.0,Churned,Churned
75 black petit four cases,260.65,0.0012729375105475314,99.36851185631123,99,591.0,1.0,Churned,Churned
assorted circular mobile,260.39,0.0012716677474447408,99.36978352405868,56,0.0,0.0,Weak,Weak
retro brown ball ashtray,259.37,0.0012666863691184087,99.3710502104278,27,173.0,1.0,Churned,Churned
three canvas luggage tags,259.09,0.001265318931930788,99.37231552935972,49,3.0,0.0,Weak,Weak
doorknob cracked glaze ivory,258.3,0.0012614608055800014,99.3735769901653,5,,,Weak,Weak
blue new baroque flock candlestick,258.06,0.001260288716562041,99.37483727888187,12,366.0,1.0,Churned,Churned
"pearl & shell 42""neckl. green",257.55,0.001257798027398875,99.37609507690927,16,239.0,1.0,Churned,Churned
pink bitty light chain,257.15,0.0012558445457022738,99.37735092145496,40,0.0,0.0,Weak,Weak
big pink poodle,257.1,0.001255600360490199,99.37860652181546,6,682.0,1.0,Churned,Churned
murano style glass bracelet black,255.97,0.0012500817746973014,99.37985660359016,36,216.0,1.0,Churned,Churned
number tile cottage garden 2,254.56,0.0012431957517167833,99.38109979934187,43,,,Weak,Weak
porcelain budah incense holder,254.51000000000002,0.0012429515665047085,99.38234275090838,55,0.0,0.0,Weak,Weak
hearts wrapping tape,254.41000000000003,0.0012424631960805581,99.38358521410446,63,252.0,1.0,Churned,Churned
number tile cottage garden 1,253.94,0.001240167855087052,99.38482538195954,46,,,Weak,Weak
12 pink hen+chicks in basket,253.79,0.0012394352994508269,99.386064817259,40,232.0,1.0,Churned,Churned
dotcomgiftshop gift voucher £50.00,253.59,0.0012384585586025264,99.3873032758176,6,161.0,1.0,Churned,Churned
vintage design gift tags,252.45,0.001232891135767214,99.38853616695337,29,435.0,1.0,Churned,Churned
dark pink flock glass candleholder,252.29,0.0012321097430885736,99.38976827669646,13,647.0,1.0,Churned,Churned
space cadet white,252.16,0.0012314748615371784,99.390999751558,50,9.0,0.0,Weak,Weak
mirrored wall art foxy,251.97,0.001230546957731293,99.39223029851573,22,1.0,0.0,Weak,Weak
pair of enamel flower cluster slide,251.59,0.0012286911501195221,99.39345898966585,30,0.0,0.0,Weak,Weak
antique ivory wire bowl small,251.45,0.0012280074315257118,99.39468699709737,21,9.0,0.0,Weak,Weak
boys party bag,251.35,0.0012275190611015616,99.39591451615847,21,7.0,0.0,Weak,Weak
lily brooch olive colour,250.47,0.0012232214013690396,99.39713773755985,36,1.0,0.0,Weak,Weak
vintage enamel & crystal earrings,250.34,0.0012225865198176446,99.39836032407966,34,1.0,0.0,Weak,Weak
green easter egg hunt start post,249.64999999999998,0.001219216763891008,99.39957954084355,27,261.0,1.0,Churned,Churned
daisy hair band,249.58,0.001218874904594103,99.40079841574814,73,0.0,0.0,Weak,Weak
crystal sea horse phone charm,249.55999999999997,0.0012187772305092726,99.40201719297865,53,0.0,0.0,Weak,Weak
"card, gingham rose",249.44,0.0012181911860002926,99.40323538416465,47,0.0,0.0,Weak,Weak
pack 3 boxes christmas panettone,248.48,0.0012135028299284504,99.40444888699457,24,,,Weak,Weak
"round snack boxes ,set 4, fruits",247.8,0.001210181911044229,99.40565906890562,5,0.0,0.0,Weak,Weak
classic sugar dispenser,247.32,0.001207837733008308,99.40686690663863,12,0.0,0.0,Weak,Weak
blue gingham rose floor cushion,247.26,0.0012075447107538178,99.40807445134938,15,595.0,1.0,Churned,Churned
"flower glass garland neckl.36""blue",246.83,0.001205444717929972,99.4092798960673,15,6.0,0.0,Weak,Weak
"bathroom scales, tropical beach",246.58,0.0012042237918695965,99.41048411985918,34,25.0,0.0,Weak,Weak
ass floral print spirit level,246.12,0.0012019772879185054,99.4116860971471,60,2.0,0.0,Weak,Weak
roses blue base cushion cover,246.03,0.0012015377545367702,99.41288763490164,33,498.0,1.0,Churned,Churned
pink owl decoration,244.8,0.0011955307983197226,99.41408316569995,1,,,Weak,Weak
blue owl decoration,244.8,0.0011955307983197226,99.41527869649826,1,,,Weak,Weak
new baroque large necklace blk/whit,244.79,0.0011954819612773075,99.41647417845954,24,36.0,0.0,Weak,At Risk
necklace+bracelet set blue blossom,243.60999999999999,0.0011897191902723349,99.41766389764982,49,25.0,0.0,Weak,Weak
green glass tassle bag charm,243.38,0.0011885959382967896,99.41885249358812,51,1.0,0.0,Weak,Weak
metalic leaves bag charms,243.07,0.001187081989981924,99.4200395755781,42,0.0,0.0,Weak,Weak
lily brooch amethyst colour,242.8,0.0011857633898367185,99.42122533896794,24,1.0,0.0,Weak,Weak
purple gemstone necklace 45cm,242.25,0.0011830773525038922,99.42240841632045,11,10.0,0.0,Weak,Weak
woodland small pink felt heart,242.18,0.001182735493206987,99.42359115181365,31,1.0,0.0,Weak,Weak
"acrylic jewel icicle, pink",242.15,0.001182588982079742,99.42477374079573,25,3.0,0.0,Weak,Weak
black gemstone necklace 45cm,241.98,0.0011817587523586864,99.42595549954808,14,29.0,0.0,Weak,Weak
"wrap, carousel",241.5,0.0011794145743227657,99.4271349141224,22,7.0,0.0,Weak,Weak
zinc wire kitchen organiser,239.97,0.0011719425068332674,99.42830685662923,16,0.0,0.0,Weak,Weak
oriental red cushion cover,239.8,0.0011711122771122118,99.42947796890634,10,,,Weak,Weak
rustic strawberry jampot large,238.56,0.0011650564838527494,99.4306430253902,6,3.0,0.0,Weak,Weak
doorknob cracked glaze blue,238.5,0.001164763461598259,99.4318077888518,3,,,Weak,Weak
pin cushion russian doll blue,238.06,0.001162614631731998,99.43297040348354,23,0.0,0.0,Weak,Weak
white 3 frame birds and tree,237.8,0.0011613448686292078,99.43413174835217,13,136.0,1.0,Churned,Churned
pop's greasy spoon metal sign,237.73000000000002,0.0011610030093323026,99.4352927513615,42,658.0,1.0,Churned,Churned
number tile vintage font 3,237.72,0.0011609541722898875,99.4364537055338,49,3.0,0.0,Weak,Weak
teal/fuschia col bead necklace,236.46,0.0011548007049455948,99.43760850623875,36,6.0,0.0,Weak,Weak
multicolour feathers curtain,236.40000000000003,0.001154507682691105,99.43876301392143,3,661.0,1.0,Churned,Churned
large glass rose scented candle,236.33,0.0011541658233941996,99.43991717974482,3,599.0,1.0,Churned,Churned
sweet valencia candle+cup,235.9,0.0011520658305703537,99.44106924557539,47,646.0,1.0,Churned,Churned
purple acrylic faceted bangle,235.73000000000002,0.0011512356008492983,99.44222048117624,23,28.0,0.0,Weak,Weak
snack tray happy forest,234.92,0.0011472798004136815,99.44336776097666,25,1.0,0.0,Weak,Weak
pink patch purse blue heart,234.29999999999998,0.00114425190378395,99.44451201288044,47,450.0,1.0,Churned,Churned
pink mini tape measure,233.5,0.0011403449403907485,99.44565235782083,19,634.0,1.0,Churned,Churned
"folk art greeting card,pack/12",233.48000000000002,0.0011402472663059186,99.44679260508714,28,53.0,0.0,Weak,At Risk
amber diamante expandable ring,233.29,0.001139319362500033,99.44793192444963,26,22.0,0.0,Weak,Weak
english rose mug in gift box,232.89,0.0011373658808034321,99.44906929033044,10,549.0,1.0,Churned,Churned
t-light holder silver petit four,232.42000000000002,0.0011350705398099263,99.45020436087025,16,3.0,0.0,Weak,Weak
flower pencil/rubber+5 mini pencils,232.35,0.001134728680513021,99.45133908955076,35,546.0,1.0,Churned,Churned
set/6 black snowflake t-lights,232.08,0.0011334100803678155,99.45247249963113,54,386.0,1.0,Churned,Churned
clear acrylic faceted bangle,232.04000000000002,0.0011332147321981554,99.45360571436332,24,0.0,0.0,Weak,Weak
pink bunny easter egg basket,231.9,0.001132531013604345,99.45473824537693,4,1.0,0.0,Weak,Weak
number tile cottage garden no,231.54,0.0011307728800774041,99.455869018257,40,,,Weak,Weak
amethyst glass/shell/pearl necklace,231.27,0.001129454279932199,99.45699847253694,24,0.0,0.0,Weak,Weak
beige photo album,230.59,0.0011261333610479772,99.45812460589799,12,582.0,1.0,Churned,Churned
"biscuit tin, red,ivory, vintage",230.55,0.0011259380128783173,99.45925054391087,7,,,Weak,Weak
pocket mirror woodland,230.55,0.0011259380128783173,99.46037648192375,37,14.0,0.0,Weak,Weak
pink rosebud pearl bracelet,230.39,0.0011251566201996768,99.46150163854395,25,6.0,0.0,Weak,Weak
blue bunny easter egg basket,230.25,0.0011244729016058666,99.46262611144556,3,1.0,0.0,Weak,Weak
new england ceramic cake server,229.57,0.001121151982721645,99.46374726342827,46,471.0,1.0,Churned,Churned
jade crystal+glass bracelet,228.99,0.001118319434261574,99.46486558286253,26,98.0,1.0,Churned,Churned
assorted tutti frutti keyring,228.64999999999998,0.001116658974819463,99.46598224183735,15,645.0,1.0,Churned,Churned
5 strand glass necklace amethyst,228.61,0.001116463626649803,99.467098705464,31,6.0,0.0,Weak,Weak
pink crystal heart phone charm,227.72,0.0011121171298748662,99.46821082259387,22,378.0,1.0,Churned,Churned
enamel blue rim tea container,227.54,0.0011112380631113957,99.46932206065699,33,241.0,1.0,Churned,Churned
silver blue egg t-light holder,227.48,0.0011109450408569057,99.47043300569786,13,691.0,1.0,Churned,Churned
blue spotty beaker,227.44,0.0011107496926872455,99.47154375539054,23,35.0,0.0,Weak,At Risk
pink flock photo frame,227.33,0.0011102124852206804,99.47265396787576,8,219.0,1.0,Churned,Churned
s/4 rose pink dinner candles,227.11,0.0011091380702875498,99.47376310594605,38,0.0,0.0,Weak,Weak
s/4 rose pink dinner candles,227.11,0.0011091380702875498,99.47376310594605,38,2.0,0.0,Weak,Weak
childrens apron dolly girl,226.81,0.0011076729590150994,99.47487077890506,17,0.0,0.0,Weak,Weak
f.fairy s/3 candle/glass,226.5,0.0011061590107002335,99.47597693791576,11,680.0,1.0,Churned,Churned
travel card wallet vintage rose,226.2,0.001104693899427783,99.47708163181518,53,180.0,1.0,Churned,Churned
crystal pair heart hair slides,226.17,0.0011045473883005378,99.47818617920348,32,9.0,0.0,Weak,Weak
resin necklace w pastel beads,226.16,0.001104498551258123,99.47929067775473,21,0.0,0.0,Weak,Weak
dotty placemats,226.07000000000002,0.0011040590178763878,99.48039473677261,14,3.0,0.0,Weak,Weak
dotty placemats,226.07000000000002,0.0011040590178763878,99.48039473677261,14,4.0,0.0,Weak,Weak
this is a test product.,226.0,0.0011037171585794824,99.4814984539312,10,606.0,1.0,Churned,Churned
this is a test product.,226.0,0.0011037171585794824,99.4814984539312,10,721.0,1.0,Churned,Churned
pink kashmiri boxed mirror,225.95,0.0011034729733674074,99.48260192690456,4,401.0,1.0,Churned,Churned
s/4 sky blue dinner candles,225.89,0.001103179951112917,99.48370510685568,42,0.0,0.0,Weak,Weak
s/4 sky blue dinner candles,225.89,0.001103179951112917,99.48370510685568,42,1.0,0.0,Weak,Weak
fruit salad bag charm,225.51999999999998,0.0011013729805435613,99.48480647983622,63,0.0,0.0,Weak,Weak
mirrored wall art splodges,225.36,0.0011005915878649212,99.4859070714241,22,4.0,0.0,Weak,Weak
flowers tile hook,224.31,0.001095463698411344,99.4870025351225,29,144.0,1.0,Churned,Churned
blackchristmas tree 30cm,224.1,0.0010944381205206283,99.48809697324302,7,368.0,1.0,Churned,Churned
purple bertie glass bead bag charm,223.74,0.0010926799869936876,99.48918965323001,36,148.0,1.0,Churned,Churned
large zinc glass candleholder,223.23,0.0010901892978305216,99.49027984252784,22,,,Weak,Weak
dragons blood incense,222.75,0.0010878451197946007,99.49136768764764,70,0.0,0.0,Weak,Weak
carousel des child's apron,221.57,0.0010820823487896279,99.49244976999643,58,471.0,1.0,Churned,Churned
origami lavender incense+flower,221.4,0.0010812521190685727,99.49353102211549,2,723.0,1.0,Churned,Churned
"candle in jar collage , vanilla",221.08,0.001079689333711292,99.4946107114492,20,636.0,1.0,Churned,Churned
daisy erasers in bag,221.06,0.001079591659626462,99.49569030310883,15,717.0,1.0,Churned,Churned
origami jasmine incense in tube,221.03,0.0010794451484992169,99.49676974825734,3,723.0,1.0,Churned,Churned
4 gold flock christmas balls,220.66,0.001077638177929861,99.49784738643527,34,368.0,1.0,Churned,Churned
pink retro big flower bag,220.35,0.0010761242296149953,99.49892351066488,24,168.0,1.0,Churned,Churned
green murano twist necklace,220.20999999999998,0.001075440511021185,99.4999989511759,16,35.0,0.0,Weak,At Risk
vanilla scent cake candle,219.45999999999998,0.0010717777328400585,99.50107072890874,11,575.0,1.0,Churned,Churned
white baroque carriage clock,218.89999999999998,0.0010690428584648173,99.5021397717672,15,542.0,1.0,Churned,Churned
crystal stud earrings clear display,218.88,0.0010689451843799872,99.50320871695159,13,25.0,0.0,Weak,Weak
vintage cat food container,218.14,0.0010653312432412757,99.50427404819483,5,,,Weak,Weak
s/4 black lovebird coasters,217.81,0.00106371962084158,99.50533776781567,32,1.0,0.0,Weak,Weak
s/4 black lovebird coasters,217.81,0.00106371962084158,99.50533776781567,32,643.0,1.0,Churned,Churned
cardholder gingham heart,216.9,0.001059275449981813,99.50639704326565,2,0.0,0.0,Weak,Weak
jade green enamel hair comb,216.87,0.001059128938854568,99.5074561722045,57,225.0,1.0,Churned,Churned
freestyle canvas art picture,216.5,0.0010573219682852122,99.50851349417279,29,77.0,1.0,Churned,Churned
s/3 puppies christmas decorations,216.33,0.001056491738564157,99.50956998591136,15,716.0,1.0,Churned,Churned
set 8 candles vintage doiley,216.29999999999998,0.0010563452274369117,99.5106263311388,7,1.0,0.0,Weak,Weak
yellow red flower piggy bank,216.07,0.0010552219754613663,99.51168155311426,11,716.0,1.0,Churned,Churned
red poppy artificial flower,215.93,0.0010545382568675561,99.51273609137112,7,574.0,1.0,Churned,Churned
flower garland necklace red,215.76000000000002,0.0010537080271465007,99.51378979939827,20,125.0,1.0,Churned,Churned
butterfly water transfer tattoos,215.0,0.001049996411922959,99.51483979581019,24,717.0,1.0,Churned,Churned
mini hand warmer babushka design,214.8,0.0010490196710746587,99.51588881548126,5,,,Weak,Weak
s/2 beach hut stools,214.65,0.0010482871154384333,99.5169371025967,14,480.0,1.0,Churned,Churned
door mat sweet home,214.47,0.0010474080486749628,99.51798451064538,11,722.0,1.0,Churned,Churned
pink heart of glass bracelet,214.07,0.001045454566978362,99.51902996521235,19,59.0,0.0,Weak,At Risk
"feather duster, coal black",213.75,0.0010438917816210814,99.52007385699397,27,651.0,1.0,Churned,Churned
"letter ""a"" bling key ring",213.65,0.0010434034111969311,99.52111726040518,104,0.0,0.0,Weak,Weak
silver black orbit bracelet,213.38,0.0010420848110517255,99.52215934521622,34,1.0,0.0,Weak,Weak
red pudding spoon,213.07,0.00104057086273686,99.52319991607897,91,0.0,0.0,Weak,Weak
number tile vintage font 1,212.91,0.0010397894700582195,99.52423970554902,36,,,Weak,Weak
cream climbing hydranga art flower,212.85,0.0010394964478037294,99.52527920199682,8,3.0,0.0,Weak,Weak
pink tv tray table,212.42,0.0010373964549798835,99.5263165984518,19,424.0,1.0,Churned,Churned
pack/12 blue reindeer card,212.40000000000003,0.0010372987808950536,99.5273538972327,22,375.0,1.0,Churned,Churned
new baroque b'fly necklace red,212.24,0.001036517388216413,99.52839041462092,22,3.0,0.0,Weak,Weak
"acrylic jewel snowflake,pink",212.14,0.0010360290177922628,99.52942644363871,10,119.0,1.0,Churned,Churned
scotties design baby bib,212.06,0.0010356383214529428,99.53046208196017,52,1.0,0.0,Weak,Weak
mirrored wall art ladies,212.04,0.0010355406473681126,99.53149762260753,47,4.0,0.0,Weak,Weak
la palmiera tile hook,211.29,0.0010318778691869861,99.53252950047671,28,136.0,1.0,Churned,Churned
gold aperitif glass,209.36,0.001022452320000887,99.53355195279671,8,232.0,1.0,Churned,Churned
silver finch decoration,208.89000000000001,0.0010201569790073812,99.53457210977572,13,652.0,1.0,Churned,Churned
red peony table clock,208.3,0.0010172755935048947,99.53558938536924,17,11.0,0.0,Weak,Weak
english rose scented hanging heart,208.25,0.0010170314082928195,99.53660641677753,27,205.0,1.0,Churned,Churned
jet black las vegas necklace 45cm,208.21,0.0010168360601231596,99.53762325283765,26,36.0,0.0,Weak,At Risk
chunky cracked glaze necklace ivory,207.94,0.0010155174599779538,99.53863877029762,14,2.0,0.0,Weak,Weak
silver/m.o.p pendant orbit necklace,207.86,0.0010151267636386338,99.53965389706126,16,44.0,0.0,Weak,At Risk
english rose tea set in gift box,207.69,0.0010142965339175784,99.54066819359518,15,654.0,1.0,Churned,Churned
grey acrylic faceted bangle,207.34,0.0010125872374330527,99.5416807808326,21,0.0,0.0,Weak,Weak
murano style glass bracelet red,207.05,0.0010111709632030172,99.54269195179582,34,277.0,1.0,Churned,Churned
fuschia flower purse with beads,206.26,0.0010073128368522303,99.54369926463266,23,123.0,1.0,Churned,Churned
origami rose incense cones,204.36,0.0009980337987933764,99.54469729843146,8,476.0,1.0,Churned,Churned
amethyst hoop earring floral leaf,203.73000000000002,0.0009949570651212301,99.54569225549658,33,9.0,0.0,Weak,Weak
set/12 zinc christmas decorations,203.73000000000002,0.0009949570651212301,99.5466872125617,16,,,Weak,Weak
"hanging flowers+mirror,blue",203.24,0.0009925640500428941,99.54767977661173,6,574.0,1.0,Churned,Churned
small glass rose scented candle,202.62,0.0009895361534131627,99.54866931276514,4,599.0,1.0,Churned,Churned
number tile cottage garden 4,202.1,0.0009869966272075814,99.54965630939235,37,,,Weak,Weak
number tile vintage font 2,201.45999999999998,0.00098387105649302,99.55064018044884,35,,,Weak,Weak
cherry blossom canvas art picture,201.3,0.0009830896638143797,99.55162327011266,12,122.0,1.0,Churned,Churned
flower fairy potpourri cushion lily,201.24,0.0009827966415598896,99.55260606675422,5,653.0,1.0,Churned,Churned
pink teatime print bowl,201.0,0.000981624552541929,99.55358769130676,36,643.0,1.0,Churned,Churned
number tile vintage font 5,199.9,0.0009762524778762769,99.55456394378463,38,9.0,0.0,Weak,Weak
silver drop earrings with flower,199.45,0.0009740548109676007,99.5555379985956,33,10.0,0.0,Weak,Weak
raspberry ant copper flower necklac,198.98000000000002,0.0009717594699740948,99.55650975806557,21,22.0,0.0,Weak,Weak
set of 72 black paper doilies,197.94,0.0009666804175629325,99.55747643848314,25,641.0,1.0,Churned,Churned
set of 72 black paper doilies,197.94,0.0009666804175629325,99.55747643848314,25,561.0,1.0,Churned,Churned
72 round pink doilies,197.89999999999998,0.0009664850693932724,99.55844292355253,22,670.0,1.0,Churned,Churned
blokey silver tool set,196.70000000000002,0.00096062462430347,99.55940354817683,15,516.0,1.0,Churned,Churned
english rose torch,196.46,0.0009594525352855095,99.56036300071212,14,662.0,1.0,Churned,Churned
"bread bin, diner style, mint",196.35,0.0009589153278189442,99.56132191603993,4,50.0,0.0,Weak,At Risk
number tile vintage font 4,195.69,0.0009556920830195528,99.56227760812295,33,3.0,0.0,Weak,Weak
new baroque small necklace black,195.14,0.0009530060456867265,99.56323061416865,12,101.0,1.0,Churned,Churned
"round snack boxes ,set4, woodland",194.70000000000002,0.0009508572158204657,99.56418147138447,3,0.0,0.0,Weak,Weak
a pretty thank you card,194.58,0.0009502711713114854,99.56513174255578,35,0.0,0.0,Weak,Weak
hanging metal chicken decoration,193.52,0.0009450944448154932,99.5660768370006,34,,,Weak,Weak
kings choice small tube matches,193.04999999999998,0.0009427991038219871,99.56701963610442,16,656.0,1.0,Churned,Churned
number tile vintage font 6,192.89999999999998,0.0009420665481857616,99.56796170265261,34,0.0,0.0,Weak,Weak
"acrylic hanging jewel,blue",192.3,0.0009391363256408607,99.56890083897825,32,8.0,0.0,Weak,Weak
"flower glass garld neckl36""turquois",192.17000000000002,0.0009385014440894653,99.56983934042233,15,261.0,1.0,Churned,Churned
yellow purple daisy felt purse kit,192.17,0.0009385014440894651,99.57077784186642,53,378.0,1.0,Churned,Churned
midnight blue pair heart hair slide,191.54,0.0009354247104173189,99.57171326657684,35,0.0,0.0,Weak,Weak
purple chunky glass+bead necklace,191.40999999999997,0.0009347898288659235,99.5726480564057,11,356.0,1.0,Churned,Churned
icon placemat pop art elvis,190.89000000000001,0.0009322503026603426,99.57358030670835,43,10.0,0.0,Weak,Weak
icon placemat pop art elvis,190.89000000000001,0.0009322503026603426,99.57358030670835,43,43.0,0.0,Weak,At Risk
bag of silver stones,190.89,0.0009322503026603426,99.574512557011,54,239.0,1.0,Churned,Churned
"cake tin, round, vintage mint,ivory",190.65,0.0009310782136423821,99.57544363522464,4,,,Weak,Weak
new england milk jug w gift box,190.4,0.0009298572875820065,99.57637349251223,26,471.0,1.0,Churned,Churned
orange cocktail glass lamp,190.16,0.000928685198564046,99.57730217771079,18,640.0,1.0,Churned,Churned
pink square table clock,189.87,0.0009272689243340105,99.57822944663512,27,2.0,0.0,Weak,Weak
pink square table clock,189.87,0.0009272689243340105,99.57822944663512,27,380.0,1.0,Churned,Churned
fairy cakes tile coaster,189.6,0.0009259503241888047,99.57915539695931,31,490.0,1.0,Churned,Churned
donkey tail game,189.54000000000002,0.0009256573019343148,99.58008105426124,4,,,Weak,Weak
pink allium  artificial flower,189.28,0.0009243875388315241,99.58100544180007,17,298.0,1.0,Churned,Churned
set of 4 polkadots coasters,189.1,0.0009235084720680537,99.58192895027214,48,3.0,0.0,Weak,Weak
set of 4 polkadots coasters,189.1,0.0009235084720680537,99.58192895027214,48,4.0,0.0,Weak,Weak
plantpot single hook pistachio,188.95000000000002,0.0009227759164318285,99.58285172618858,4,695.0,1.0,Churned,Churned
s/6 sew on crochet flowers,188.77,0.0009218968496683581,99.58377362303825,31,23.0,0.0,Weak,Weak
fairy cakes table clock,188.73,0.0009217015014986979,99.58469532453975,9,665.0,1.0,Churned,Churned
cote d'azure necklace,188.58,0.0009209689458624726,99.58561629348561,20,29.0,0.0,Weak,Weak
doorstop russian doll gingham,188.22,0.0009192108123355319,99.58653550429796,28,0.0,0.0,Weak,Weak
turq stone/crystal earrings,188.09,0.0009185759307841365,99.58745408022874,49,0.0,0.0,Weak,Weak
necklace+bracelet set fruit salad,187.62,0.0009162805897906305,99.58837036081853,38,3.0,0.0,Weak,Weak
red   acrylic faceted bangle,186.56,0.0009111038632946383,99.58928146468182,14,0.0,0.0,Weak,Weak
ant white iron basket,186.35000000000002,0.000910078285403923,99.59019154296722,15,647.0,1.0,Churned,Churned
metal rabbit ladder easter,186.16,0.0009091503815980375,99.59110069334882,44,50.0,0.0,Weak,At Risk
popart col ballpoint pen asst,185.73,0.0009070503887741915,99.5920077437376,10,388.0,1.0,Churned,Churned
pink round compact mirror,185.66,0.0009067085294772863,99.59291445226707,17,178.0,1.0,Churned,Churned
green floral feltcraft shoulder bag,185.11,0.0009040224921444603,99.59381847475922,19,696.0,1.0,Churned,Churned
gift bag large vintage christmas,185.0,0.000903485284677895,99.5947219600439,9,1.0,0.0,Weak,Weak
pink/flower rabbit egg warmer,184.76,0.0009023131956599344,99.59562427323957,24,262.0,1.0,Churned,Churned
chambre hook,184.68,0.0009019224993206144,99.59652619573889,25,0.0,0.0,Weak,Weak
porcelain hanging bell small,184.61,0.0009015806400237092,99.59742777637891,15,375.0,1.0,Churned,Churned
s/6 multicolour ornamenetal candle,184.4,0.0009005550621329937,99.59832833144104,20,436.0,1.0,Churned,Churned
leopard print hot water bottle,183.98000000000002,0.000898503906351563,99.5992268353474,15,668.0,1.0,Churned,Churned
pink bertie glass bead bag charm,183.97,0.0008984550693091477,99.6001252904167,18,148.0,1.0,Churned,Churned
red glass tassle bag charm,183.26000000000002,0.0008949876392976814,99.601020278056,41,1.0,0.0,Weak,Weak
dairy maid ceramic toastrack,183.06000000000003,0.0008940108984493809,99.60191428895445,19,0.0,0.0,Weak,Weak
crystal frog phone charm,182.79,0.0008926922983041752,99.60280698125275,46,0.0,0.0,Weak,Weak
bird box christmas tree decoration,182.71,0.0008923016019648552,99.60369928285472,42,356.0,1.0,Churned,Churned
lavender incense 40 cones in tin,182.65,0.000892008579710365,99.60459129143443,26,15.0,0.0,Weak,Weak
small blue provencal ceramic ball,182.16,0.0008896155646320289,99.60548090699906,22,29.0,0.0,Weak,Weak
party pizza dish pink retrospot,181.54999999999998,0.0008866365050447125,99.6063675435041,24,,,Weak,Weak
blue cherry blossom cup & saucer,181.5,0.0008863923198326374,99.60725393582393,3,625.0,1.0,Churned,Churned
mini jigsaw bunnies at home,181.44,0.0008860992975781475,99.60814003512151,9,,,Weak,Weak
"letter ""s"" bling key ring",181.34,0.0008856109271539971,99.60902564604866,86,0.0,0.0,Weak,Weak
painted lightbulb star+ moon,181.03,0.0008840969788391315,99.6099097430275,91,1.0,0.0,Weak,Weak
white vintage crystal bracelet,180.46,0.0008813132674214753,99.61079105629493,16,165.0,1.0,Churned,Churned
pop art push down rubber,180.3,0.0008805318747428351,99.61167158816967,13,182.0,1.0,Churned,Churned
number tile cottage garden 3,180.19,0.0008799946672762698,99.61255158283694,28,,,Weak,Weak
painted lightbulb rainbow design,180.14,0.0008797504820641944,99.61343133331901,97,1.0,0.0,Weak,Weak
"acrylic jewel icicle, blue",180.05,0.0008793109486824594,99.61431064426769,11,37.0,0.0,Weak,At Risk
lunchbag pink retrospot,179.91,0.000878627230088649,99.61518927149778,14,0.0,0.0,Weak,Weak
purple amethyst necklace w tassel,179.88,0.0008784807189614039,99.61606775221675,14,2.0,0.0,Weak,Weak
blue flower t-light holder,179.88,0.0008784807189614039,99.61694623293572,11,640.0,1.0,Churned,Churned
set/3 colour painted kashmiri stool,179.85000000000002,0.000878334207834159,99.61782456714356,2,568.0,1.0,Churned,Churned
capiz chandelier,179.7,0.0008776016521979337,99.61870216879575,4,198.0,1.0,Churned,Churned
origami vanilla incense+flower,179.56,0.0008769179336041233,99.61957908672936,12,476.0,1.0,Churned,Churned
s/60 pink fluffy chicks in box,179.1,0.0008746714296530323,99.62045375815902,11,657.0,1.0,Churned,Churned
cream hanging heart t-light holder,178.51000000000002,0.0008717900441505462,99.62132554820316,9,,,Weak,Weak
white vint art deco crystal necklac,178.48,0.000871643533023301,99.62219719173618,13,36.0,0.0,Weak,At Risk
party pizza dish blue retrospot,178.34,0.0008709598144294907,99.62306815155061,28,,,Weak,Weak
dollcraft girl amelie,178.2,0.0008702760958356803,99.62393842764645,8,,,Weak,Weak
purple vintage earrings,178.11,0.0008698365624539453,99.62480826420891,17,162.0,1.0,Churned,Churned
midnight blue copper flower necklac,177.29000000000002,0.0008658319249759136,99.62567409613388,21,136.0,1.0,Churned,Churned
"cake tin, 3 tier mint/ivory",176.75,0.0008631947246855023,99.62653729085856,4,1.0,0.0,Weak,Weak
space cadet black,176.7,0.0008629505394734272,99.62740024139804,39,23.0,0.0,Weak,Weak
ruby drop chandelier earrings,176.31,0.0008610458948192413,99.62826128729286,30,0.0,0.0,Weak,Weak
glass bonbon jar. superfines,175.60999999999999,0.0008576273018501899,99.62911891459471,43,640.0,1.0,Churned,Churned
6 segment coloured snack bowl,175.48000000000002,0.0008569924202987947,99.62997590701501,11,547.0,1.0,Churned,Churned
pink kashmiri occasional table,174.9,0.0008541598718387235,99.63083006688684,3,411.0,1.0,Churned,Churned
blue daisy mobile,172.51,0.0008424878187015333,99.63167255470555,15,10.0,0.0,Weak,Weak
white heart of glass bracelet,172.39,0.000841901774192553,99.63251445647974,14,10.0,0.0,Weak,Weak
carousel design baby bib,171.91,0.000839557596156632,99.63335401407589,54,254.0,1.0,Churned,Churned
carousel design baby bib,171.91,0.000839557596156632,99.63335401407589,54,561.0,1.0,Churned,Churned
cow  sock puppet,171.10000000000002,0.0008356017957210154,99.6341896158716,27,494.0,1.0,Churned,Churned
blue easter egg hunt start post,171.04,0.0008353087734665251,99.63502492464507,23,246.0,1.0,Churned,Churned
pink flock table clock,170.8,0.0008341366844485646,99.63585906132951,4,681.0,1.0,Churned,Churned
black vint art dec crystal necklace,170.17000000000002,0.0008310599507764183,99.63669012128028,14,36.0,0.0,Weak,At Risk
origami vanilla incense cones,170.13,0.0008308646026067583,99.63752098588289,16,164.0,1.0,Churned,Churned
pink knitted egg cosy,169.35999999999999,0.0008271041503408015,99.63834809003323,45,234.0,1.0,Churned,Churned
pink & white rosebud ring,168.94,0.0008250529945593707,99.63917314302779,31,1.0,0.0,Weak,Weak
gold m.o.p orbit bracelet,168.62,0.0008234902092020901,99.63999663323699,28,0.0,0.0,Weak,Weak
pair of enamel butterfly hairclip,168.46,0.0008227088165234497,99.64081934205352,37,7.0,0.0,Weak,Weak
ivory felt easter rabbit garland,168.29999999999998,0.0008219274238448093,99.64164126947736,21,626.0,1.0,Churned,Churned
crystal hoop earring floral leaf,168.26000000000002,0.0008217320756751493,99.64246300155304,31,10.0,0.0,Weak,Weak
set/6 posies paper cups,168.08,0.0008208530089116789,99.64328385456196,32,233.0,1.0,Churned,Churned
pink felt hanging heart w flower,167.55,0.0008182646456636829,99.64410211920762,42,51.0,0.0,Weak,At Risk
green/blue ceramic candle holder,167.52,0.0008181181345364377,99.64492023734215,10,143.0,1.0,Churned,Churned
texrio tomatoes candle+cup,166.78,0.0008145041933977261,99.64573474153555,40,574.0,1.0,Churned,Churned
diamond las vegas necklace 45cm,166.57000000000002,0.0008134786155070107,99.64654822015106,21,3.0,0.0,Weak,Weak
easter bunny with basket on back,166.21,0.0008117204819800699,99.64735994063304,50,35.0,0.0,Weak,At Risk
fire polished glass neckl green,166.14000000000001,0.0008113786226831648,99.64817131925572,18,13.0,0.0,Weak,Weak
s/4 pistachio lovebird coasters,166.1,0.0008111832745135046,99.64898250253023,24,3.0,0.0,Weak,Weak
dotcomgiftshop gift voucher £40.00,166.09,0.0008111344374710897,99.6497936369677,5,134.0,1.0,Churned,Churned
"letter ""l"" bling key ring",166.06,0.0008109879263438445,99.65060462489404,68,0.0,0.0,Weak,Weak
rose colour pair heart hair slides,165.81,0.0008097670002834691,99.65141439189432,25,9.0,0.0,Weak,Weak
red spotty beaker,165.75,0.0008094739780289789,99.65222386587234,16,26.0,0.0,Weak,Weak
army camo wrapping tape,165.55999999999997,0.0008085460742230932,99.65303241194657,16,374.0,1.0,Churned,Churned
clear crystal star phone charm,165.34,0.000807471659289963,99.65383988360585,25,2.0,0.0,Weak,Weak
oriental red c/cover,165.11,0.0008063484073144176,99.65464623201316,11,31.0,0.0,Weak,At Risk
paisley park card,165.08,0.0008062018961871725,99.65545243390935,41,0.0,0.0,Weak,Weak
gold m.o.p orbit drop earrings,164.62,0.0008039553922360816,99.65625638930159,31,0.0,0.0,Weak,Weak
blue knitted egg cosy,164.01,0.0008009763326487651,99.65705736563424,42,234.0,1.0,Churned,Churned
pink small jewelled photoframe,163.35,0.0007977530878493738,99.6578551187221,42,16.0,0.0,Weak,Weak
number tile cottage garden 6,162.82,0.0007951647246013776,99.6586502834467,26,,,Weak,Weak
black photo album,162.73,0.0007947251912196424,99.65944500863792,14,235.0,1.0,Churned,Churned
fire polished glass bracelet green,162.66,0.0007943833319227372,99.66023939196984,24,2.0,0.0,Weak,Weak
"letter ""c"" bling key ring",162.53,0.000793748450371342,99.66103314042022,69,0.0,0.0,Weak,Weak
ant silver lime green boudicca ring,162.25000000000003,0.0007923810131837215,99.6618255214334,20,30.0,0.0,Weak,Weak
floral dinosaur green,161.89000000000001,0.0007906228796567807,99.66261614431306,18,635.0,1.0,Churned,Churned
silver/amethyst drop earrings leaf,161.82,0.0007902810203598753,99.66340642533342,36,10.0,0.0,Weak,Weak
amber glass tassle bag charm,161.57000000000002,0.0007890600942995001,99.66419548542773,34,50.0,0.0,Weak,At Risk
"letter ""j"" bling key ring",161.47,0.0007885717238753497,99.6649840571516,88,2.0,0.0,Weak,Weak
freshwater pearl bracelet gold,160.79,0.0007852508049911283,99.6657693079566,33,239.0,1.0,Churned,Churned
green heart of glass bracelet,160.75,0.0007850554568214681,99.66655436341341,12,129.0,1.0,Churned,Churned
silver sleighbell  wreath,160.45,0.0007835903455490176,99.66733795375896,9,716.0,1.0,Churned,Churned
candy stripe rose floor cushion,160.15,0.000782125234276567,99.66812007899324,6,594.0,1.0,Churned,Churned
cubic mug flock pink on brown,160.08,0.0007817833749796618,99.66890186236822,34,31.0,0.0,Weak,At Risk
set 4 picnic cutlery blueberry,159.9,0.0007809043082161913,99.66968276667643,9,3.0,0.0,Weak,Weak
ceramic heart cake money bank,159.6,0.0007794391969437408,99.67046220587338,5,,,Weak,Weak
wrap red doiley,159.6,0.0007794391969437408,99.67124164507032,16,0.0,0.0,Weak,Weak
pink cherry blossom cup & saucer,159.2,0.0007774857152471399,99.67201913078557,16,323.0,1.0,Churned,Churned
popart rect pencil sharpener asst,159.0,0.0007765089743988396,99.67279563975997,39,4.0,0.0,Weak,Weak
white metal baroque photo frame,158.9,0.0007760206039746893,99.67357166036395,12,689.0,1.0,Churned,Churned
green with metal bag charm,158.89000000000001,0.0007759717669322743,99.67434763213087,8,154.0,1.0,Churned,Churned
mug and coaster set red circles,158.76,0.0007753368853808789,99.67512296901626,2,527.0,1.0,Churned,Churned
"letter ""k"" bling key ring",158.4,0.0007735787518539382,99.6758965477681,83,0.0,0.0,Weak,Weak
food/drink spunge stickers,158.19,0.0007725531739632228,99.67666910094206,20,3.0,0.0,Weak,Weak
door mat camouflage,158.04,0.0007718206183269975,99.67744092156039,2,723.0,1.0,Churned,Churned
enamel cat bowl cream,157.8,0.000770648529309037,99.6782115700897,3,0.0,0.0,Weak,Weak
wake up cockerel tile hook,157.61,0.0007697206255031514,99.6789812907152,33,121.0,1.0,Churned,Churned
blue white scarf hot water bottle,157.60000000000002,0.0007696717884607366,99.67975096250366,14,659.0,1.0,Churned,Churned
wrap carousel,157.5,0.0007691834180365862,99.6805201459217,14,,,Weak,Weak
bathroom hook,157.5,0.0007691834180365862,99.68128932933975,27,0.0,0.0,Weak,Weak
diamante hair grip pack/2 crystal,156.98,0.000766643891831005,99.68205597323158,48,0.0,0.0,Weak,Weak
number tile cottage garden 0,156.97,0.0007665950547885902,99.68282256828637,24,,,Weak,Weak
number tile vintage font 7,156.8,0.0007657648250675347,99.68358833311143,28,,,Weak,Weak
tuscan villa bird table,156.75,0.0007655206398554596,99.68435385375129,11,15.0,0.0,Weak,Weak
best dad candle letters,156.72,0.0007653741287282146,99.68511922788002,29,54.0,0.0,Weak,At Risk
flat palm t-light holder,156.65,0.0007650322694313095,99.68588426014945,24,448.0,1.0,Churned,Churned
blue chenille shaggy cushion cover,156.29,0.0007632741359043686,99.68664753428536,25,25.0,0.0,Weak,Weak
pink rose picnic rug,155.7,0.0007603927504018824,99.68740792703576,5,547.0,1.0,Churned,Churned
amber drop earrings w long beads,155.65,0.0007601485651898073,99.68816807560096,31,0.0,0.0,Weak,Weak
tropical holiday purse,155.41,0.0007589764761718468,99.68892705207713,31,101.0,1.0,Churned,Churned
number tile cottage garden 7,154.94,0.0007566811351783408,99.6896837332123,27,,,Weak,Weak
black vint art dec crystal bracelet,154.87,0.0007563392758814356,99.69044007248819,16,29.0,0.0,Weak,Weak
turquoise heart of glass bracelet,154.69,0.0007554602091179652,99.69119553269731,13,129.0,1.0,Churned,Churned
"feltcraft hairband, s/2, red/blue",154.68,0.0007554113720755503,99.69195094406938,6,0.0,0.0,Weak,Weak
pantry kitchen thermometer,154.52,0.00075462997939691,99.69270557404877,31,1.0,0.0,Weak,Weak
number tile cottage garden 9,154.32999999999998,0.0007537020755910244,99.69345927612436,23,,,Weak,Weak
retro leaves magnetic notepad,154.08999999999997,0.0007525299865730638,99.69421180611093,19,0.0,0.0,Weak,Weak
spotty coffee cup & saucer,153.78,0.0007510160382581983,99.6949628221492,14,97.0,1.0,Churned,Churned
blue green embroidery cosmetic bag,153.18,0.0007480858157132972,99.69571090796491,29,7.0,0.0,Weak,Weak
set of 4 green carousel coasters,152.85999999999999,0.0007465230303560163,99.69645743099527,34,3.0,0.0,Weak,Weak
set of 4 green carousel coasters,152.85999999999999,0.0007465230303560163,99.69645743099527,34,238.0,1.0,Churned,Churned
pink gingham rose cushion cover,152.6,0.0007452532672532258,99.69720268426252,9,676.0,1.0,Churned,Churned
heart trellistriple t-light holder,152.24,0.0007434951337262851,99.69794617939625,5,0.0,0.0,Weak,Weak
number tile cottage garden 5,151.35,0.0007391486369513481,99.6986853280332,28,,,Weak,Weak
brown kukui coconut seed necklace,151.3,0.000738904451739273,99.69942423248494,16,14.0,0.0,Weak,Weak
magic drawing slate fido,151.2,0.0007384160813151227,99.70016264856626,8,,,Weak,Weak
porcelain cherub bell small,150.72,0.0007360719032792017,99.70089872046954,24,380.0,1.0,Churned,Churned
st george set of 10 party lights,150.45000000000002,0.0007347533031339963,99.70163347377267,16,16.0,0.0,Weak,Weak
flower fairy 5 drawer liners,150.45,0.0007347533031339961,99.70236822707581,20,,,Weak,Weak
freshwater pearl bracelet ivory,150.20999999999998,0.0007335812141160356,99.70310180828993,26,331.0,1.0,Churned,Churned
hen house w chick standing,150.19,0.0007334835400312057,99.70383529182996,43,10.0,0.0,Weak,Weak
kids cutlery spaceboy,149.4,0.0007296254136804189,99.70456491724364,8,,,Weak,Weak
kids cutlery dolly girl,149.4,0.0007296254136804189,99.70529454265733,8,,,Weak,Weak
flower fairy summer bouquet sachet,149.1,0.0007281603024079683,99.70602270295973,23,620.0,1.0,Churned,Churned
murano style glass bracelet pink,148.87,0.0007270370504324228,99.70674974001017,25,451.0,1.0,Churned,Churned
tuscan villa bird feeder,148.63,0.0007258649614144624,99.70747560497158,9,,,Weak,Weak
a4 wall tidy blue office,148.01000000000002,0.0007228370647847311,99.70819844203636,17,36.0,0.0,Weak,At Risk
redwhite stripe scandinavian heart,147.64,0.0007210300942153751,99.70891947213057,29,422.0,1.0,Churned,Churned
dot matrix canvas art picture,147.05,0.000718148708712889,99.70963762083929,3,624.0,1.0,Churned,Churned
murano style glass bracelet gold,146.75,0.0007166835974404382,99.71035430443673,21,5.0,0.0,Weak,Weak
flames sunglasses pink lenses,146.10999999999999,0.0007135580267258769,99.71106786246347,22,14.0,0.0,Weak,Weak
space boy childrens cup,145.76,0.0007118487302413512,99.71177971119371,6,0.0,0.0,Weak,Weak
silver/black pendant orbit necklace,144.07,0.0007035952700732125,99.71248330646378,14,1.0,0.0,Weak,Weak
black christmas flock droplet,144.07,0.0007035952700732125,99.71318690173385,13,361.0,1.0,Churned,Churned
"flower glass garland neckl.36""green",143.1,0.0006988580769589555,99.71388575981081,10,129.0,1.0,Churned,Churned
number tile cottage garden 8,143.02,0.0006984673806196353,99.71458422719142,21,,,Weak,Weak
number tile vintage font 8,143.0,0.0006983697065348053,99.71528259689796,27,3.0,0.0,Weak,Weak
doggy rubber,142.74,0.0006970999434320148,99.7159796968414,73,4.0,0.0,Weak,Weak
blue travel first aid kit,141.76,0.0006923139132753427,99.71667201075468,36,129.0,1.0,Churned,Churned
pink enamel flower hair tie,141.49,0.0006909953131301371,99.71736300606781,24,0.0,0.0,Weak,Weak
large strawberry chocolate candle,141.23,0.0006897255500273465,99.71805273161785,12,703.0,1.0,Churned,Churned
pink green embroidery cosmetic bag,140.4,0.0006856720755068998,99.71873840369335,25,7.0,0.0,Weak,Weak
new baroque black boxes,140.25,0.0006849395198706745,99.71942334321322,7,24.0,0.0,Weak,Weak
silver rococo candelabra,140.23,0.0006848418457858443,99.720108185059,6,632.0,1.0,Churned,Churned
jet black las vegas bracelet round,140.07,0.000684060453107204,99.72079224551211,28,216.0,1.0,Churned,Churned
seagrass s/3 squ laundry box,139.95,0.0006834744085982237,99.72147571992072,2,461.0,1.0,Churned,Churned
"letter ""m"" bling key ring",139.82,0.0006828395270468285,99.72215855944776,64,3.0,0.0,Weak,Weak
set of 36 pantry paper doilies,139.78,0.0006826441788771684,99.72284120362664,33,,,Weak,Weak
"number tile cottage garden, 1",139.69,0.0006822046454954332,99.72352340827214,11,9.0,0.0,Weak,Weak
metal herb gerden container,139.68,0.0006821558084530182,99.72420556408059,5,,,Weak,Weak
edwardian drop earrings jet black,139.67,0.0006821069714106031,99.724887671052,32,0.0,0.0,Weak,Weak
carousel childrens overall,139.56,0.0006815697639440379,99.72556924081594,27,,,Weak,Weak
pink flock glass candleholder,139.54,0.0006814720898592079,99.72625071290581,16,242.0,1.0,Churned,Churned
pink flock glass candleholder,139.54,0.0006814720898592079,99.72625071290581,16,246.0,1.0,Churned,Churned
5 strand glass necklace black,139.5,0.0006812767416895478,99.7269319896475,16,36.0,0.0,Weak,At Risk
vintage zinc watering can,139.39999999999998,0.0006807883712653975,99.72761277801877,8,0.0,0.0,Weak,Weak
"letter ""e"" bling key ring",139.28,0.0006802023267564174,99.72829298034553,67,0.0,0.0,Weak,Weak
5 strand glass necklace amber,139.28,0.0006802023267564174,99.72897318267229,16,9.0,0.0,Weak,Weak
heart measuring spoons large,138.6,0.0006768814078721958,99.72965006408016,5,0.0,0.0,Weak,Weak
set 4 picnic cutlery cherry,138.45,0.0006761488522359705,99.7303262129324,9,3.0,0.0,Weak,Weak
f fairy potpourri cushions lavender,137.54,0.0006717046813762036,99.73099791761378,8,699.0,1.0,Churned,Churned
"acrylic jewel angel,pink",137.43,0.0006711674739096384,99.73166908508769,9,114.0,1.0,Churned,Churned
resin bracelet w pastel beads,137.37,0.0006708744516551483,99.73233995953935,14,95.0,1.0,Churned,Churned
crochet white rabbit keyring,137.27,0.0006703860812309981,99.73301034562057,16,30.0,0.0,Weak,Weak
carousel ponies baby bib,137.27,0.0006703860812309981,99.7336807317018,44,,,Weak,Weak
silver oval jewelled mirror,136.85,0.0006683349254495672,99.73434906662725,13,408.0,1.0,Churned,Churned
samples,136.85,0.0006683349254495672,99.7350174015527,3,44.0,0.0,Weak,At Risk
big polkadot mug,136.76,0.0006678953920678319,99.73568529694477,7,,,Weak,Weak
"hanging flowers+mirror,pink",136.44,0.0006663326067105512,99.73635162955148,3,595.0,1.0,Churned,Churned
silver/natural shell necklace,136.17000000000002,0.0006650140065653458,99.73701664355805,9,11.0,0.0,Weak,Weak
new baroque b'fly necklace montana,135.98,0.0006640861027594603,99.73768072966081,11,254.0,1.0,Churned,Churned
rose du sud childrens apron,135.93,0.0006638419175473853,99.73834457157835,18,,,Weak,Weak
silver lariat black stone earrings,135.84,0.00066340238416565,99.73900797396252,21,50.0,0.0,Weak,At Risk
glass and painted beads bracelet to,135.8,0.0006632070359959899,99.73967118099851,22,15.0,0.0,Weak,Weak
drop diamante earrings purple,135.76000000000002,0.0006630116878263299,99.74033419268633,25,6.0,0.0,Weak,Weak
origami rose incense+flower,135.7,0.0006627186655718397,99.7409969113519,4,476.0,1.0,Churned,Churned
dolphin windmill,135.68,0.0006626209914870097,99.74165953234339,12,180.0,1.0,Churned,Churned
pair of pink flower cluster slide,135.24,0.0006604721616207487,99.74232000450502,38,,,Weak,Weak
flower burst silver ring opal,135.0,0.0006593000726027882,99.74297930457762,14,400.0,1.0,Churned,Churned
columbian  cube candle,134.85,0.0006585675169665629,99.74363787209458,29,1.0,0.0,Weak,Weak
clear stationery box set,134.5,0.0006568582204820371,99.74429473031506,39,156.0,1.0,Churned,Churned
jacobs ladder small,134.08,0.0006548070647006063,99.74494953737977,39,396.0,1.0,Churned,Churned
"garland , wooden  "" happy easter""",133.89,0.0006538791608947208,99.74560341654066,11,16.0,0.0,Weak,Weak
yellow vw beetle ceramic money box,133.85000000000002,0.0006536838127250609,99.74625710035339,16,544.0,1.0,Churned,Churned
pink feather christmas decoration,133.23,0.0006506559160953294,99.74690775626948,24,363.0,1.0,Churned,Churned
green chenille shaggy rug,132.75,0.0006483117380594085,99.74755606800754,4,629.0,1.0,Churned,Churned
gold/amber drop earrings w leaf,132.58,0.0006474815083383532,99.74820354951588,15,16.0,0.0,Weak,Weak
pink combo mini crystals necklace,132.52,0.000647188486083863,99.74885073800196,15,141.0,1.0,Churned,Churned
small jewellery stand,132.0,0.0006446489598782818,99.74949538696184,6,,,Weak,Weak
folding shoe tidy,132.0,0.0006446489598782818,99.75014003592172,8,46.0,0.0,Weak,At Risk
green metal box top secret,132.0,0.0006446489598782818,99.7507846848816,4,,,Weak,Weak
filigree diamante earrings,131.74,0.0006433791967754913,99.75142806407837,21,11.0,0.0,Weak,Weak
white rosebud  pearl earrings,131.65,0.0006429396633937561,99.75207100374176,35,0.0,0.0,Weak,Weak
pink stocking christmas decoration,131.38,0.0006416210632485505,99.75271262480501,28,33.0,0.0,Weak,At Risk
white frangipani necklace,131.16,0.00064054664831542,99.75335317145333,29,1.0,0.0,Weak,Weak
white rose c/cover,130.9,0.0006392768852126296,99.75399244833854,13,567.0,1.0,Churned,Churned
number tile vintage font 9,130.82999999999998,0.0006389350259157243,99.75463138336445,23,0.0,0.0,Weak,Weak
funky girl address book,130.71,0.0006383489814067441,99.75526973234587,8,716.0,1.0,Churned,Churned
3d sheet of sea world stickers,130.09,0.0006353210847770127,99.75590505343064,32,388.0,1.0,Churned,Churned
3d sheet of sea world stickers,130.09,0.0006353210847770127,99.75590505343064,32,412.0,1.0,Churned,Churned
flowers wall thermometer,130.05,0.0006351257366073526,99.75654017916725,3,695.0,1.0,Churned,Churned
vintage notebook red rose,129.8,0.0006339048105469771,99.75717408397779,12,572.0,1.0,Churned,Churned
necklace+bracelet set blue hibiscus,129.69,0.0006333676030804118,99.75780745158087,25,3.0,0.0,Weak,Weak
silver/crystal drop earrings w leaf,129.59,0.0006328792326562617,99.75844033081353,31,15.0,0.0,Weak,Weak
groovy cactus inflatable,129.29,0.000631414121383811,99.75907174493491,27,17.0,0.0,Weak,Weak
natural riviera handbag,128.83,0.0006291676174327201,99.75970091255235,8,449.0,1.0,Churned,Churned
amber glass/shell/pearl necklace,128.64,0.0006282397136268345,99.76032915226597,14,8.0,0.0,Weak,Weak
"bread bin, diner style, pink",127.6,0.0006231606612156724,99.76095231292719,3,,,Weak,Weak
"greeting card, overcrowded pool.",127.55999999999999,0.0006229653130460122,99.76157527824023,91,1.0,0.0,Weak,Weak
new baroque b'fly necklace pink,127.5,0.0006226722907915222,99.76219795053102,13,70.0,1.0,Churned,Churned
black 3 tier glass plate stand,127.5,0.0006226722907915222,99.7628206228218,6,551.0,1.0,Churned,Churned
s/6 paper boxes curious images,127.2,0.0006212071795190716,99.76344183000133,4,379.0,1.0,Churned,Churned
funky monkey gift bag small,126.83,0.0006194002089497157,99.76406123021027,11,671.0,1.0,Churned,Churned
set 4 picnic cutlery fondant,126.75,0.0006190095126103957,99.76468023972288,6,4.0,0.0,Weak,Weak
glass songbird storage jar,126.7,0.0006187653273983204,99.76529900505028,3,,,Weak,Weak
la strega canvas picture,126.30000000000001,0.0006168118457017197,99.76591581689598,8,492.0,1.0,Churned,Churned
glass bonbon jar. d'amandes,126.25,0.0006165676604896445,99.76653238455647,25,403.0,1.0,Churned,Churned
dotcomgiftshop gift voucher £10.00,126.21,0.0006163723123199843,99.76714875686879,14,1.0,0.0,Weak,Weak
butterfly hair band,126.12,0.0006159327789382492,99.76776468964773,32,0.0,0.0,Weak,Weak
blue blossom hair clip,125.83,0.0006145165047082135,99.76837920615245,21,7.0,0.0,Weak,Weak
snack tray red gingham,125.72,0.0006139792972416484,99.76899318544969,14,1.0,0.0,Weak,Weak
white/pink mini crystals necklace,125.64,0.0006135886009023282,99.76960677405059,17,0.0,0.0,Weak,Weak
scotties design child's overall,125.6,0.0006133932527326681,99.77022016730332,28,506.0,1.0,Churned,Churned
large jewellery stand,125.0,0.0006104630301877669,99.7708306303335,4,,,Weak,Weak
pink baroque flock candle holder,124.83,0.0006096328004667115,99.77144026313397,10,370.0,1.0,Churned,Churned
flower burst silver ring midn't blu,124.38,0.0006074351335580354,99.77204769826753,19,477.0,1.0,Churned,Churned
ant silver fuschia boudicca ring,123.90000000000002,0.0006050909555221146,99.77265278922305,16,39.0,0.0,Weak,At Risk
pink horse sock puppet kit,123.9,0.0006050909555221145,99.77325788017856,14,,,Weak,Weak
"glass jar, kings choice soap",123.9,0.0006050909555221145,99.77386297113408,8,,,Weak,Weak
2 daisies hair comb,123.76,0.0006044072369283042,99.77446737837101,24,0.0,0.0,Weak,Weak
rose flower candle+incense 16x16cm,123.75,0.0006043583998858892,99.7750717367709,12,5.0,0.0,Weak,Weak
bread bin diner style black,123.6,0.0006036258442496638,99.77567536261515,1,418.0,1.0,Churned,Churned
gold flower cushion cover,123.6,0.0006036258442496638,99.7762789884594,7,224.0,1.0,Churned,Churned
woodland large blue felt heart,123.47,0.0006029909626982686,99.7768819794221,13,8.0,0.0,Weak,Weak
set of 3 mini hanging portraits,123.2,0.000601672362553063,99.77748365178465,2,0.0,0.0,Weak,Weak
large parlour frame,122.85,0.0005999630660685373,99.77808361485071,2,,,Weak,Weak
"pocket mirror ""glamorous""",122.57,0.0005985956288809166,99.7786822104796,31,274.0,1.0,Churned,Churned
pink flower hanging heart,122.46,0.0005980584214143514,99.77928026890102,17,631.0,1.0,Churned,Churned
mosaic candle dish blue purple,122.4,0.0005977653991598613,99.77987803430018,2,527.0,1.0,Churned,Churned
large crystal diamante hairslide,122.31,0.0005973258657781262,99.78047536016597,24,10.0,0.0,Weak,Weak
pink feathers curtain,121.53,0.0005935165764697544,99.78106887674244,9,73.0,1.0,Churned,Churned
mosaic glass ball candleholder,121.25,0.0005921491392821338,99.78166102588172,18,429.0,1.0,Churned,Churned
glow in dark dolphins,121.08,0.0005913189095610784,99.78225234479127,69,3.0,0.0,Weak,Weak
magic slate fido,120.96000000000001,0.0005907328650520983,99.78284307765632,6,,,Weak,Weak
magic slate bunnies at home,120.96000000000001,0.0005907328650520983,99.78343381052137,6,,,Weak,Weak
magic slate spaceboy,120.96000000000001,0.0005907328650520983,99.78402454338642,6,,,Weak,Weak
green pair heart hair slides,120.31,0.0005875584572951219,99.78461210184372,22,0.0,0.0,Weak,Weak
fairy cakes photo frame,120.13,0.0005866793905316515,99.78519878123426,5,716.0,1.0,Churned,Churned
fairy cakes photo frame,120.13,0.0005866793905316515,99.78519878123426,5,716.0,1.0,Churned,Churned
vintage zinc planter,120.08,0.0005864352053195764,99.78578521643958,11,0.0,0.0,Weak,Weak
gift bag large spot,120.0,0.0005860445089802562,99.78637126094856,6,,,Weak,Weak
new england placemats,120.0,0.0005860445089802562,99.78695730545753,10,394.0,1.0,Churned,Churned
lunch bag vintage doiley,119.63,0.0005842375384109003,99.78754154299594,5,,,Weak,Weak
blue metal wall shelf,119.39999999999999,0.0005831142864353548,99.78812465728238,9,525.0,1.0,Churned,Churned
pink baby girls photo album,119.39000000000001,0.0005830654493929399,99.78870772273177,5,640.0,1.0,Churned,Churned
pink baby girls photo album,119.39000000000001,0.0005830654493929399,99.78870772273177,5,582.0,1.0,Churned,Churned
set/2 blue  noodle baskets,118.95,0.000580916619526679,99.7892886393513,24,533.0,1.0,Churned,Churned
set of 12 t-lights vintage doiley,118.94999999999999,0.0005809166195266789,99.78986955597082,6,0.0,0.0,Weak,Weak
folding mirror hot pink,118.92000000000002,0.0005807701083994339,99.79045032607922,5,,,Weak,Weak
childrens spaceboy mug,118.80000000000001,0.0005801840638904537,99.79103051014312,5,,,Weak,Weak
silver black orbit drop earrings,118.51,0.000578767789660418,99.79160927793278,20,13.0,0.0,Weak,Weak
pink fluffy christmas decoration,118.43,0.0005783770933210978,99.7921876550261,31,324.0,1.0,Churned,Churned
box of 6 pebble candles,118.39,0.0005781817451514378,99.79276583677125,8,716.0,1.0,Churned,Churned
flower brooch 4 assorted colours,118.24000000000001,0.0005774491895152125,99.79334328596077,18,627.0,1.0,Churned,Churned
"number tile cottage garden, 9",117.30999999999999,0.0005729073445706154,99.79391619330535,5,65.0,1.0,Churned,Churned
"hanging flowers+mirror,clear",117.05,0.0005716375814678249,99.79448783088682,8,609.0,1.0,Churned,Churned
number tile vintage font 0,117.04,0.0005715887444254099,99.79505941963124,20,65.0,1.0,Churned,Churned
price's candle peach,116.5,0.0005689515441349987,99.79562837117538,9,469.0,1.0,Churned,Churned
red purse with pink heart,116.4,0.0005684631737108485,99.79619683434909,16,317.0,1.0,Churned,Churned
black medium glass cake stand,115.86,0.0005658259734204373,99.79676266032251,19,245.0,1.0,Churned,Churned
zinc heart lattice charger small,115.05000000000001,0.0005618701729848207,99.7973245304955,12,32.0,0.0,Weak,At Risk
vintage notebook pink flower,115.05000000000001,0.0005618701729848207,99.79788640066849,14,477.0,1.0,Churned,Churned
3 pink hen+chicks in basket,114.86,0.0005609422691789351,99.79844734293766,14,238.0,1.0,Churned,Churned
french style storage jar jam,114.85,0.0005608934321365202,99.7990082363698,30,2.0,0.0,Weak,Weak
little pink monster soft toy,114.44999999999999,0.0005589399504399193,99.79956717632024,21,16.0,0.0,Weak,Weak
zinc sweetheart soap dish,114.33000000000001,0.0005583539059309391,99.80012553022617,21,0.0,0.0,Weak,Weak
ivory gold metal bag charm,114.24,0.0005579143725492039,99.80068344459872,6,15.0,0.0,Weak,Weak
wall art bicycle saftey,114.15,0.0005574748391674688,99.80124091943789,3,,,Weak,Weak
spotted white natural seed necklace,113.76,0.0005555701945132829,99.8017964896324,10,10.0,0.0,Weak,Weak
"number tile cottage garden, 7",113.41,0.000553860898028757,99.80235035053042,3,1.0,0.0,Weak,Weak
"number tile cottage garden, 2",113.40999999999998,0.000553860898028757,99.80290421142844,3,9.0,0.0,Weak,Weak
"number tile cottage garden, 0",113.40999999999998,0.000553860898028757,99.80345807232646,3,17.0,0.0,Weak,Weak
"greeting card,square, doughnuts",113.22,0.0005529329942228717,99.80401100532069,34,0.0,0.0,Weak,Weak
black fine bead necklace w tassel,112.78,0.0005507841643566108,99.80456178948505,16,8.0,0.0,Weak,Weak
set/6 green spring paper cups,112.54,0.0005496120753386502,99.80511140156038,40,113.0,1.0,Churned,Churned
pink/purple circle curtain,112.32000000000001,0.0005485376604055197,99.80565993922079,12,109.0,1.0,Churned,Churned
square metal candleholder base,112.05,0.0005472190602603141,99.80620715828105,17,14.0,0.0,Weak,Weak
yellow felt hanging heart w flower,112.03999999999999,0.0005471702232178992,99.80675432850427,44,51.0,0.0,Weak,At Risk
cd wall tidy red flowers,111.57000000000001,0.0005448748822243932,99.80729920338649,18,15.0,0.0,Weak,Weak
folkart christmas tree t-light hold,111.34,0.0005437516302488478,99.80784295501674,26,107.0,1.0,Churned,Churned
assorted colour jumbo pen,111.22,0.0005431655857398674,99.80838612060248,21,598.0,1.0,Churned,Churned
"number tile cottage garden, 5",111.14999999999999,0.0005428237264429622,99.80892894432893,3,13.0,0.0,Weak,Weak
blue/pink nest stripe box,111.12,0.0005426772153157173,99.80947162154425,5,437.0,1.0,Churned,Churned
purple frangipani necklace,110.85,0.0005413586151705117,99.81001298015941,30,3.0,0.0,Weak,Weak
beech wood p/frame,109.85,0.0005364749109290095,99.81054945507034,11,417.0,1.0,Churned,Churned
"number tile cottage garden, 4",109.19999999999999,0.0005333005031720331,99.81108275557352,2,1.0,0.0,Weak,Weak
"number tile cottage garden, 8",109.19999999999999,0.0005333005031720331,99.8116160560767,2,72.0,1.0,Churned,Churned
"number tile cottage garden, 3",109.19999999999999,0.0005333005031720331,99.81214935657988,2,22.0,0.0,Weak,Weak
"number tile cottage garden, 6",109.19999999999999,0.0005333005031720331,99.81268265708306,2,29.0,0.0,Weak,Weak
lion sock puppet,109.15,0.000533056317959958,99.81321571340102,19,641.0,1.0,Churned,Churned
pack/12 decoupage card,109.13000000000001,0.000532958643875128,99.8137486720449,20,540.0,1.0,Churned,Churned
drop diamante earrings crystal,109.03,0.0005324702734509777,99.81428114231835,24,0.0,0.0,Weak,Weak
ruby glass cluster earrings,108.99,0.0005322749252813176,99.81481341724363,73,3.0,0.0,Weak,Weak
cherry blossom purse,108.69,0.0005308098140088671,99.81534422705764,24,101.0,1.0,Churned,Churned
pink flowers rabbit easter,108.27,0.0005287586582274361,99.81587298571587,13,177.0,1.0,Churned,Churned
pink flowers rabbit easter,108.27,0.0005287586582274361,99.81587298571587,13,33.0,0.0,Weak,At Risk
purple frangipani hairclip,108.11,0.0005279772655487958,99.81640096298142,49,234.0,1.0,Churned,Churned
paper lantern 6 point snow star,107.9,0.0005269516876580803,99.81692791466908,6,,,Weak,Weak
s/3 flwr fairy rose candles,107.68,0.0005258772727249498,99.8174537919418,6,688.0,1.0,Churned,Churned
pink daisy bag charm,107.39,0.0005244609984949143,99.81797825294029,29,3.0,0.0,Weak,Weak
flat glass  bauble white flock,107.13,0.0005231912353921237,99.81850144417568,11,716.0,1.0,Churned,Churned
set 10 cards dinky tree 17076,107.07000000000001,0.0005228982131376336,99.81902434238881,16,1.0,0.0,Weak,Weak
small parlour frame,106.98000000000002,0.0005224586797558985,99.81954680106857,2,,,Weak,Weak
diamante hair grip pack/2 peridot,106.74,0.0005212865907379378,99.82006808765931,40,0.0,0.0,Weak,Weak
blue/white ribbed melamine jug,106.59,0.0005205540351017126,99.82058864169441,7,686.0,1.0,Churned,Churned
doormat kiss my.......,106.58,0.0005205051980592975,99.82110914689247,2,,,Weak,Weak
red victorian fabric heart box,106.49000000000001,0.0005200656646775623,99.82162921255714,25,643.0,1.0,Churned,Churned
pink rosebud pearl earrings,106.49,0.0005200656646775623,99.82214927822181,27,22.0,0.0,Weak,Weak
pencil case gingham forest,106.20000000000002,0.0005186493904475268,99.82266792761226,4,,,Weak,Weak
cracked glaze necklace red,105.72,0.0005163052124116058,99.82318423282467,11,60.0,0.0,Weak,At Risk
pink christmas flock droplet,105.43,0.0005148889381815701,99.82369912176286,12,359.0,1.0,Churned,Churned
s/3 rabbit flower/egg/carrot rope,105.39999999999999,0.000514742427054325,99.82421386418991,20,627.0,1.0,Churned,Churned
"acrylic jewel snowflake,blue",105.24,0.0005139610343756847,99.82472782522429,6,723.0,1.0,Churned,Churned
"acrylic jewel snowflake,blue",105.24,0.0005139610343756847,99.82472782522429,6,574.0,1.0,Churned,Churned
vanilla incense 40 cones in tin,105.2,0.0005137656862060246,99.8252415909105,28,151.0,1.0,Churned,Churned
wrap winter forest,105.0,0.0005127889453577241,99.82575437985585,9,726.0,1.0,Churned,Churned
packing charge,105.0,0.0005127889453577241,99.82626716880121,14,2.0,0.0,Weak,Weak
green pendant triple shell necklace,104.95,0.0005125447601456491,99.82677971356135,17,8.0,0.0,Weak,Weak
vintage enamel & crystal necklace,104.77,0.0005116656933821786,99.82729137925473,13,60.0,0.0,Weak,At Risk
shopping bag doorstop,104.25,0.0005091261671765976,99.8278005054219,7,696.0,1.0,Churned,Churned
silver washbag,103.53000000000002,0.0005056099001227161,99.82830611532202,12,374.0,1.0,Churned,Churned
multicolour easter rabbit,103.35,0.0005047308333592455,99.82881084615538,13,255.0,1.0,Churned,Churned
classical rose table lamp,103.3,0.0005044866481471705,99.82931533280353,4,3.0,0.0,Weak,Weak
wooden christmas tree 3 hanging,103.06,0.00050331455912921,99.82981864736266,39,405.0,1.0,Churned,Churned
pink new baroque flock candlestick,102.3,0.0004996029439056684,99.83031825030656,10,309.0,1.0,Churned,Churned
turquoise bertie glass bead charm,101.35,0.0004949634248762414,99.83081321373143,10,196.0,1.0,Churned,Churned
pink clear glass candle plate,101.28999999999999,0.0004946704026217512,99.83130788413405,14,10.0,0.0,Weak,Weak
cream and pink flowers pony,101.25,0.0004944750544520911,99.8318023591885,14,50.0,0.0,Weak,At Risk
blue hole punch,101.25,0.0004944750544520911,99.83229683424295,12,39.0,0.0,Weak,At Risk
french enamel soap dish with lid,100.8,0.0004922773875434152,99.83278911163049,1,577.0,1.0,Churned,Churned
cupid scented candle in glass,100.65,0.0004915448319071898,99.83328065646239,14,301.0,1.0,Churned,Churned
painted sea shell metal windchime,100.31,0.0004898843724650792,99.83377054083486,11,157.0,1.0,Churned,Churned
seagrass s/2 corner laundry,100.15,0.0004891029797864389,99.83425964381465,5,461.0,1.0,Churned,Churned
set 10 cards red riding hood 17214,99.60000000000001,0.0004864169424536127,99.8347460607571,16,0.0,0.0,Weak,Weak
vintage zinc watering can small,99.2,0.0004844634607570118,99.83523052421785,8,0.0,0.0,Weak,Weak
multicolour dots plate,99.02,0.00048358439399354136,99.83571410861184,6,57.0,0.0,Weak,At Risk
bundle of 3 retro exercise books,99.0,0.00048348671990871135,99.83619759533175,5,,,Weak,Weak
"ribbon reel, making snowmen",99.0,0.00048348671990871135,99.83668108205167,5,0.0,0.0,Weak,Weak
tuscan villa feeding station,99.0,0.00048348671990871135,99.83716456877158,7,1.0,0.0,Weak,Weak
tuscan villa dovecote,99.0,0.00048348671990871135,99.8376480554915,4,0.0,0.0,Weak,Weak
vintage silver tinsel reel,98.9,0.00048299834948456114,99.83813105384098,9,723.0,1.0,Churned,Churned
daisy hair comb,98.87,0.0004828518383573161,99.83861390567934,23,0.0,0.0,Weak,Weak
multicolour polkadot plate,98.83,0.00048265649018765596,99.83909656216953,4,,,Weak,Weak
pink dog cannister,98.8,0.0004825099790604109,99.8395790721486,13,233.0,1.0,Churned,Churned
"number tile cottage garden, no",98.72,0.00048211928272109077,99.84006119143132,5,22.0,0.0,Weak,Weak
white rosebud & pearl necklace,98.45,0.00048080068257588517,99.8405419921139,9,3.0,0.0,Weak,Weak
cherry blossom photo frame,97.9,0.00047811464524305904,99.84102010675915,14,515.0,1.0,Churned,Churned
blue shell+silver necklace,97.5,0.0004761611635464582,99.8414962679227,8,441.0,1.0,Churned,Churned
wrap bad hair day,97.5,0.0004761611635464582,99.84197242908624,33,15.0,0.0,Weak,Weak
pink vintage victorian earrings,97.24000000000001,0.00047489140044366766,99.84244732048668,16,24.0,0.0,Weak,Weak
gold cosmetic bag pink star,96.60000000000001,0.0004717658297291063,99.84291908631641,16,364.0,1.0,Churned,Churned
little green monster soft toy,96.6,0.0004717658297291062,99.84339085214614,21,16.0,0.0,Weak,Weak
15 pink fluffy chicks in box,96.51,0.00047132629634737106,99.84386217844249,23,35.0,0.0,Weak,At Risk
love potion masala incense,95.76,0.0004676635181662445,99.84432984196066,20,86.0,1.0,Churned,Churned
door mat kiss my.......,95.15,0.0004646844585789282,99.84479452641924,8,511.0,1.0,Churned,Churned
brown antique cube candle,94.92,0.00046356120660338265,99.84525808762584,18,429.0,1.0,Churned,Churned
green polkadot cup,94.35,0.0004607774951857264,99.84571886512103,10,,,Weak,Weak
vip passport cover,94.04,0.0004592635468708608,99.8461781286679,17,,,Weak,Weak
home sweeet home 3 peg hanger,93.75,0.0004578472726408251,99.84663597594054,4,1.0,0.0,Weak,Weak
"letter ""r"" bling key ring",93.72999999999999,0.00045774959855599505,99.8470937255391,50,0.0,0.0,Weak,Weak
new baroque b'fly necklace green,93.48,0.00045652867249561957,99.8475502542116,10,136.0,1.0,Churned,Churned
glass bead hoop necklace black,93.47,0.00045647983545320453,99.84800673404705,9,178.0,1.0,Churned,Churned
"letter ""g"" bling key ring",93.17999999999999,0.0004550635612231689,99.84846179760827,48,1.0,0.0,Weak,Weak
flower blue clock w/sucker,93.1,0.0004546728648838487,99.84891647047316,26,113.0,1.0,Churned,Churned
tranquility masala incense,92.82,0.00045330542769622814,99.84936977590085,18,86.0,1.0,Churned,Churned
white/pink chick easter decoration,92.39,0.00045120543487238223,99.84982098133572,21,33.0,0.0,Weak,At Risk
montana diamond cluster necklace,92.17999999999999,0.00045017985698166677,99.85027116119271,8,15.0,0.0,Weak,Weak
pink eau de cologne bottle,92.16999999999999,0.00045013101993925174,99.85072129221265,24,658.0,1.0,Churned,Churned
gold jewelery box,92.0,0.0004493007902181964,99.85117059300288,3,665.0,1.0,Churned,Churned
pink crystal skull phone charm,91.89999999999999,0.00044881241979404614,99.85161940542267,26,0.0,0.0,Weak,Weak
green enamel flower hair tie,91.46000000000001,0.00044666358992778525,99.8520660690126,25,0.0,0.0,Weak,Weak
drop diamante earrings black diamon,91.38000000000001,0.00044627289358846516,99.85251234190618,19,0.0,0.0,Weak,Weak
double ceramic parlour hook,91.30000000000001,0.00044588219724914495,99.85295822410343,5,1.0,0.0,Weak,Weak
pink dolly hair clips,91.25,0.0004456380120370698,99.85340386211547,20,350.0,1.0,Churned,Churned
s/6 pink easter decs in box,90.94999999999999,0.00044417290076461915,99.85384803501624,18,608.0,1.0,Churned,Churned
purple enamel flower hair tie,90.9,0.0004439287155525441,99.8542919637318,23,0.0,0.0,Weak,Weak
"letter ""d"" bling key ring",90.82,0.0004435380192132239,99.85473550175101,50,0.0,0.0,Weak,Weak
knitted rabbit doll,90.75,0.0004431961599163187,99.85517869791093,11,152.0,1.0,Churned,Churned
round purple clock w/sucker,90.52,0.0004420729079407732,99.85562077081887,22,11.0,0.0,Weak,Weak
black sil't squ candle plate,90.30000000000001,0.0004409984930076428,99.85606176931188,9,0.0,0.0,Weak,Weak
black orange squeezer,89.92,0.000439142685395872,99.85650091199727,35,9.0,0.0,Weak,Weak
oriental blue c/cover,89.59,0.00043753106299617626,99.85693844306027,8,389.0,1.0,Churned,Churned
origami lavender incense in tube,89.46000000000001,0.000436896181444781,99.85737533924171,2,646.0,1.0,Churned,Churned
"s/4 icon coaster,elvis lives",89.25,0.00043587060355406554,99.85781120984527,37,204.0,1.0,Churned,Churned
set of 16 vintage ivory cutlery,89.24,0.0004358217665116505,99.85824703161178,6,,,Weak,Weak
new england egg warmer,89.12,0.0004352357220026703,99.85868226733379,32,531.0,1.0,Churned,Churned
wise man star shape egg pan,89.03999999999999,0.0004348450256633501,99.85911711235946,22,233.0,1.0,Churned,Churned
vip luggage tag,88.75,0.0004334287514333144,99.85955054111089,26,495.0,1.0,Churned,Churned
ant silver turquoise boudicca ring,88.5,0.000432207825372939,99.85998274893626,11,32.0,0.0,Weak,At Risk
diamante hair grip pack/2 ruby,88.31,0.0004312799215670536,99.86041402885783,33,0.0,0.0,Weak,Weak
pink and black string curtain,88.04999999999998,0.0004300101584642629,99.8608440390163,6,18.0,0.0,Weak,Weak
cd wall tidy blue office,87.96000000000001,0.00042957062508252783,99.86127360964139,20,15.0,0.0,Weak,Weak
manhattan canvas art picture,87.8,0.0004287892324038874,99.86170239887379,2,734.0,1.0,Churned,Churned
blue crystal boot phone charm,87.50999999999999,0.00042737295817385176,99.86212977183196,10,331.0,1.0,Churned,Churned
green wire goblet candleholder,87.45,0.0004270799359193617,99.86255685176788,6,385.0,1.0,Churned,Churned
"pet mug, budgie",87.28,0.00042624970619830634,99.86298310147407,32,422.0,1.0,Churned,Churned
"acrylic bead chain, blue",87.02,0.00042497994309551577,99.86340808141716,1,681.0,1.0,Churned,Churned
crystal key+lock phone charm,86.69999999999999,0.00042341715773823506,99.8638314985749,14,378.0,1.0,Churned,Churned
fire polished glass bracelet black,86.65,0.00042317297252616,99.86425467154743,12,1.0,0.0,Weak,Weak
set 10 cards 12 days wrap  17058,86.58,0.00042283111322925483,99.86467750266065,11,1.0,0.0,Weak,Weak
four picture white glass frame,86.25,0.00042121949082955915,99.86509872215149,10,410.0,1.0,Churned,Churned
gold print paper bag,85.97,0.0004198520536419385,99.86551857420513,20,371.0,1.0,Churned,Churned
black drop crystal necklace,85.9,0.00041951019434503345,99.86593808439947,6,26.0,0.0,Weak,Weak
ant silver purple boudicca ring,85.55000000000001,0.0004178008978605077,99.86635588529734,14,39.0,0.0,Weak,At Risk
wobbling metal chicken easter,85.53,0.00041770322377567763,99.86677358852111,18,608.0,1.0,Churned,Churned
"dog food container , vintage",85.0,0.00041511486052768146,99.86718870338164,3,,,Weak,Weak
s/6 silver ornamenetal candle,85.0,0.00041511486052768146,99.86760381824217,23,437.0,1.0,Churned,Churned
glass bead hoop necklace amethyst,85.0,0.00041511486052768146,99.8680189331027,8,20.0,0.0,Weak,Weak
antique olive green flower earrings,84.96000000000001,0.00041491951235802144,99.86843385261506,11,60.0,0.0,Weak,At Risk
incense bazaar cannabis,84.84,0.00041433346784904116,99.8688481860829,2,639.0,1.0,Churned,Churned
"greeting card, sticky gordon",84.83999999999999,0.00041433346784904105,99.86926251955074,61,74.0,1.0,Churned,Churned
smokey grey colour glass,84.75999999999999,0.00041394277150972095,99.86967646232226,15,,,Weak,Weak
berries chunky knitted throw,84.75,0.0004138939344673059,99.87009035625672,4,729.0,1.0,Churned,Churned
teatime pencil w stamp asst,84.69,0.00041360091221281583,99.87050395716894,4,547.0,1.0,Churned,Churned
medium parlour frame,84.1,0.00041071952671032947,99.87091467669565,2,,,Weak,Weak
"greeting card, rita",83.97,0.00041008464515893426,99.8713247613408,50,444.0,1.0,Churned,Churned
turq pendant triple shell necklace,83.69,0.0004087172079713137,99.87173347854878,13,16.0,0.0,Weak,Weak
dotcomgiftshop gift voucher £100.00,83.33,0.00040695907444437284,99.87214043762322,1,128.0,1.0,Churned,Churned
12 hanging eggs hand painted,83.2,0.00040632419289297764,99.87254676181611,7,1.0,0.0,Weak,Weak
old doc.russel metal sign,82.94,0.000405054429790187,99.8729518162459,24,266.0,1.0,Churned,Churned
diamante necklace purple,82.81,0.0004044195482387918,99.87335623579413,7,36.0,0.0,Weak,At Risk
flower burst silver ring rose,82.74,0.0004040776889418866,99.87376031348307,11,409.0,1.0,Churned,Churned
drop diamante earrings green,82.71000000000001,0.0004039311778146416,99.87416424466089,22,17.0,0.0,Weak,Weak
silver 2 strand necklace-leaf charm,82.64,0.0004035893185177364,99.87456783397941,8,20.0,0.0,Weak,Weak
white stone/crystal earrings,82.51,0.00040295443696634117,99.87497078841638,16,13.0,0.0,Weak,Weak
ruby glass cluster necklace,82.5,0.0004029055999239262,99.8753736940163,5,36.0,0.0,Weak,At Risk
set 5 mini chocolate fridge magnets,82.44,0.000402612577669436,99.87577630659398,3,662.0,1.0,Churned,Churned
pink/yellow patch cushion cover,82.34,0.00040212420724528583,99.87617843080122,5,78.0,1.0,Churned,Churned
amethyst drop earrings w long beads,81.92999999999999,0.0004001218885062699,99.87657855268972,24,3.0,0.0,Weak,Weak
"feltcraft hairband s/2, pink/purple",81.6,0.0003985102661065742,99.87697706295583,8,0.0,0.0,Weak,Weak
wooden tree christmas scandispot,81.6,0.0003985102661065742,99.87737557322194,3,,,Weak,Weak
white christmas flock droplet,81.56,0.0003983149179369141,99.87777388813987,8,361.0,1.0,Churned,Churned
set/6 black rose t-light candles,81.12,0.00039616608807065324,99.87817005422794,15,583.0,1.0,Churned,Churned
vintage rose bead bracelet blue,80.75,0.00039435911750129737,99.87856441334544,9,679.0,1.0,Churned,Churned
magic slate dolly girl,80.64,0.0003938219100347322,99.87895823525548,4,,,Weak,Weak
magic slate circus parade,80.64,0.0003938219100347322,99.87935205716552,4,,,Weak,Weak
wrap sweets light pink small bowl,80.62,0.0003937242359499021,99.87974578140147,10,606.0,1.0,Churned,Churned
origami opium scent incense+flower,80.60000000000001,0.00039362656186507216,99.88013940796333,1,723.0,1.0,Churned,Churned
party pizza dish green retrospot,80.50999999999999,0.0003931870284833368,99.8805325949918,19,,,Weak,Weak
ooh la la dogs collar,80.31,0.0003922102876350365,99.88092480527943,5,314.0,1.0,Churned,Churned
set 36 colour pencils doiley,80.0,0.0003906963393201708,99.88131550161876,3,0.0,0.0,Weak,Weak
blue flock cushion cover,80.0,0.0003906963393201708,99.88170619795808,7,184.0,1.0,Churned,Churned
colourful flower fruit bowl,80.0,0.0003906963393201708,99.8820968942974,16,67.0,1.0,Churned,Churned
diamante hair grip pack/2 lt rose,79.87,0.00039006145776877555,99.88248695575517,27,0.0,0.0,Weak,Weak
gold diamante star brooch,79.6,0.00038874285762356995,99.88287569861279,12,1.0,0.0,Weak,Weak
aqua bertie glass bead bag charm,79.57,0.00038859634649632485,99.88326429495929,17,6.0,0.0,Weak,Weak
rio pink stripe hammock,79.5,0.0003882544871994198,99.8836525494465,5,494.0,1.0,Churned,Churned
crochet bear red/blue  keyring,79.2,0.0003867893759269691,99.88403933882242,13,153.0,1.0,Churned,Churned
strawberry cake teapot,79.2,0.0003867893759269691,99.88442612819834,4,,,Weak,Weak
glass and painted beads bracelet ol,79.19,0.00038674053888455406,99.88481286873723,13,0.0,0.0,Weak,Weak
white vintage crystal earrings,79.14,0.00038649635367247895,99.8851993650909,12,21.0,0.0,Weak,Weak
fire polished glass bracelet montan,78.99,0.00038576379803625363,99.88558512888893,11,134.0,1.0,Churned,Churned
black vintage  crystal earrings,78.75,0.0003845917090182931,99.88596972059796,12,58.0,0.0,Weak,At Risk
party pizza dish pink white spot,78.72999999999999,0.00038449403493346306,99.88635421463289,19,,,Weak,Weak
pink star christmas decoration,78.11999999999999,0.00038151497534614674,99.88673572960823,15,391.0,1.0,Churned,Churned
set of 3 rabbit carrots easter,77.96,0.00038073358266750644,99.8871164631909,20,608.0,1.0,Churned,Churned
"letter ""h"" bling key ring",77.71,0.00037951265660713084,99.88749597584751,53,1.0,0.0,Weak,Weak
classic crome bicycle bell,77.4,0.0003779987082922653,99.8878739745558,2,,,Weak,Weak
distressed candle stick white,77.35,0.0003777545230801901,99.88825172907889,3,719.0,1.0,Churned,Churned
diamante necklace,77.0,0.0003760452265956644,99.88862777430549,6,108.0,1.0,Churned,Churned
dad's cab electronic meter,76.95,0.0003758010413835893,99.88900357534688,9,366.0,1.0,Churned,Churned
"greeting card, two sisters.",76.67999999999999,0.00037448244123838365,99.88937805778812,53,126.0,1.0,Churned,Churned
white glass tv triple frame,76.6,0.0003740917448990635,99.88975214953302,9,574.0,1.0,Churned,Churned
necklace+bracelet set pink daisy,76.5,0.00037360337447491334,99.8901257529075,12,288.0,1.0,Churned,Churned
"letter ""n"" bling key ring",76.39999999999999,0.00037311500405076307,99.89049886791155,43,0.0,0.0,Weak,Weak
filigree diamante chain,76.23,0.00037228477432970774,99.89087115268588,4,101.0,1.0,Churned,Churned
"acrylic jewel snowflake, pink",75.88,0.000370575477845182,99.89124172816372,7,74.0,1.0,Churned,Churned
classic diamante necklace jet,75.88,0.000370575477845182,99.89161230364157,7,36.0,0.0,Weak,At Risk
set of 36 spaceboy paper doilies,75.42,0.00036832897389409104,99.89198063261546,8,,,Weak,Weak
blue check bag w handle 34x20cm,75.16000000000001,0.0003670592107913005,99.89234769182625,10,204.0,1.0,Churned,Churned
vintage engraved heart,75.0,0.0003662778181126601,99.89271396964436,4,,,Weak,Weak
"ass retrospoof mugs,sports",75.0,0.0003662778181126601,99.89308024746248,6,717.0,1.0,Churned,Churned
wrap boudoir,75.0,0.0003662778181126601,99.8934465252806,9,654.0,1.0,Churned,Churned
enchanted garden wrought iron table,74.75,0.0003650568920522846,99.89381158217265,4,550.0,1.0,Churned,Churned
paper lantern 9 point holly star 23,74.7,0.00036481270684020947,99.89417639487948,5,,,Weak,Weak
aluminium heart,74.7,0.00036481270684020947,99.89454120758631,6,,,Weak,Weak
vintage pink tinsel reel,74.6,0.0003643243364160592,99.89490553192273,10,720.0,1.0,Churned,Churned
midnight blue drop crystal necklace,74.38,0.0003632499214829288,99.89526878184421,7,59.0,0.0,Weak,At Risk
l blue c/cover w pink/yellow flower,74.31,0.00036290806218602364,99.8956316899064,4,78.0,1.0,Churned,Churned
crochet rose des clothes hanger,73.75,0.0003601731878107824,99.89599186309421,7,276.0,1.0,Churned,Churned
fan black frame,73.66,0.00035973365442904724,99.89635159674864,26,3.0,0.0,Weak,Weak
green stone/crystal earrings,73.62,0.00035953830625938717,99.8967111350549,24,0.0,0.0,Weak,Weak
6 rabbit chain easter,72.42,0.00035367786116958464,99.89706481291607,19,626.0,1.0,Churned,Churned
"letter ""b"" bling key ring",72.33,0.0003532383277878494,99.89741805124386,40,3.0,0.0,Weak,Weak
black glass tv double p/frame 15x10,72.25,0.00035284763144852925,99.89777089887531,5,641.0,1.0,Churned,Churned
glass bead hoop earrings amethyst,72.18,0.00035250577215162413,99.89812340464746,16,0.0,0.0,Weak,Weak
pink easter hens+flower,72.06,0.00035191972764264385,99.89847532437511,16,141.0,1.0,Churned,Churned
bili nut and wood necklace,71.9,0.00035113833496400355,99.89882646271008,9,14.0,0.0,Weak,Weak
glass and beads bracelet ivory,71.46000000000001,0.00034898950509774256,99.89917545221518,9,97.0,1.0,Churned,Churned
cerise+gold christmas stocking dec,71.44,0.0003488918310129125,99.89952434404618,17,416.0,1.0,Churned,Churned
s/3 pot pouri cushions blue colours,71.4,0.0003486964828432525,99.89987304052903,6,183.0,1.0,Churned,Churned
fire polished glass neckl bronze,71.4,0.0003486964828432525,99.90022173701188,8,358.0,1.0,Churned,Churned
fairy cakes  wall thermometer,71.39999999999999,0.00034869648284325237,99.90057043349472,10,577.0,1.0,Churned,Churned
new england mug w gift box,71.39999999999999,0.00034869648284325237,99.90091912997757,14,368.0,1.0,Churned,Churned
set of 36 vintage christmas doilies,71.27,0.00034806160129185717,99.90126719157885,8,,,Weak,Weak
pink flock suede cushion cover,71.25,0.0003479639272070271,99.90161515550606,6,168.0,1.0,Churned,Churned
tiny crystal bracelet green,71.17,0.00034757323086770695,99.90196272873693,10,2.0,0.0,Weak,Weak
decrotivevintage coffee grinder box,71.08,0.00034713369748597177,99.90230986243442,6,,,Weak,Weak
amber fine bead necklace w tassel,71.0,0.00034674300114665156,99.90265660543557,9,1.0,0.0,Weak,Weak
white allium  artificial flower,70.98,0.00034664532706182155,99.90300325076262,11,120.0,1.0,Churned,Churned
hearts pencil/rubber+5 mini pencils,70.98,0.00034664532706182155,99.90334989608968,10,564.0,1.0,Churned,Churned
pink butterfly c/cover,70.82,0.00034586393438318114,99.90369576002406,6,162.0,1.0,Churned,Churned
yellow/blue retro radio,70.80000000000001,0.0003457662602983512,99.90404152628436,12,2.0,0.0,Weak,Weak
green drop earrings w bead cluster,70.6,0.0003447895194500507,99.9043863158038,15,1.0,0.0,Weak,Weak
porcelain hanging bell large,70.5,0.00034430114902590054,99.90473061695283,10,375.0,1.0,Churned,Churned
white enamel flower hair tie,70.49,0.00034425231198348546,99.90507486926482,16,0.0,0.0,Weak,Weak
cracked glaze necklace ivory,70.16,0.00034264068958378977,99.9054175099544,6,30.0,0.0,Weak,Weak
set of 36 dolly girl paper doilies,69.66,0.0003401988374630387,99.90575770879187,15,,,Weak,Weak
pink/amethyst/gold necklace,69.62,0.00034000348929337867,99.90609771228117,5,190.0,1.0,Churned,Churned
dotcomgiftshop gift voucher £80.00,69.56,0.0003397104670388885,99.90643742274821,1,724.0,1.0,Churned,Churned
cream c/cover w yellow/green flower,69.5,0.0003394174447843984,99.90677684019299,3,438.0,1.0,Churned,Churned
round purple clock with sucker,69.35,0.00033868488914817307,99.90711552508213,24,,,Weak,Weak
happy anniversary candle letters,69.18,0.00033785465942711774,99.90745337974155,14,379.0,1.0,Churned,Churned
blue felt hanging heart w flower,69.1,0.0003374639630877975,99.90779084370465,16,51.0,0.0,Weak,At Risk
diamante hair grip pack/2 montana,68.17999999999999,0.00033297095518561553,99.90812381465983,23,0.0,0.0,Weak,Weak
metal base for candles,68.1,0.0003325802588462954,99.90845639491867,12,196.0,1.0,Churned,Churned
assorted colour suction cup hook,68.02,0.0003321895625069752,99.90878858448119,31,4.0,0.0,Weak,Weak
silver monte carlo handbag,68.0,0.00033209188842214517,99.90912067636961,3,567.0,1.0,Churned,Churned
haynes camper shoulder bag,67.94,0.000331798866167655,99.90945247523578,4,225.0,1.0,Churned,Churned
pink sweetie necklace,67.9,0.00033160351799799495,99.90978407875377,7,101.0,1.0,Churned,Churned
glass bead hoop necklace montana,67.82,0.00033121282165867475,99.91011529157544,7,252.0,1.0,Churned,Churned
glass bead hoop necklace green,67.82,0.00033121282165867475,99.9104465043971,6,30.0,0.0,Weak,Weak
tree of noah festive scented candle,67.8,0.00033111514757384474,99.91077761954467,11,717.0,1.0,Churned,Churned
flower burst silver ring green,67.77,0.0003309686364465997,99.91110858818112,11,477.0,1.0,Churned,Churned
pink paisley photo album,67.71000000000001,0.0003306756141921096,99.91143926379532,4,476.0,1.0,Churned,Churned
pink/white glass demi choker,67.64,0.0003303337548952044,99.9117695975502,5,360.0,1.0,Churned,Churned
new baroque b'fly necklace crystal,67.61,0.00033018724376795934,99.91209978479397,6,8.0,0.0,Weak,Weak
blue table run flower,67.5,0.0003296500363013941,99.91242943483027,14,8.0,0.0,Weak,Weak
scotts roses tile coaster,67.5,0.0003296500363013941,99.91275908486658,10,599.0,1.0,Churned,Churned
english rose set/3 garden tools,67.25,0.00032842911024101855,99.91308751397682,4,722.0,1.0,Churned,Churned
"letter ""p"" bling key ring",66.59,0.0003252058654416272,99.91341271984226,33,0.0,0.0,Weak,Weak
"acrylic hanging jewel,pink",66.55,0.00032501051727196705,99.91373773035953,7,25.0,0.0,Weak,Weak
tiny crystal bracelet red,66.31,0.0003238384282540066,99.91406156878779,12,318.0,1.0,Churned,Churned
tiny crystal bracelet blue,66.08,0.00032271517627846107,99.91438428396407,13,2.0,0.0,Weak,Weak
occasions gift card assortment,66.0,0.0003223244799391409,99.914706608444,1,728.0,1.0,Churned,Churned
large fibre optic christmas tree,65.76,0.0003211523909211804,99.91502776083493,11,716.0,1.0,Churned,Churned
purple fine bead necklace w tassel,65.31,0.00031895472401250445,99.91534671555894,9,3.0,0.0,Weak,Weak
large zinc/glass candleholder,65.23,0.0003185640276731843,99.91566527958662,9,0.0,0.0,Weak,Weak
english rose photo frame,65.10000000000001,0.00031792914612178904,99.91598320873274,7,610.0,1.0,Churned,Churned
light decoration battery operated,65.10000000000001,0.00031792914612178904,99.91630113787886,5,37.0,0.0,Weak,At Risk
ivory pendant triple shell necklace,64.94,0.00031714775344314863,99.91661828563231,9,0.0,0.0,Weak,Weak
biscuit tin vintage leaf,64.56,0.00031529194583137783,99.91693357757813,3,,,Weak,Weak
white with metal bag charm,64.35,0.00031426636794066237,99.91724784394607,7,154.0,1.0,Churned,Churned
crochet dog keyring,64.35,0.00031426636794066237,99.91756211031401,8,63.0,1.0,Churned,Churned
black diamond cluster necklace,64.09,0.00031299660483787185,99.91787510691884,6,10.0,0.0,Weak,Weak
multicolour glass plate,63.800000000000004,0.00031158033060783624,99.91818668724945,16,429.0,1.0,Churned,Churned
16 pc cutlery set pantry design,63.8,0.0003115803306078362,99.91849826758005,1,,,Weak,Weak
s/6 paper boxes blossom images,63.75,0.0003113361453957611,99.91880960372545,10,400.0,1.0,Churned,Churned
blue tiled set of 3 drawers,63.75,0.0003113361453957611,99.91912093987085,1,693.0,1.0,Churned,Churned
s/6 paper boxes romantic images,63.75,0.0003113361453957611,99.91943227601625,10,482.0,1.0,Churned,Churned
"cat food container , vintage",63.5,0.0003101152193353856,99.91974239123559,3,,,Weak,Weak
vintage keepsake box beauty girl,63.5,0.0003101152193353856,99.92005250645492,4,679.0,1.0,Churned,Churned
large mint diamante hairslide,63.46,0.00030991987116572547,99.9203624263261,22,15.0,0.0,Weak,Weak
purple/blue ceramic candle holder,63.28,0.0003090408044022551,99.92067146713049,13,143.0,1.0,Churned,Churned
"wrap , summer rose design",63.0,0.0003076733672146345,99.9209791404977,6,59.0,0.0,Weak,At Risk
ivory sculpted rnd candle,62.89999999999999,0.00030718499679048425,99.92128632549449,13,25.0,0.0,Weak,Weak
blue knitted kid's rucksack,62.35,0.0003044989594576581,99.92159082445394,5,594.0,1.0,Churned,Churned
black feather christmas decoration,62.3,0.00030425477424558296,99.9218950792282,17,85.0,1.0,Churned,Churned
fuschia voile pointy shoe dec,62.01,0.00030283850001554735,99.92219791772821,16,98.0,1.0,Churned,Churned
pink/yellow rabbit sat easter,61.92,0.0003023989666338122,99.92250031669485,29,,,Weak,Weak
blue stones on wire for candle,61.78,0.0003017152480400019,99.9228020319429,34,35.0,0.0,Weak,At Risk
red spotty passport cover,61.76,0.00030161757395517186,99.92310364951685,14,673.0,1.0,Churned,Churned
flowers handbag blue and orange,61.25,0.00029912688479200576,99.92340277640164,3,,,Weak,Weak
geranium folkart heart decoration,61.25,0.00029912688479200576,99.92370190328644,13,627.0,1.0,Churned,Churned
wooden star christmas scandispot,61.2,0.00029888269957993065,99.92400078598602,2,,,Weak,Weak
"wall art ,puddings",61.2,0.00029888269957993065,99.9242996686856,2,,,Weak,Weak
feltcraft hairbands pink + white,61.199999999999996,0.00029888269957993065,99.92459855138519,6,0.0,0.0,Weak,Weak
"letter ""i"" bling key ring",61.0,0.0002979059587316302,99.92489645734392,27,0.0,0.0,Weak,Weak
magic slate dinosaur,60.480000000000004,0.00029536643252604913,99.92519182377644,3,,,Weak,Weak
red peony des c/cover,60.45,0.00029521992139880404,99.92548704369784,6,31.0,0.0,Weak,At Risk
birthday banner tape,60.0,0.0002930222544901281,99.92578006595234,3,,,Weak,Weak
pink square compact mirror,60.0,0.0002930222544901281,99.92607308820683,12,373.0,1.0,Churned,Churned
tin can biscuits design,60.0,0.0002930222544901281,99.92636611046133,4,,,Weak,Weak
set 10 cards dressing up 17077,59.760000000000005,0.0002918501654721676,99.9266579606268,10,13.0,0.0,Weak,Weak
laser cut multi strand necklace,59.75,0.00029180132842975253,99.92694976195523,4,226.0,1.0,Churned,Churned
daisy ring,59.65,0.00029131295800560237,99.92724107491324,27,637.0,1.0,Churned,Churned
dotcomgiftshop gift voucher £70.00,59.57,0.00029092226166628217,99.92753199717491,1,543.0,1.0,Churned,Churned
blue butterfly on spring,59.5,0.00029058040236937705,99.92782257757727,8,491.0,1.0,Churned,Churned
pink crochet cat with scarf,59.5,0.00029058040236937705,99.92811315797964,11,622.0,1.0,Churned,Churned
i love london wall art,59.400000000000006,0.00029009203194522683,99.92840325001158,2,0.0,0.0,Weak,Weak
round food container s/5 retrospot,59.400000000000006,0.00029009203194522683,99.92869334204353,3,,,Weak,Weak
rustic strawberry jampot small,59.400000000000006,0.00029009203194522683,99.92898343407548,3,11.0,0.0,Weak,Weak
childrens circus parade mug,59.400000000000006,0.00029009203194522683,99.92927352610742,3,1.0,0.0,Weak,Weak
vintage bead filled pink cushion,59.400000000000006,0.00029009203194522683,99.92956361813937,5,491.0,1.0,Churned,Churned
hand open shape black,59.330000000000005,0.0002897501726483217,99.92985336831202,6,633.0,1.0,Churned,Churned
black crystal drop earrings,59.06,0.0002884315725031161,99.93014179988452,15,8.0,0.0,Weak,Weak
rabbit easter decoration,59.00000000000001,0.00028813855024862597,99.93042993843477,5,226.0,1.0,Churned,Churned
calendar family favorites,59.0,0.00028813855024862597,99.93071807698502,4,0.0,0.0,Weak,Weak
"icon alarm clock,fuschia  pin up",58.65,0.0002864292537641002,99.93100450623878,7,474.0,1.0,Churned,Churned
pink large jeweled photoframe,58.64999999999999,0.00028642925376410017,99.93129093549254,11,550.0,1.0,Churned,Churned
drop earrings w flower & leaf,58.5,0.0002856966981278749,99.93157663219067,20,0.0,0.0,Weak,Weak
green peony des c/cover,58.370000000000005,0.00028506181657647964,99.93186169400724,5,31.0,0.0,Weak,At Risk
hen house w family in barn & nest,58.31,0.0002847687943219895,99.93214646280155,18,184.0,1.0,Churned,Churned
"acrylic jewel angel,blue",58.07,0.000283596705304029,99.93243005950686,3,574.0,1.0,Churned,Churned
white/blue rect ceramic oil burner,58.05,0.00028349903121919893,99.93271355853807,13,62.0,1.0,Churned,Churned
sky blue colour glass gems in bag,57.98,0.00028315717192229376,99.93299671570999,11,584.0,1.0,Churned,Churned
"jewelled decoration,blue",57.0,0.0002783711417656217,99.93327508685175,3,609.0,1.0,Churned,Churned
burg flock gold cup/candle,56.9,0.00027788277134147146,99.9335529696231,8,723.0,1.0,Churned,Churned
purple las vegas bracelet round,56.25,0.0002747083635844951,99.93382767798668,7,93.0,1.0,Churned,Churned
blue flower des purse,56.16,0.0002742688302027599,99.93410194681688,10,190.0,1.0,Churned,Churned
crystal large jewelled photo frame,56.099999999999994,0.00027397580794826973,99.93437592262482,10,598.0,1.0,Churned,Churned
ivory shell heart earrings,55.879999999999995,0.0002729013930151393,99.93464882401784,18,9.0,0.0,Weak,Weak
padded red heart decoration,55.76,0.00027231534850615907,99.93492113936635,22,438.0,1.0,Churned,Churned
black 3 bead drop earrings,55.74,0.000272217674421329,99.93519335704077,13,0.0,0.0,Weak,Weak
classic diamante earrings jet,55.690000000000005,0.0002719734892092539,99.93546533052998,14,0.0,0.0,Weak,Weak
"letter ""t"" bling key ring",55.57,0.00027138744470027367,99.93573671797468,24,3.0,0.0,Weak,Weak
antique mid blue flower earrings,55.120000000000005,0.0002691897777915977,99.93600590775247,10,30.0,0.0,Weak,Weak
welcome metal sign,55.0,0.0002686037332826174,99.93627451148576,8,725.0,1.0,Churned,Churned
silver m.o.p. orbit necklace,54.800000000000004,0.000267626992434317,99.9365421384782,6,,,Weak,Weak
orange/fuschia stones necklace,54.620000000000005,0.00026674792567084663,99.93680888640387,4,234.0,1.0,Churned,Churned
mop pendant shell necklace,54.59,0.0002666014145436016,99.9370754878184,5,46.0,0.0,Weak,At Risk
copper and brass bag charm,54.510000000000005,0.0002662107182042814,99.93734169853661,6,52.0,0.0,Weak,At Risk
silver looking mirror,54.45,0.00026591769594979124,99.93760761623257,8,282.0,1.0,Churned,Churned
porcelain cherub bell large,54.449999999999996,0.0002659176959497912,99.93787353392852,9,374.0,1.0,Churned,Churned
pink crystal guitar phone charm,54.4,0.00026567351073771613,99.93813920743926,9,278.0,1.0,Churned,Churned
green pop art mao cushion cover,54.34,0.000265380488483226,99.93840458792775,22,279.0,1.0,Churned,Churned
party pizza dish blue white spot,54.28,0.0002650874662287359,99.93866967539398,17,,,Weak,Weak
spaceboy mini rucksack,53.95,0.00026347584382904017,99.9389331512378,4,,,Weak,Weak
birdcage decoration magic garden,53.55,0.0002615223621324393,99.93919467359994,3,0.0,0.0,Weak,Weak
set/4 garden rose dinner candle,53.11,0.00025937353226617837,99.9394540471322,15,309.0,1.0,Churned,Churned
yellow + brown bear felt purse kit,52.65,0.0002571270283150874,99.93971117416052,15,581.0,1.0,Churned,Churned
carnation square handy tin,52.5,0.00025639447267886205,99.93996756863321,14,477.0,1.0,Churned,Churned
opulent velvet candle in box,52.2,0.00025492936140641146,99.94022249799461,7,716.0,1.0,Churned,Churned
doorknob ceramic ivory,52.2,0.00025492936140641146,99.94047742735602,1,,,Weak,Weak
reto leaves magnetic shopping list,52.199999999999996,0.0002549293614064114,99.94073235671742,3,,,Weak,Weak
blue col metal folding chair,51.8,0.0002529758797098106,99.94098533259712,5,588.0,1.0,Churned,Churned
geranium square handy tin,51.25,0.0002502898423769844,99.94123562243949,11,413.0,1.0,Churned,Churned
purple dress jewellery stand,51.14,0.00024975263491041916,99.94148537507441,4,140.0,1.0,Churned,Churned
assorted santa christmas decoration,51.13999999999999,0.00024975263491041916,99.94173512770932,7,730.0,1.0,Churned,Churned
set/4 black  baroque flock coaster,51.0,0.0002490689163166089,99.94198419662564,4,408.0,1.0,Churned,Churned
polyester filler pad 60x40cm,51.0,0.0002490689163166089,99.94223326554196,6,217.0,1.0,Churned,Churned
cream sweetheart double shelf,50.85,0.00024833636068038355,99.94248160190264,1,728.0,1.0,Churned,Churned
"bread bin, diner style, red",50.849999999999994,0.0002483363606803835,99.94272993826333,2,,,Weak,Weak
"number tile vintage font, no",50.7,0.0002476038050441583,99.94297754206838,3,4.0,0.0,Weak,Weak
blue felt hanging heart with flower,50.57,0.00024696892349276297,99.94322451099187,30,,,Weak,Weak
white silver necklace shell glass,50.48,0.00024652939011102773,99.94347104038198,5,234.0,1.0,Churned,Churned
strawbery swirl flare candle,50.400000000000006,0.00024613869377170764,99.94371717907575,7,617.0,1.0,Churned,Churned
hen & 2 chicks in basket,50.15,0.0002449177677113321,99.94396209684346,7,628.0,1.0,Churned,Churned
orange pendant triple shell necklac,50.06,0.00024447823432959686,99.9442065750778,5,58.0,0.0,Weak,At Risk
set/2 christmas decoupage candles,50.0,0.0002441852120751067,99.94445076028987,6,15.0,0.0,Weak,Weak
set 10 card kraft reindeer 17084,49.800000000000004,0.00024320847122680635,99.9446939687611,14,1.0,0.0,Weak,Weak
vegetable magnetic  shopping list,49.8,0.0002432084712268063,99.94493717723233,3,,,Weak,Weak
cracked glaze necklace brown,49.58,0.00024213405629367583,99.94517931128863,5,23.0,0.0,Weak,Weak
cordial jug,49.5,0.00024174335995435568,99.94542105464858,2,,,Weak,Weak
fairy cakes gift bag,49.14,0.00023998522642741492,99.945661039875,11,633.0,1.0,Churned,Churned
yellow/pink ceramic candle holder,48.3,0.0002358829148645531,99.94589692278987,13,38.0,0.0,Weak,At Risk
set/16 white shiny & matt baubles,48.3,0.0002358829148645531,99.94613280570474,24,395.0,1.0,Churned,Churned
crystal czech cross phone charm,48.08,0.00023480849993142263,99.94636761420466,15,1.0,0.0,Weak,Weak
carousel childrens apron,47.97,0.00023427129246485738,99.94660188549713,12,,,Weak,Weak
ornate edwardian candle holder,47.7,0.00023295269231965186,99.94683483818945,4,693.0,1.0,Churned,Churned
"wall art , loves' secret",47.6,0.00023246432189550162,99.94706730251134,2,,,Weak,Weak
gothic carriage lantern,47.6,0.00023246432189550162,99.94729976683324,4,616.0,1.0,Churned,Churned
vintage notebook french letter,47.20000000000001,0.0002305108401989008,99.94753027767344,4,675.0,1.0,Churned,Churned
brown vintage victorian earrings,47.120000000000005,0.00023012014385958063,99.94776039781729,6,134.0,1.0,Churned,Churned
"pet mug, goldfish",47.12,0.0002301201438595806,99.94799051796114,28,3.0,0.0,Weak,Weak
hen house w chick in nest,47.04,0.00022972944752026043,99.94822024740867,13,269.0,1.0,Churned,Churned
black glass/shell/pearl necklace,46.93,0.0002291922400536952,99.94844943964873,5,234.0,1.0,Churned,Churned
trellis flower chopsticks set/5,46.8,0.0002285573585022999,99.94867799700722,9,648.0,1.0,Churned,Churned
blue monte carlo handbag,46.8,0.0002285573585022999,99.94890655436572,1,140.0,1.0,Churned,Churned
antique opal white flower earrings,46.7,0.00022806898807814973,99.9491346233538,10,49.0,0.0,Weak,At Risk
antique raspberry flower earrings,46.6,0.00022758061765399947,99.94936220397145,10,38.0,0.0,Weak,At Risk
round blue clock w/sucker,46.56,0.00022738526948433942,99.94958958924093,11,135.0,1.0,Churned,Churned
yellow/pink flower design big mug,46.56,0.00022738526948433942,99.94981697451041,23,18.0,0.0,Weak,Weak
teatime pencil with rubber,46.45,0.00022684806201777417,99.95004382257243,8,599.0,1.0,Churned,Churned
fuschia table run flower,46.25,0.00022587132116947374,99.95026969389359,7,184.0,1.0,Churned,Churned
white wire plant pot holder,46.24,0.00022582248412705873,99.95049551637771,2,0.0,0.0,Weak,Weak
pink leaves and beads phone charm,46.21,0.00022567597299981364,99.95072119235071,10,135.0,1.0,Churned,Churned
lilac votive candle,46.2,0.00022562713595739866,99.95094681948667,11,165.0,1.0,Churned,Churned
padded holly christmas decoration,46.17,0.0002254806248301536,99.95117230011151,21,427.0,1.0,Churned,Churned
paper lantern 5 point studded star,46.0,0.0002246503951090982,99.95139695050662,4,,,Weak,Weak
candy stripe rose quilt,45.95,0.00022440620989702312,99.95162135671652,1,730.0,1.0,Churned,Churned
set of 4 napkin charm cutlery,45.900000000000006,0.00022416202468494801,99.9518455187412,3,,,Weak,Weak
black assorted droplet decoration,45.76,0.00022347830609113767,99.95206899704729,3,380.0,1.0,Churned,Churned
pizza dish slice,45.0,0.00021976669086759605,99.95228876373815,2,,,Weak,Weak
wrap speed demons,45.0,0.00021976669086759605,99.95250853042901,2,717.0,1.0,Churned,Churned
tin can kings choice design,45.0,0.00021976669086759605,99.95272829711988,3,,,Weak,Weak
set/6 christmas icicle t-lights,45.0,0.00021976669086759605,99.95294806381074,10,728.0,1.0,Churned,Churned
set 6 cards sparkly reindeer 17262,44.910000000000004,0.00021932715748586092,99.95316739096822,4,6.0,0.0,Weak,Weak
diamante hair grip pack/2 black dia,44.87,0.00021913180931620077,99.95338652277754,16,3.0,0.0,Weak,Weak
medina stamped metal tray,44.849999999999994,0.00021903413523137073,99.95360555691276,2,737.0,1.0,Churned,Churned
orange/wht/fuschia stones necklace,44.75,0.00021854576480722054,99.95382410267757,3,227.0,1.0,Churned,Churned
amber glass bracelet heart charms,44.550000000000004,0.0002175690239589201,99.95404167170153,4,611.0,1.0,Churned,Churned
s/3 french vanilla squ candle,44.55,0.00021756902395892008,99.95425924072549,12,523.0,1.0,Churned,Churned
midnight blue crystal drop earrings,44.28,0.0002162504238137145,99.95447549114931,15,14.0,0.0,Weak,Weak
"pink roses/gingham patch rabbit 8""",44.25000000000001,0.0002161039126864695,99.954691595062,9,677.0,1.0,Churned,Churned
ivory rose lampshade,44.25,0.0002161039126864695,99.9549076989747,9,513.0,1.0,Churned,Churned
amber bertie glass bead bag charm,44.19,0.00021581089043197933,99.95512350986513,17,196.0,1.0,Churned,Churned
origami lavender incense cones,43.75,0.00021366206056571842,99.95533717192569,2,729.0,1.0,Churned,Churned
"retro pill box key chain,the king",43.65,0.00021317369014156818,99.95555034561583,14,0.0,0.0,Weak,Weak
pink tall porcelain t-light holder,43.349999999999994,0.00021170857886911753,99.95576205419471,12,169.0,1.0,Churned,Churned
freshwater pearl bracelet pink,43.349999999999994,0.00021170857886911753,99.95597376277358,6,379.0,1.0,Churned,Churned
"acrylic bead chain, pink",43.32,0.0002115620677418725,99.95618532484133,1,681.0,1.0,Churned,Churned
cracked glaze earrings red,43.019999999999996,0.00021009695646942181,99.9563954217978,17,1.0,0.0,Weak,Weak
t-light holder silver saucer,42.92,0.00020960858604527163,99.95660503038384,8,3.0,0.0,Weak,Weak
wrap summer rose design,42.84,0.00020921788970595148,99.95681424827355,5,,,Weak,Weak
hypochondriac pill stress ball,42.64,0.00020824114885765105,99.9570224894224,9,399.0,1.0,Churned,Churned
new baroque b'fly necklace black,42.5,0.00020755743026384073,99.95723004685266,4,399.0,1.0,Churned,Churned
party pizza dish green white spot,42.3,0.0002065806894155403,99.95743662754208,15,,,Weak,Weak
amber bertie mobile phone charm,42.1,0.00020560394856723987,99.95764223149065,5,146.0,1.0,Churned,Churned
black flock gold candle,42.08,0.00020550627448240983,99.95784773776514,6,725.0,1.0,Churned,Churned
wrap  vintage doiley,42.0,0.00020511557814308965,99.95805285334328,2,,,Weak,Weak
gold cosmetics bag with butterfly,42.0,0.00020511557814308965,99.95825796892142,11,360.0,1.0,Churned,Churned
blue/nat shell necklace w pendant,41.650000000000006,0.00020340628165856393,99.95846137520307,4,297.0,1.0,Churned,Churned
black new baroque flock box,41.65,0.0002034062816585639,99.95866478148473,4,388.0,1.0,Churned,Churned
fire polished glass neckl silver,41.65,0.0002034062816585639,99.95886818776638,3,523.0,1.0,Churned,Churned
paper lantern 5 point star moon 30,41.5,0.0002026737260223386,99.9590708614924,5,2.0,0.0,Weak,Weak
set 4 easter decoupage oval boxes,41.300000000000004,0.0002016969851740382,99.95927255847758,7,626.0,1.0,Churned,Churned
"flower fairy mug+coaster,lavender",41.25,0.0002014527999619631,99.95947401127754,8,382.0,1.0,Churned,Churned
cream bunny easter egg basket,41.25,0.0002014527999619631,99.95967546407749,3,9.0,0.0,Weak,Weak
glass bead hoop earrings green,41.17,0.00020106210362264292,99.95987652618112,12,13.0,0.0,Weak,Weak
black drop earrings w long beads,41.019999999999996,0.00020032954798641754,99.9600768557291,14,0.0,0.0,Weak,Weak
black drop earrings w long beads,41.019999999999996,0.00020032954798641754,99.9600768557291,14,38.0,0.0,Weak,At Risk
glow in the dark shot glasses,41.01,0.00020028071094400256,99.96027713644004,3,437.0,1.0,Churned,Churned
pair pink/black coathangers,40.95,0.00019998768868951245,99.96047712412873,7,383.0,1.0,Churned,Churned
cannabis leaf bead curtain,40.8,0.0001992551330532871,99.96067637926178,3,108.0,1.0,Churned,Churned
miniture antique rose hook ivory,40.8,0.0001992551330532871,99.96087563439484,4,,,Weak,Weak
white foxglove artiifcial flower,40.8,0.0001992551330532871,99.9610748895279,3,672.0,1.0,Churned,Churned
polkadot pens,40.8,0.0001992551330532871,99.96127414466095,1,,,Weak,Weak
wine bottle dressing dark blue,40.519999999999996,0.00019788769586566646,99.96147203235681,27,171.0,1.0,Churned,Churned
pale pink/amethyst stone necklace,40.47,0.00019764351065359138,99.96166967586747,3,227.0,1.0,Churned,Churned
silver/nat shell necklace w pendant,40.34,0.00019700862910219613,99.96186668449657,7,8.0,0.0,Weak,Weak
magic slate leap frog,40.32,0.0001969109550173661,99.96206359545158,2,,,Weak,Weak
magic slate go to the fair,40.32,0.0001969109550173661,99.9622605064066,2,,,Weak,Weak
round blue clock with sucker,40.09,0.00019578770304182062,99.96245629410963,10,,,Weak,Weak
jazz hearts spiral notepad,39.949999999999996,0.00019510398444801027,99.96265139809408,12,682.0,1.0,Churned,Churned
rococo wall miror,39.9,0.0001948597992359352,99.96284625789332,1,,,Weak,Weak
wine bottle dressing lt.blue,39.87,0.0001947132881086901,99.96304097118143,25,233.0,1.0,Churned,Churned
hardman mug 3 assorted,39.81,0.00019442026585419998,99.96323539144728,14,50.0,0.0,Weak,At Risk
teatime round cake tins,39.8,0.00019437142881178498,99.9634297628761,1,737.0,1.0,Churned,Churned
"cat bowl, enamel , cream colour",39.0,0.00019046446541858326,99.96362022734152,2,,,Weak,Weak
cognac aux oeufs metal 1 hook,38.75,0.00018924353935820772,99.96380947088088,11,413.0,1.0,Churned,Churned
folkart zinc clip on angel wings,38.379999999999995,0.0001874365687888519,99.96399690744967,11,442.0,1.0,Churned,Churned
red stone/crystal earrings,38.31,0.00018709470949194678,99.96418400215916,8,10.0,0.0,Weak,Weak
glass bead hoop earrings montana,38.28,0.00018694819836470174,99.96437095035752,10,13.0,0.0,Weak,Weak
diamante necklace black,37.620000000000005,0.00018372495356531034,99.96455467531108,4,22.0,0.0,Weak,Weak
s/4 black disco partition panel,37.620000000000005,0.00018372495356531034,99.96473840026464,2,58.0,0.0,Weak,At Risk
fire polished glass bracelet red,37.61,0.0001836761165228953,99.96492207638116,5,3.0,0.0,Weak,Weak
yellow birds felt des foodcover,37.5,0.00018313890905633006,99.96510521529021,5,675.0,1.0,Churned,Churned
glass wine glass decorations,37.5,0.00018313890905633006,99.96528835419926,9,583.0,1.0,Churned,Churned
pasta enamel/brass container,37.5,0.00018313890905633006,99.96547149310831,8,569.0,1.0,Churned,Churned
paper lantern 9 point holly star 40,37.5,0.00018313890905633006,99.96565463201736,3,3.0,0.0,Weak,Weak
red peony photo frame,37.2,0.00018167379778387944,99.96583630581515,5,599.0,1.0,Churned,Churned
pink bertie mobile phone charm,37.14,0.0001813807755293893,99.96601768659067,5,361.0,1.0,Churned,Churned
"greeting card, the black cat",37.04,0.00018089240510523908,99.96619857899579,17,550.0,1.0,Churned,Churned
spherical ivory candle,36.96,0.0001805017087659189,99.96637908070456,13,470.0,1.0,Churned,Churned
the king gift bag 25x24x12cm,36.96,0.0001805017087659189,99.96655958241332,13,11.0,0.0,Weak,Weak
money box first aid design,36.78,0.00017962264200244854,99.96673920505533,11,,,Weak,Weak
origami opium incense cones,36.599999999999994,0.00017874357523897812,99.96691794863057,6,476.0,1.0,Churned,Churned
rose pendant triple shell necklace,36.33,0.00017742497509377255,99.96709537360566,5,144.0,1.0,Churned,Churned
"letter ""f"" bling key ring",36.28,0.00017718078988169747,99.96727255439554,27,1.0,0.0,Weak,Weak
tiny crystals bracelet black,35.870000000000005,0.0001751784711426816,99.96744773286667,8,533.0,1.0,Churned,Churned
set of 4 pastel stacking mugs,35.7,0.00017434824142162624,99.96762208110809,7,617.0,1.0,Churned,Churned
fire polished glass neckl gold,35.7,0.00017434824142162624,99.9677964293495,4,358.0,1.0,Churned,Churned
light topaz teal/aqua col necklace,35.63,0.0001740063821247211,99.96797043573163,7,101.0,1.0,Churned,Churned
green crystal drop earrings,35.33,0.00017254127085227042,99.96814297700249,7,15.0,0.0,Weak,Weak
blue/green shell necklace w pendant,35.26,0.00017219941155536525,99.96831517641404,5,361.0,1.0,Churned,Churned
"retro pill box , revolutionary",35.14,0.00017161336704638502,99.96848678978108,11,11.0,0.0,Weak,Weak
blue hanging gingham easter hen,34.86,0.00017024592985876444,99.96865703571095,17,226.0,1.0,Churned,Churned
miso pretty  gum,34.82,0.00017005058168910434,99.96882708629263,30,412.0,1.0,Churned,Churned
leaves magnetic  shopping list,34.8,0.00016995290760427428,99.96899703920023,2,,,Weak,Weak
blue baby boy's memory box,34.75,0.0001697087223921992,99.96916674792263,4,579.0,1.0,Churned,Churned
crochet poodle keyring,34.65,0.00016922035196804895,99.96933596827459,3,512.0,1.0,Churned,Churned
lily brooch white/silver colour,34.65,0.00016922035196804895,99.96950518862656,3,204.0,1.0,Churned,Churned
small folkart christmas tree dec,34.62,0.0001690738408408039,99.9696742624674,4,574.0,1.0,Churned,Churned
"dog bowl, enamel , cream colour",34.0,0.00016604594421107258,99.9698403084116,2,,,Weak,Weak
m/colour pom-pom curtain,34.0,0.00016604594421107258,99.97000635435582,4,301.0,1.0,Churned,Churned
frying pan pink retrospot,33.97,0.0001658994330838275,99.9701722537889,3,,,Weak,Weak
pink vintage victorian choker,33.75,0.00016482501815069705,99.97033707880705,2,427.0,1.0,Churned,Churned
flower blue clock with sucker,33.64,0.00016428781068413183,99.97050136661774,8,,,Weak,Weak
dolly girl mini rucksack,33.2,0.0001621389808178709,99.97066350559855,2,,,Weak,Weak
set of 3 rabbit egg easter,33.15,0.00016189479560579575,99.97082540039416,16,531.0,1.0,Churned,Churned
montana diamond cluster earrings,33.0,0.00016116223996957046,99.97098656263414,7,15.0,0.0,Weak,Weak
boxed glass ashtray,32.589999999999996,0.00015915992123055457,99.97114572255536,13,217.0,1.0,Churned,Churned
embroidered reindeer decoration,32.25,0.00015749946178844385,99.97130322201716,8,716.0,1.0,Churned,Churned
"letter ""o"" bling key ring",31.419999999999998,0.00015344598726799708,99.97145666800442,18,2.0,0.0,Weak,Weak
beaded crystal heart pink\on stick,31.299999999999997,0.0001528599427590168,99.97160952794718,11,0.0,0.0,Weak,Weak
set 10 cards cheerful robin 17065,31.200000000000003,0.00015237157233486662,99.97176189951952,10,8.0,0.0,Weak,Weak
set 12 colour pencils doiley,31.200000000000003,0.00015237157233486662,99.97191427109186,3,,,Weak,Weak
multicolour crusoe check lampshade,30.66,0.00014973437204445544,99.9720640054639,17,491.0,1.0,Churned,Churned
wooden heart christmas scandispot,30.6,0.00014944134978996532,99.9722134468137,1,,,Weak,Weak
baking mould chocolate cup cakes,30.6,0.00014944134978996532,99.97236288816349,2,,,Weak,Weak
baking mould cupcake chocolate,30.6,0.00014944134978996532,99.97251232951328,1,,,Weak,Weak
set of 4 napkin charms instument,30.6,0.00014944134978996532,99.97266177086307,2,,,Weak,Weak
electronic talking breath-a-loser,30.47,0.00014880646823857004,99.9728105773313,5,428.0,1.0,Churned,Churned
blue/yellow flower design big mug,30.419999999999998,0.00014856228302649493,99.97295913961433,17,18.0,0.0,Weak,Weak
pink hanging gingham easter hen,30.240000000000002,0.00014768321626302457,99.9731068228306,15,226.0,1.0,Churned,Churned
baroque butterfly earrings crystal,30.23,0.00014763437922060953,99.97325445720982,8,49.0,0.0,Weak,At Risk
assorted fragrance bath confetti,30.16,0.0001472925199237044,99.97340174972975,9,679.0,1.0,Churned,Churned
blue/yellow ceramic candle holder,30.08,0.0001469018235843842,99.97354865155333,8,143.0,1.0,Churned,Churned
drawer knob acrylic edwardian green,30.0,0.00014651112724506406,99.97369516268057,1,,,Weak,Weak
drawer knob acrylic edwardian pink,30.0,0.00014651112724506406,99.97384167380781,1,,,Weak,Weak
drawerknob acrylic edwardian purple,30.0,0.00014651112724506406,99.97398818493505,1,,,Weak,Weak
waveline surf ironing board cover,30.0,0.00014651112724506406,99.9741346960623,6,375.0,1.0,Churned,Churned
enamel jug pantry,30.0,0.00014651112724506406,99.97428120718953,2,,,Weak,Weak
enamel bowl pantry,30.0,0.00014651112724506406,99.97442771831678,2,,,Weak,Weak
tin can pocket money design,30.0,0.00014651112724506406,99.97457422944402,2,,,Weak,Weak
drawer knob acrylic edwardian clear,30.0,0.00014651112724506406,99.97472074057126,1,,,Weak,Weak
gift bag large 50's christmas,30.0,0.00014651112724506406,99.9748672516985,2,,,Weak,Weak
tin can housekeeping design,30.0,0.00014651112724506406,99.97501376282574,2,,,Weak,Weak
butterfly cushion cover,30.0,0.00014651112724506406,99.97516027395298,2,0.0,0.0,Weak,Weak
diamante necklace green,29.98,0.000146413453160234,99.97530668740615,3,6.0,0.0,Weak,Weak
french style wire door cabinet,29.95,0.00014626694203298893,99.97545295434819,1,737.0,1.0,Churned,Churned
camouflage backpack on wheels,29.849999999999998,0.0001457785716088387,99.97559873291979,2,730.0,1.0,Churned,Churned
dotcomgiftshop tea towel,29.81,0.00014558322343917864,99.97574431614323,3,162.0,1.0,Churned,Churned
"tray for tv dinner , dolly girl",29.700000000000003,0.00014504601597261342,99.97588936215921,1,,,Weak,Weak
"tray for tv dinner ,spaceboy",29.700000000000003,0.00014504601597261342,99.97603440817518,1,,,Weak,Weak
"wall art,only one person",29.700000000000003,0.00014504601597261342,99.97617945419115,1,,,Weak,Weak
dusty pink christmas tree 60cm,29.500000000000004,0.00014406927512431299,99.97632352346628,3,18.0,0.0,Weak,Weak
blue netting storage hanger,29.25,0.00014284834906393745,99.97646637181533,9,68.0,1.0,Churned,Churned
"letter ""v"" bling key ring",28.98,0.00014152974891873187,99.97660790156425,24,3.0,0.0,Weak,Weak
4 festive green dinner candles,28.93,0.00014128556370665677,99.97674918712795,3,,,Weak,Weak
pink/green flower design big mug,28.86,0.0001409437044097516,99.97689013083236,20,4.0,0.0,Weak,Weak
lilac gauze butterfly lampshade,28.56,0.00013947859313730098,99.9770296094255,18,76.0,1.0,Churned,Churned
pack of 12 doiley tissues,28.08,0.00013713441510137994,99.9771667438406,2,,,Weak,Weak
blue organdy round lampshade w bea,28.05,0.0001369879039741349,99.97730373174457,13,16.0,0.0,Weak,Weak
sandalwood incense in tin,27.71,0.00013532744453202415,99.9774390591891,8,698.0,1.0,Churned,Churned
set 10 xmas cards & badges 17070,27.39,0.0001337646591747435,99.97757282384826,6,10.0,0.0,Weak,Weak
set 10 cards out of order 17216,27.39,0.0001337646591747435,99.97770658850743,9,1.0,0.0,Weak,Weak
knitted pom pom hot water bottle,27.21,0.0001328855924112731,99.97783947409984,4,644.0,1.0,Churned,Churned
knitted pom pom hot water bottle,27.21,0.0001328855924112731,99.97783947409984,4,682.0,1.0,Churned,Churned
set/6 green spring  paper plate,27.2,0.00013283675536885807,99.97797231085521,7,535.0,1.0,Churned,Churned
blue baby boy's photo album,27.14,0.00013254373311436795,99.97810485458832,1,682.0,1.0,Churned,Churned
blue drop earrings w bead cluster,27.04,0.0001320553626902177,99.97823690995101,7,283.0,1.0,Churned,Churned
high resolution image,27.0,0.00013186001452055764,99.97836876996553,3,23.0,0.0,Weak,Weak
assorted coloured circle mobile,26.88,0.00013127397001157738,99.97850004393554,7,,,Weak,Weak
origami sandlewood incense in tube,26.7,0.000130394903248107,99.97863043883879,5,476.0,1.0,Churned,Churned
glass bead hoop earrings black,26.52,0.00012951583648463663,99.97875995467528,6,101.0,1.0,Churned,Churned
baroque butterfly earrings montana,26.5,0.00012941816239980656,99.97888937283768,7,185.0,1.0,Churned,Churned
3 piece jigsaw toadstools,26.4,0.00012892979197565635,99.97901830262965,2,1.0,0.0,Weak,Weak
silver heart compact mirror,26.25,0.00012819723633943102,99.97914649986599,4,642.0,1.0,Churned,Churned
set 10 cards wishing tree 17116,26.19,0.0001279042140849409,99.97927440408007,7,0.0,0.0,Weak,Weak
amber 3 bead drop earrings,26.16,0.00012775770295769584,99.97940216178303,9,2.0,0.0,Weak,Weak
green/blue flower design big mug,26.06,0.00012726933253354563,99.97952943111557,12,85.0,1.0,Churned,Churned
pearl and cherry quartz braclet,25.67,0.0001253646878793598,99.97965479580344,6,6.0,0.0,Weak,Weak
*usb office mirror ball,25.590000000000003,0.00012497399154003965,99.97977976979499,3,356.0,1.0,Churned,Churned
"organiser wood, antique white",25.5,0.00012453445815830444,99.97990430425314,2,241.0,1.0,Churned,Churned
green pendant shell necklace,25.45,0.00012429027294622933,99.98002859452609,4,356.0,1.0,Churned,Churned
camouflage dog collar,25.44,0.00012424143590381432,99.98015283596199,2,352.0,1.0,Churned,Churned
"letter ""y"" bling key ring",25.339999999999996,0.00012375306547966408,99.98027658902747,10,2.0,0.0,Weak,Weak
cracked glaze earrings brown,25.28,0.00012346004322517397,99.9804000490707,10,0.0,0.0,Weak,Weak
pink/white christmas tree 30cm,25.28,0.00012346004322517397,99.98052350911392,7,98.0,1.0,Churned,Churned
cracked glaze earrings ivory,25.23,0.00012321585801309886,99.98064672497193,10,62.0,1.0,Churned,Churned
green leaves and beads phone charm,25.04,0.00012228795420721344,99.98076901292615,6,71.0,1.0,Churned,Churned
"gumball coathook., black & white",25.0,0.00012209260603755336,99.98089110553218,4,212.0,1.0,Churned,Churned
ivory pantry hanging lamp,25.0,0.00012209260603755336,99.98101319813821,1,1.0,0.0,Weak,Weak
bell heart antique gold,24.96,0.00012189725786789329,99.98113509539608,1,,,Weak,Weak
set 10 cards perfect post 17090,24.900000000000002,0.00012160423561340317,99.9812566996317,7,20.0,0.0,Weak,Weak
set of 4 knick knack tins  doiley,24.9,0.00012160423561340315,99.98137830386732,1,,,Weak,Weak
crochet lilac/red bear keyring,24.75,0.00012087167997717784,99.9814991755473,5,13.0,0.0,Weak,Weak
blue tinsel garland,24.7,0.00012062749476510273,99.98161980304207,12,375.0,1.0,Churned,Churned
wood xmas tree 9 fig shelves,24.65,0.00012038330955302762,99.98174018635162,4,413.0,1.0,Churned,Churned
spots on red bookcover tape,24.36,0.00011896703532299201,99.98185915338694,18,32.0,0.0,Weak,At Risk
pink rabbit sitting easter,24.18,0.00011808796855952163,99.9819772413555,5,674.0,1.0,Churned,Churned
brown dog cannister w bone,23.8,0.00011623216094775081,99.98209347351644,3,662.0,1.0,Churned,Churned
blue leaves and beads phone charm,23.759999999999998,0.00011603681277809072,99.98220951032923,6,364.0,1.0,Churned,Churned
origami sandlewood incense cones,23.699999999999996,0.00011574379052360057,99.98232525411976,4,476.0,1.0,Churned,Churned
amber crystal drop earrings,23.61,0.00011530425714186541,99.9824405583769,8,84.0,1.0,Churned,Churned
dots ironing board cover,23.4,0.00011427867925114995,99.98255483705614,11,539.0,1.0,Churned,Churned
cannister vintage leaf design,23.4,0.00011427867925114995,99.98266911573539,2,,,Weak,Weak
set 10 card christmas welcome 17112,23.28,0.00011369263474216971,99.98278280837013,6,9.0,0.0,Weak,Weak
storage tin vintage doiley,23.13,0.00011296007910594437,99.98289576844924,2,,,Weak,Weak
zinc plant pot holder,23.12,0.00011291124206352937,99.98300867969131,1,,,Weak,Weak
carousel placemats,23.060000000000002,0.00011261821980903925,99.98312129791111,3,1.0,0.0,Weak,Weak
necklace+bracelet set pink blossom,22.91,0.0001118856641728139,99.98323318357528,3,530.0,1.0,Churned,Churned
zinc t-light holder stars large,22.8,0.00011134845670624867,99.98334453203199,2,,,Weak,Weak
yellow rabbit sat easter,22.63,0.0001105182269851933,99.98345505025898,6,616.0,1.0,Churned,Churned
baroque butterfly earrings green,22.56,0.00011017636768828817,99.98356522662667,6,410.0,1.0,Churned,Churned
bling key ring stand,22.5,0.00010988334543379803,99.9836751099721,11,2.0,0.0,Weak,Weak
"flower fairy mug+coaster,rose",22.5,0.00010988334543379803,99.98378499331753,1,381.0,1.0,Churned,Churned
gold 2 strand necklace-leaf charms,22.5,0.00010988334543379803,99.98389487666296,2,588.0,1.0,Churned,Churned
set 10 christmas cards hohoho 16956,22.410000000000004,0.00010944381205206287,99.98400432047501,4,1.0,0.0,Weak,Weak
set 10 cards scottie dog 17211,22.410000000000004,0.00010944381205206287,99.98411376428706,8,1.0,0.0,Weak,Weak
vintage bead chaise long jewel box,21.5,0.0001049996411922959,99.98421876392825,2,640.0,1.0,Churned,Churned
"letter ""z"" bling key ring",21.49,0.00010495080414988087,99.9843237147324,18,3.0,0.0,Weak,Weak
bird on branch canvas screen,21.45,0.0001047554559802208,99.98442847018838,1,141.0,1.0,Churned,Churned
yellow brown bear felt purse kit,21.28,0.00010392522625916545,99.98453239541463,6,,,Weak,Weak
turquoise christmas tree,21.25,0.00010377871513192036,99.98463617412976,9,19.0,0.0,Weak,Weak
ivory hanging decoration  rabbit,21.25,0.00010377871513192036,99.98473995284489,4,647.0,1.0,Churned,Churned
purple leaves and beads phone char,21.24,0.00010372987808950535,99.98484368272298,7,297.0,1.0,Churned,Churned
frying pan blue retrospot,21.22,0.00010363220400467528,99.98494731492698,3,,,Weak,Weak
dr. jam's arouzer stress ball,21.06,0.00010285081132603497,99.98505016573831,5,328.0,1.0,Churned,Churned
keep calm birthday wrap,21.0,0.00010255778907154483,99.98515272352739,2,1.0,0.0,Weak,Weak
s/16 black shiny/mat baubles,21.0,0.00010255778907154483,99.98525528131647,2,720.0,1.0,Churned,Churned
wrap a pretty thank you,21.0,0.00010255778907154483,99.98535783910555,2,9.0,0.0,Weak,Weak
woodland mini rucksack,20.75,0.0001013368630111693,99.98545917596856,2,,,Weak,Weak
cat camouflague collar,20.68,0.00010099500371426414,99.98556017097228,3,720.0,1.0,Churned,Churned
robot pencil sharpner,20.57,0.00010045779624769892,99.98566062876853,3,682.0,1.0,Churned,Churned
party pizza dish blue+white spot,20.4,9.962756652664355e-05,99.98576025633506,2,0.0,0.0,Weak,Weak
"pen, 10 colours - spaceboy",20.4,9.962756652664355e-05,99.98585988390158,1,,,Weak,Weak
purple tint acrylic flower vase,20.4,9.962756652664355e-05,99.98595951146811,4,403.0,1.0,Churned,Churned
party pizza dish pink+white spot,20.4,9.962756652664355e-05,99.98605913903464,2,0.0,0.0,Weak,Weak
magic slate bake a cake,20.16,9.845547750868304e-05,99.98615759451215,1,,,Weak,Weak
diamante bow brooch white colour,19.93,9.733222553313754e-05,99.98625492673769,3,666.0,1.0,Churned,Churned
set 10 cards jingle bells 17217,19.92,9.728338849072254e-05,99.98635221012617,7,0.0,0.0,Weak,Weak
set 10 cards snowy snowdrops  17100,19.92,9.728338849072254e-05,99.98644949351466,4,10.0,0.0,Weak,Weak
pink beads+hand phone charm,19.92,9.728338849072254e-05,99.98654677690314,2,146.0,1.0,Churned,Churned
set 10 cards jingle bells 16957,19.92,9.728338849072254e-05,99.98664406029162,5,21.0,0.0,Weak,Weak
doorknob cracked glaze green,19.8,9.669734398174227e-05,99.9867407576356,2,,,Weak,Weak
white satin dress jewel stand,19.8,9.669734398174227e-05,99.98683745497958,2,687.0,1.0,Churned,Churned
doorknob cracked glaze pink,19.8,9.669734398174227e-05,99.98693415232356,2,,,Weak,Weak
enamel dinner plate pantry,19.8,9.669734398174227e-05,99.98703084966753,1,,,Weak,Weak
yellow pink flower design big bowl,19.770000000000003,9.655083285449722e-05,99.98712740050038,5,240.0,1.0,Churned,Churned
yellow/orange flower design plate,19.72,9.630664764242208e-05,99.98722370714803,2,240.0,1.0,Churned,Churned
purple/copper hanging lampshade,19.55,9.547641792136674e-05,99.98731918356596,10,50.0,0.0,Weak,At Risk
pink flowers childs umbrella,19.5,9.523223270929163e-05,99.98741441579867,4,685.0,1.0,Churned,Churned
"retro tin ashtray,revolutionary",19.4,9.474386228514141e-05,99.98750915966096,4,114.0,1.0,Churned,Churned
jam jar with blue lid,18.98,9.269270650371053e-05,99.98760185236746,2,0.0,0.0,Weak,Weak
crystal chandelier t-light holder,18.75,9.156945452816503e-05,99.98769342182199,1,,,Weak,Weak
baroque butterfly earrings pink,18.69,9.12764322736749e-05,99.98778469825426,5,70.0,1.0,Churned,Churned
cute bird ceature screen,18.48,9.025085438295945e-05,99.98787494910864,6,112.0,1.0,Churned,Churned
camoflage cushion cover,18.15,8.863923198326374e-05,99.98796358834063,1,667.0,1.0,Churned,Churned
s/3 english lavender squ candle,18.15,8.863923198326374e-05,99.98805222757262,5,588.0,1.0,Churned,Churned
blue baroque flock candle holder,17.85,8.717412071081312e-05,99.98813940169333,1,702.0,1.0,Churned,Churned
blue tall porcelain t-light holder,17.849999999999998,8.717412071081309e-05,99.98822657581404,3,690.0,1.0,Churned,Churned
small single flame candle holder,17.849999999999998,8.717412071081309e-05,99.98831374993475,8,6.0,0.0,Weak,Weak
wood animals height chart stickers,17.700000000000003,8.64415650745878e-05,99.98840019149982,1,,,Weak,Weak
modern christmas tree candle,17.700000000000003,8.64415650745878e-05,99.9884866330649,4,722.0,1.0,Churned,Churned
modern christmas tree candle,17.700000000000003,8.64415650745878e-05,99.9884866330649,4,722.0,1.0,Churned,Churned
modern christmas tree candle,17.700000000000003,8.64415650745878e-05,99.9884866330649,4,721.0,1.0,Churned,Churned
amethyst 3 bead drop earrings,17.53,8.561133535353242e-05,99.98857224440025,6,1.0,0.0,Weak,Weak
set 10 cards xmas graphic  17218,17.43,8.512296492938222e-05,99.98865736736518,2,13.0,0.0,Weak,Weak
"number tile vintage font, 5",17.36,8.478110563247706e-05,99.9887421484708,1,,,Weak,Weak
"number tile vintage font, 8",17.36,8.478110563247706e-05,99.98882692957643,1,,,Weak,Weak
"number tile vintage font, 2",17.36,8.478110563247706e-05,99.98891171068206,1,0.0,0.0,Weak,Weak
"number tile vintage font, 4",17.36,8.478110563247706e-05,99.98899649178769,1,,,Weak,Weak
"number tile vintage font, 3",17.36,8.478110563247706e-05,99.98908127289332,1,,,Weak,Weak
"number tile vintage font, 1",17.36,8.478110563247706e-05,99.98916605399894,1,24.0,0.0,Weak,Weak
"number tile vintage font, 0",17.36,8.478110563247706e-05,99.98925083510457,1,,,Weak,Weak
"number tile vintage font, 6",17.36,8.478110563247706e-05,99.9893356162102,1,,,Weak,Weak
"number tile vintage font, 7",17.36,8.478110563247706e-05,99.98942039731583,1,7.0,0.0,Weak,Weak
navy cuddles dog hoodie,17.3,8.448808337798694e-05,99.9895048853992,2,716.0,1.0,Churned,Churned
dogs night collar,17.12,8.360901661451654e-05,99.98958849441581,2,688.0,1.0,Churned,Churned
mint diner clock,17.0,8.302297210553629e-05,99.98967151738792,1,,,Weak,Weak
glass bell jar large,17.0,8.302297210553629e-05,99.98975454036002,1,,,Weak,Weak
*boombox ipod classic,16.98,8.292529802070625e-05,99.98983746565804,1,364.0,1.0,Churned,Churned
vanilla candle in embossed zinc pot,16.9,8.253460168138608e-05,99.98992000025973,3,670.0,1.0,Churned,Churned
vintage collage  greeting  card,16.8,8.204623125723587e-05,99.99000204649099,2,567.0,1.0,Churned,Churned
pink gauze butterfly lampshade,16.8,8.204623125723587e-05,99.99008409272224,13,11.0,0.0,Weak,Weak
s/4 contempory pink rosebud candles,16.8,8.204623125723587e-05,99.9901661389535,4,657.0,1.0,Churned,Churned
set 10 cards christmas tree 16955,16.65,8.131367562101054e-05,99.99024745262912,5,0.0,0.0,Weak,Weak
lunch bag pink polkadots,16.5,8.058111998478523e-05,99.99032803374911,1,,,Weak,Weak
playing cards vintage doiley,16.25,7.936019392440969e-05,99.99040739394303,2,1.0,0.0,Weak,Weak
white frangipani hair clip,16.11,7.867647533059939e-05,99.99048607041836,4,185.0,1.0,Churned,Churned
elephant clip w suction cup,15.96,7.794391969437408e-05,99.99056401433805,12,149.0,1.0,Churned,Churned
flowers and birds wall plaque,15.9,7.765089743988395e-05,99.99064166523549,1,687.0,1.0,Churned,Churned
"greeting card, blackpool rock",15.899999999999999,7.765089743988394e-05,99.99071931613292,13,511.0,1.0,Churned,Churned
glass bell jar small,15.8,7.716252701573374e-05,99.99079647865995,1,,,Weak,Weak
pink christmas tree decoration,15.629999999999999,7.633229729467836e-05,99.99087281095724,10,391.0,1.0,Churned,Churned
toadstool  lunchbox with cutlery,15.44,7.540439348879297e-05,99.99094821535073,4,716.0,1.0,Churned,Churned
gumball custom cars top trumps game,15.399999999999999,7.520904531913288e-05,99.99102342439605,3,599.0,1.0,Churned,Churned
cubic mug teatime cakes,15.3,7.472067489498266e-05,99.99109814507094,1,551.0,1.0,Churned,Churned
baking mould toffee cup  chocolate,15.3,7.472067489498266e-05,99.99117286574582,1,,,Weak,Weak
flower fairy 5 summer draw liners,15.3,7.472067489498266e-05,99.99124758642071,1,,,Weak,Weak
asstd rasta key-chains,15.120000000000001,7.384160813151228e-05,99.99132142802884,7,14.0,0.0,Weak,Weak
3 black cats w hearts blank card,15.01,7.330440066494705e-05,99.9913947324295,9,14.0,0.0,Weak,Weak
tin can confectionery design,15.0,7.325556362253203e-05,99.99146798799312,1,,,Weak,Weak
set of 6 easter rainbow chicks,15.0,7.325556362253203e-05,99.99154124355674,1,23.0,0.0,Weak,Weak
enamel mug pantry,15.0,7.325556362253203e-05,99.99161449912036,1,,,Weak,Weak
"ruby glass necklace 42""",15.0,7.325556362253203e-05,99.99168775468398,2,266.0,1.0,Churned,Churned
hen party banner tape,15.0,7.325556362253203e-05,99.9917610102476,1,,,Weak,Weak
painted heart wreath with bell,15.0,7.325556362253203e-05,99.99183426581122,1,,,Weak,Weak
sweetheart cream steel foldin chair,14.95,7.301137841045691e-05,99.99190727718963,1,722.0,1.0,Churned,Churned
folding mirror red,14.940000000000001,7.29625413680419e-05,99.99198023973099,2,,,Weak,Weak
set 10 cards david's madonna 17074,14.940000000000001,7.29625413680419e-05,99.99205320227236,4,0.0,0.0,Weak,Weak
folding mirror ivory,14.940000000000001,7.29625413680419e-05,99.99212616481373,2,,,Weak,Weak
vintage bead pink jewel stand,14.850000000000001,7.252300798630671e-05,99.99219868782171,3,130.0,1.0,Churned,Churned
frosted glass with silver surround,14.85,7.25230079863067e-05,99.9922712108297,1,687.0,1.0,Churned,Churned
11 pc ceramic tea set polkadot,14.85,7.25230079863067e-05,99.99234373383769,1,,,Weak,Weak
kid's chalkboard/easel,14.75,7.203463756215649e-05,99.99241576847525,2,428.0,1.0,Churned,Churned
purple crystal drop earrings,14.75,7.203463756215649e-05,99.99248780311282,5,16.0,0.0,Weak,Weak
set 10 cards xmas choir 17068,14.55,7.105789671385606e-05,99.99255886100954,5,2.0,0.0,Weak,Weak
flower purple clock w/sucker,14.45,7.056952628970585e-05,99.99262943053583,7,148.0,1.0,Churned,Churned
doormat green paisley,14.43,7.04718522048758e-05,99.99269990238804,1,,,Weak,Weak
black diamond cluster earrings,14.399999999999999,7.032534107763074e-05,99.99277022772911,5,92.0,1.0,Churned,Churned
army camo bookcover tape,14.28,6.973929656865049e-05,99.99283996702567,10,32.0,0.0,Weak,At Risk
antique silver book mark with beads,14.11,6.890906684759513e-05,99.99290887609253,3,,,Weak,Weak
empire teddy,13.9,6.788348895687968e-05,99.99297675958148,2,720.0,1.0,Churned,Churned
"wall art , the magic forest",13.9,6.788348895687968e-05,99.99304464307043,1,,,Weak,Weak
pink baby girl's memory box,13.9,6.788348895687968e-05,99.99311252655939,2,677.0,1.0,Churned,Churned
pink mini stationery set w case,13.75,6.715093332065436e-05,99.9931796774927,7,515.0,1.0,Churned,Churned
cerise+gold christmas tree dec,13.68,6.68090740237492e-05,99.99324648656673,9,418.0,1.0,Churned,Churned
rhombus crystal perfume bottle,13.65,6.666256289650414e-05,99.99331314912963,3,733.0,1.0,Churned,Churned
rasta in bath w spliff ashtray,13.6,6.641837768442903e-05,99.99337956750732,10,14.0,0.0,Weak,Weak
beware of the cat doormat,13.5,6.593000726027882e-05,99.99344549751459,2,721.0,1.0,Churned,Churned
blue stripes shoulder bag,13.370000000000001,6.529512570888355e-05,99.9935107926403,4,200.0,1.0,Churned,Churned
silver and black orbit necklace,13.350000000000001,6.519745162405351e-05,99.99357599009191,2,,,Weak,Weak
set 10 cards magical tree 17086,13.32,6.505094049680844e-05,99.9936410410324,4,21.0,0.0,Weak,Weak
christmas table candle silver spike,13.28,6.485559232714835e-05,99.99370589662473,1,1.0,0.0,Weak,Weak
set 10 cards hats & stockings 17081,13.28,6.485559232714835e-05,99.99377075221706,7,15.0,0.0,Weak,Weak
pink ballet opening cube box,12.9,6.299978471537754e-05,99.99383375200178,1,720.0,1.0,Churned,Churned
pack/12 russian doll cards,12.780000000000001,6.241374020639729e-05,99.99389616574199,9,720.0,1.0,Churned,Churned
"f.fairy,candle in glass,lavender",12.75,6.226722907915222e-05,99.99395843297107,2,727.0,1.0,Churned,Churned
blue white plastic rings lampshade,12.75,6.226722907915222e-05,99.99402070020015,6,94.0,1.0,Churned,Churned
new baroque wall mirror,12.75,6.226722907915222e-05,99.99408296742924,1,737.0,1.0,Churned,Churned
embossed flower trellis photo frame,12.75,6.226722907915222e-05,99.99414523465832,3,679.0,1.0,Churned,Churned
vintage metal cake stand cream,12.75,6.226722907915222e-05,99.9942075018874,1,702.0,1.0,Churned,Churned
kiss reindeer scandinavian stocking,12.749999999999998,6.226722907915222e-05,99.99426976911649,2,728.0,1.0,Churned,Churned
camouflague dog lead,12.72,6.212071795190716e-05,99.99433188983444,1,616.0,1.0,Churned,Churned
set of 2 chests chocolat au lait,12.72,6.212071795190716e-05,99.9943940105524,1,694.0,1.0,Churned,Churned
key-ring corkscrew,12.72,6.212071795190716e-05,99.99445613127035,1,542.0,1.0,Churned,Churned
purple current candle ring,12.61,6.158351048534193e-05,99.99451771478084,2,736.0,1.0,Churned,Churned
blue floribunda egg warmer,12.5,6.104630301877668e-05,99.99457876108386,5,653.0,1.0,Churned,Churned
"feather duster, light pink",12.5,6.104630301877668e-05,99.99463980738687,6,727.0,1.0,Churned,Churned
marie antoienett trinket box gold,12.5,6.104630301877668e-05,99.99470085368989,1,43.0,0.0,Weak,At Risk
dusty pink christmas tree 30cm,12.5,6.104630301877668e-05,99.99476189999291,4,368.0,1.0,Churned,Churned
set 10 cards christmas holly  17259,12.48,6.094862893394664e-05,99.99482284862184,3,0.0,0.0,Weak,Weak
set 10 card snowman 16965,12.450000000000001,6.080211780670159e-05,99.99488365073964,4,0.0,0.0,Weak,Weak
opal white/silver flower necklace,12.32,6.016723625530631e-05,99.9949438179759,2,689.0,1.0,Churned,Churned
silicon star bulb  blue,12.18,5.9483517661496005e-05,99.99500330149355,12,3.0,0.0,Weak,Weak
lilac feathers curtain,11.98,5.8506776813195575e-05,99.99506180827036,2,151.0,1.0,Churned,Churned
"mug , dotcomgiftshop.com",11.82,5.772538413455524e-05,99.9951195336545,10,17.0,0.0,Weak,Weak
duck sock puppet,11.8,5.76277100497252e-05,99.99517716136455,2,723.0,1.0,Churned,Churned
set 10 cards 12 days of xmas 17059,11.64,5.6846317371084854e-05,99.99523400768193,1,64.0,1.0,Churned,Churned
set 10 cards rudolphs nose 17097,11.64,5.6846317371084854e-05,99.99529085399931,3,0.0,0.0,Weak,Weak
baroque butterfly earrings red,11.29,5.5137020886559095e-05,99.99534599102019,3,231.0,1.0,Churned,Churned
english rose square cake tins,11.26,5.499050975931404e-05,99.99540098152994,1,737.0,1.0,Churned,Churned
orange felt vase + flowers,11.25,5.494167271689901e-05,99.99545592320266,5,252.0,1.0,Churned,Churned
vendetta canvas picture,11.25,5.494167271689901e-05,99.99551086487537,3,574.0,1.0,Churned,Churned
"food cover with beads , set 2 sizes",11.25,5.494167271689901e-05,99.99556580654809,1,,,Weak,Weak
flower des blue handbag/orang handl,11.25,5.494167271689901e-05,99.9956207482208,2,198.0,1.0,Churned,Churned
origami jasmine incense+flower,11.100000000000001,5.4209117080673704e-05,99.99567495733788,2,476.0,1.0,Churned,Churned
s/4 contempory red rosebud candles,10.9,5.323237623237327e-05,99.99572818971411,3,678.0,1.0,Churned,Churned
cute rabbit ceature screen,10.89,5.3183539189958255e-05,99.99578137325331,6,112.0,1.0,Churned,Churned
wrap romantic decoupage,10.5,5.127889453577241e-05,99.99583265214784,1,728.0,1.0,Churned,Churned
"wrapping paper, xmas village",10.5,5.127889453577241e-05,99.99588393104237,1,,,Weak,Weak
wrap christmas decoupage,10.5,5.127889453577241e-05,99.9959352099369,1,588.0,1.0,Churned,Churned
moon incense,10.5,5.127889453577241e-05,99.99598648883143,2,731.0,1.0,Churned,Churned
woodland creatures  wrap,10.5,5.127889453577241e-05,99.99603776772597,1,722.0,1.0,Churned,Churned
star wars top trumps game,10.23,4.9960294390566845e-05,99.99608772802036,2,687.0,1.0,Churned,Churned
high school musical 3 top trumps,10.23,4.9960294390566845e-05,99.99613768831475,2,641.0,1.0,Churned,Churned
heart measuring spoons small,10.2,4.9813783263321775e-05,99.99618750209801,1,,,Weak,Weak
party pizza dish green+white spot,10.2,4.9813783263321775e-05,99.99623731588127,1,0.0,0.0,Weak,Weak
orange candle,10.2,4.9813783263321775e-05,99.99628712966454,1,727.0,1.0,Churned,Churned
party pizza dish red+white spot,10.2,4.9813783263321775e-05,99.9963369434478,1,,,Weak,Weak
"letter ""w"" bling key ring",10.17,4.966727213607671e-05,99.99638661071994,8,3.0,0.0,Weak,Weak
zinc star t-light holder,10.0,4.883704241502135e-05,99.99643544776235,1,,,Weak,Weak
set 10 cards poinsettia 17093,9.96,4.864169424536127e-05,99.9964840894566,2,30.0,0.0,Weak,Weak
set 10 cards printed graphic 17219,9.96,4.864169424536127e-05,99.99653273115085,4,2.0,0.0,Weak,Weak
set 10 cards filigree bauble 16961,9.96,4.864169424536127e-05,99.9965813728451,4,1.0,0.0,Weak,Weak
set 10 card perfect nativity 17089,9.96,4.864169424536127e-05,99.99663001453935,4,28.0,0.0,Weak,Weak
round articulated pink clock w/suck,9.57,4.6737049591175435e-05,99.99667675158894,6,141.0,1.0,Churned,Churned
silver wine goblet,9.3,4.541844944596986e-05,99.99672217003838,1,675.0,1.0,Churned,Churned
hand painted hanging easter egg,9.24,4.5125427191479726e-05,99.99676729546557,3,1.0,0.0,Weak,Weak
sculpted round ivory candle,9.24,4.5125427191479726e-05,99.99681242089277,5,473.0,1.0,Churned,Churned
white christmas tree 60cm,8.850000000000001,4.32207825372939e-05,99.99685564167531,3,15.0,0.0,Weak,Weak
pink stripes shoulder bag,8.850000000000001,4.32207825372939e-05,99.99689886245785,3,490.0,1.0,Churned,Churned
blue porcelain b'fly oil burner,8.850000000000001,4.32207825372939e-05,99.9969420832404,3,652.0,1.0,Churned,Churned
a4 wall tidy red flowers,8.67,4.2341715773823506e-05,99.99698442495617,6,36.0,0.0,Weak,At Risk
*usb office glitter lamp,8.65,4.224404168899347e-05,99.99702666899786,1,737.0,1.0,Churned,Churned
spotty cat doorstop,8.65,4.224404168899347e-05,99.99706891303956,1,724.0,1.0,Churned,Churned
amber vintage earrings,8.57,4.18533453496733e-05,99.9971107663849,2,694.0,1.0,Churned,Churned
6 hook jewel stand lilac dress,8.49,4.146264901035313e-05,99.99715222903392,1,736.0,1.0,Churned,Churned
blue bertie mobile phone charm,8.48,4.141381196793811e-05,99.99719364284589,3,622.0,1.0,Churned,Churned
set 10 minicards cute snowman 17071,8.299999999999999,4.0534745204467716e-05,99.9972341775911,2,21.0,0.0,Weak,Weak
blue fairy cake childrens apron,7.8,3.809289308371665e-05,99.99727227048417,4,,,Weak,Weak
blue crusoe check lampshade,7.56,3.6920804065756135e-05,99.99730919128824,6,142.0,1.0,Churned,Churned
baroque butterfly earrings black,7.5,3.6627781811266015e-05,99.99734581907005,2,60.0,0.0,Weak,At Risk
"bathroom scales, fag break",7.5,3.6627781811266015e-05,99.99738244685186,2,665.0,1.0,Churned,Churned
set/6 gingerbread tree t-lights,7.5,3.6627781811266015e-05,99.99741907463367,4,717.0,1.0,Churned,Churned
pink canvas des cushion cover,7.5,3.6627781811266015e-05,99.99745570241548,2,483.0,1.0,Churned,Churned
set 10 cards world children 17067,7.470000000000001,3.648127068402095e-05,99.99749218368616,3,17.0,0.0,Weak,Weak
happy birthday card stripey teddy,7.41,3.618824842953082e-05,99.99752837193459,8,14.0,0.0,Weak,Weak
blue hibiscus  hair clip,7.35,3.5895226175040686e-05,99.99756426716077,6,641.0,1.0,Churned,Churned
hand open shape pink,6.98,3.40882556056849e-05,99.99759835541637,2,721.0,1.0,Churned,Churned
vanilla scented votive candle,6.959999999999999,3.399058152085486e-05,99.99763234599789,1,728.0,1.0,Churned,Churned
rose scented votive candle,6.959999999999999,3.399058152085486e-05,99.9976663365794,1,728.0,1.0,Churned,Churned
english rose tea for one gift box,6.75,3.296500363013941e-05,99.99769930158303,1,730.0,1.0,Churned,Churned
door mat blue flock,6.75,3.296500363013941e-05,99.99773226658665,1,681.0,1.0,Churned,Churned
"biscuit tin, mint,ivory, vintage",6.75,3.296500363013941e-05,99.99776523159028,1,,,Weak,Weak
set 10 mini santa & snowman  17087,6.640000000000001,3.242779616357418e-05,99.99779765938644,2,52.0,0.0,Weak,At Risk
silver purse gold pink butterfly,6.6,3.2232447993914086e-05,99.99782989183443,1,724.0,1.0,Churned,Churned
large black diamante hairslide,6.6,3.2232447993914086e-05,99.99786212428242,1,76.0,1.0,Churned,Churned
scottie dogs childrens overall,6.300000000000001,3.0767336721463455e-05,99.99789289161914,1,,,Weak,Weak
ass windproof marijuana lighters,6.3,3.076733672146345e-05,99.99792365895587,2,555.0,1.0,Churned,Churned
assorted design geisha girl mugs,6.25,3.052315150938834e-05,99.99795418210738,1,735.0,1.0,Churned,Churned
strawberries print bowl,6.25,3.052315150938834e-05,99.99798470525889,2,736.0,1.0,Churned,Churned
white wood single p/frame,6.25,3.052315150938834e-05,99.9980152284104,3,468.0,1.0,Churned,Churned
set 10 cards christmas robin 17095,6.24,3.047431446697332e-05,99.99804570272487,3,28.0,0.0,Weak,Weak
zinc hanging heart t-lite hldr,6.04,2.9497573618672895e-05,99.99807520029849,1,716.0,1.0,Churned,Churned
"f.fairy s/3 sml candle, rose",5.95,2.9058040236937702e-05,99.99810425833873,1,670.0,1.0,Churned,Churned
kissing reindeer table runner,5.95,2.9058040236937702e-05,99.99813331637897,1,717.0,1.0,Churned,Churned
"f.fairy s/3 sml candle,lily/valley",5.95,2.9058040236937702e-05,99.99816237441921,1,734.0,1.0,Churned,Churned
"f.fairy s/3 sml candle, lavender",5.95,2.9058040236937702e-05,99.99819143245945,1,734.0,1.0,Churned,Churned
assorted design flower mugs,5.949999999999999,2.9058040236937702e-05,99.99822049049969,3,606.0,1.0,Churned,Churned
gold m.o.p. orbit necklace,5.9,2.88138550248626e-05,99.99824930435472,2,,,Weak,Weak
white rohmbic block table lamp,5.9,2.88138550248626e-05,99.99827811820974,1,682.0,1.0,Churned,Churned
pink porcelain b'fly oil burner,5.9,2.88138550248626e-05,99.99830693206476,2,721.0,1.0,Churned,Churned
"glass jar, english confectionery",5.9,2.88138550248626e-05,99.99833574591979,1,1.0,0.0,Weak,Weak
"acrylic bead garland,pink",5.9,2.88138550248626e-05,99.99836455977481,2,512.0,1.0,Churned,Churned
"jewelled decoration,pink",5.9,2.88138550248626e-05,99.99839337362984,2,723.0,1.0,Churned,Churned
pink beaded cone christmas,5.88,2.8716180940032554e-05,99.99842208981077,2,732.0,1.0,Churned,Churned
bunny bunch of flowers,5.88,2.8716180940032554e-05,99.99845080599171,2,627.0,1.0,Churned,Churned
hen house with chick standing,5.88,2.8716180940032554e-05,99.99847952217264,3,,,Weak,Weak
set 10 cards swirly xmas tree 17104,5.82,2.8423158685542427e-05,99.99850794533133,1,9.0,0.0,Weak,Weak
set 10 card christmas stamps 16963,5.82,2.8423158685542427e-05,99.99853636849001,1,21.0,0.0,Weak,Weak
set 10 cards robin waterpump  17096,5.82,2.8423158685542427e-05,99.99856479164869,2,15.0,0.0,Weak,Weak
set 10 cards hanging baubles 17080,5.48,2.67626992434317e-05,99.99859155434794,2,8.0,0.0,Weak,Weak
candle ring w/clear beads,5.46,2.6665025158601656e-05,99.9986182193731,3,568.0,1.0,Churned,Churned
daddy mouse red gingham bow tie,5.45,2.6616188116186633e-05,99.99864483556122,1,737.0,1.0,Churned,Churned
pink current candle ring,5.32,2.5981306564791362e-05,99.99867081686779,1,736.0,1.0,Churned,Churned
funky girlz magnetic to do list,5.2,2.5395262055811103e-05,99.99869621212984,3,735.0,1.0,Churned,Churned
euro football stars top trumps game,5.17,2.5248750928566036e-05,99.99872146088077,1,735.0,1.0,Churned,Churned
dr who top trumps game,5.17,2.5248750928566036e-05,99.9987467096317,1,736.0,1.0,Churned,Churned
"black rnd bullet""keep clean"" bin",5.1,2.4906891631660887e-05,99.99877161652333,2,638.0,1.0,Churned,Churned
angel on knees metal pole 100cm h,5.1,2.4906891631660887e-05,99.99879652341495,1,725.0,1.0,Churned,Churned
ivory pendant shell necklace,5.09,2.485805458924587e-05,99.99882138146954,1,382.0,1.0,Churned,Churned
rose pink pendant shell necklace,5.09,2.485805458924587e-05,99.99884623952413,1,395.0,1.0,Churned,Churned
kashmir folkart heart dishes,5.07,2.4760380504415828e-05,99.99887099990463,3,683.0,1.0,Churned,Churned
large white chocolate candle,5.06,2.4711543462000802e-05,99.99889571144809,1,696.0,1.0,Churned,Churned
haynes mini-cooper playing cards,5.06,2.4711543462000802e-05,99.99892042299155,1,552.0,1.0,Churned,Churned
modern christmas bauble candle,5.04,2.461386937717076e-05,99.99894503686092,5,721.0,1.0,Churned,Churned
set 10 cards deck the halls 16960,4.98,2.4320847122680635e-05,99.99896935770803,2,13.0,0.0,Weak,Weak
ceramic cake teapot with cherry,4.95,2.4174335995435568e-05,99.99899353204403,1,670.0,1.0,Churned,Churned
russian folkart stacking tins,4.95,2.4174335995435568e-05,99.99901770638002,1,692.0,1.0,Churned,Churned
red heart candy pop lights,4.95,2.4174335995435568e-05,99.999041880716,1,703.0,1.0,Churned,Churned
"letter ""u"" bling key ring",4.7299999999999995,2.3099921062305094e-05,99.99906498063707,2,3.0,0.0,Weak,Weak
folding shirt tidy,4.65,2.270922472298493e-05,99.9990876898618,1,511.0,1.0,Churned,Churned
"silicon cube 25w, blue",4.62,2.2562713595739863e-05,99.99911025257539,2,10.0,0.0,Weak,Weak
fairy design mugs,4.609999999999999,2.2513876553324838e-05,99.99913276645195,2,619.0,1.0,Churned,Churned
pink acrylic jewel snowflake,4.5600000000000005,2.2269691341249737e-05,99.99915503614329,1,,,Weak,Weak
flower purple clock with sucker,4.35,2.1244113450534285e-05,99.99917628025675,3,,,Weak,Weak
ubo-light triobase blue,4.25,2.0755743026384073e-05,99.99919703599977,3,3.0,0.0,Weak,Weak
ubo-light triobase purple,4.25,2.0755743026384073e-05,99.9992177917428,3,35.0,0.0,Weak,At Risk
"f.fairy,candle in glass,lily/valley",4.25,2.0755743026384073e-05,99.99923854748582,1,734.0,1.0,Churned,Churned
spotty cockerel doorstop,4.25,2.0755743026384073e-05,99.99925930322884,1,689.0,1.0,Churned,Churned
pink glass cocktail lamp,4.2,2.051155781430897e-05,99.99927981478666,2,687.0,1.0,Churned,Churned
i love london mini rucksack,4.15,2.026737260223386e-05,99.99930008215927,1,,,Weak,Weak
chocolate ice cream candle,3.9,1.9046446541858324e-05,99.9993191286058,1,622.0,1.0,Churned,Churned
mug pink and purple arabic design,3.9,1.9046446541858324e-05,99.99933817505234,1,730.0,1.0,Churned,Churned
folding camping scissor w/knif & s,3.84,1.8753424287368197e-05,99.99935692847663,4,255.0,1.0,Churned,Churned
set/6 black glitter reindeer candle,3.7800000000000002,1.846040203287807e-05,99.99937538887866,5,716.0,1.0,Churned,Churned
jade green pair enamel hair slides,3.75,1.8313890905633008e-05,99.99939370276957,1,723.0,1.0,Churned,Churned
s/6 christmas tree place setting,3.75,1.8313890905633008e-05,99.99941201666047,1,722.0,1.0,Churned,Churned
funky flower coffee pot,3.75,1.8313890905633008e-05,99.99943033055138,1,725.0,1.0,Churned,Churned
pink butterfly paper lampshade,3.75,1.8313890905633008e-05,99.99944864444228,3,722.0,1.0,Churned,Churned
3 birds canvas screen,3.69,1.8020868651142878e-05,99.99946666531093,3,130.0,1.0,Churned,Churned
"acrylic jewel icicle, clear",3.43,1.6751105548352325e-05,99.99948341641648,1,724.0,1.0,Churned,Churned
set/20 posies paper napkins,3.4,1.6604594421107258e-05,99.9995000210109,4,677.0,1.0,Churned,Churned
set 10 cards christmas bauble 16954,3.33,1.626273512420211e-05,99.99951628374603,1,38.0,0.0,Weak,At Risk
rain girl childs umbrella,3.25,1.587203878488194e-05,99.99953215578482,1,728.0,1.0,Churned,Churned
box of 3 pebble candles,2.95,1.44069275124313e-05,99.99954656271234,1,717.0,1.0,Churned,Churned
feather heart lights,2.95,1.44069275124313e-05,99.99956096963986,1,687.0,1.0,Churned,Churned
set 10 cards triangle icons  17220,2.91,1.4211579342771214e-05,99.9995751812192,1,38.0,0.0,Weak,At Risk
set 10 cards snowy robin 17099,2.91,1.4211579342771214e-05,99.99958939279854,1,10.0,0.0,Weak,Weak
set 10 cards 3 wise men 17107,2.91,1.4211579342771214e-05,99.99960360437788,1,27.0,0.0,Weak,Weak
handz-off car freshener,2.57,1.2551119900660486e-05,99.99961615549778,1,723.0,1.0,Churned,Churned
english rose design shopping bag,2.55,1.2453445815830444e-05,99.9996286089436,1,736.0,1.0,Churned,Churned
s/6 scandinavian heart t-light,2.55,1.2453445815830444e-05,99.99964106238941,1,726.0,1.0,Churned,Churned
s/2 hyacinth bulb candles,2.55,1.2453445815830444e-05,99.99965351583523,1,731.0,1.0,Churned,Churned
s/3 colours flock tea towels,2.55,1.2453445815830444e-05,99.99966596928105,1,732.0,1.0,Churned,Churned
set/2 spotty + rose tea towels,2.55,1.2453445815830444e-05,99.99967842272687,1,736.0,1.0,Churned,Churned
set/2 tea towels modern vintage,2.55,1.2453445815830444e-05,99.99969087617269,1,725.0,1.0,Churned,Churned
round articulated blue clock w/suck,2.55,1.2453445815830444e-05,99.99970332961851,3,144.0,1.0,Churned,Churned
crystal dragonfly phone charm,2.55,1.2453445815830444e-05,99.99971578306433,2,423.0,1.0,Churned,Churned
incense bazaar peach,2.52,1.230693468858538e-05,99.99972808999902,1,311.0,1.0,Churned,Churned
road-rage car freshener,2.51,1.2258097646170357e-05,99.99974034809667,1,409.0,1.0,Churned,Churned
etched glass heart tree decoration,2.51,1.2258097646170357e-05,99.9997526061943,1,676.0,1.0,Churned,Churned
blue beads+hand phone charm,2.5,1.2209260603755338e-05,99.99976481545491,2,455.0,1.0,Churned,Churned
pocket mirror butterfly,2.5,1.2209260603755338e-05,99.99977702471551,2,717.0,1.0,Churned,Churned
large spotty chocolate gift bag,2.5,1.2209260603755338e-05,99.99978923397612,1,715.0,1.0,Churned,Churned
assorted shaped stencil for henna,2.08,1.015810482232444e-05,99.99979939208094,1,731.0,1.0,Churned,Churned
hanging spring flower heart small,1.9500000000000002,9.523223270929163e-06,99.99980891530421,2,668.0,1.0,Churned,Churned
lunchbox i love london,1.95,9.523223270929162e-06,99.99981843852748,1,0.0,0.0,Weak,Weak
circus parade lunchbox,1.95,9.523223270929162e-06,99.99982796175075,1,0.0,0.0,Weak,Weak
green chenille shaggy c/cover,1.95,9.523223270929162e-06,99.99983748497402,1,624.0,1.0,Churned,Churned
hexagonal crystal perfume bottle,1.95,9.523223270929162e-06,99.99984700819729,1,622.0,1.0,Churned,Churned
gold christmas stocking decoration,1.95,9.523223270929162e-06,99.99985653142056,1,720.0,1.0,Churned,Churned
champagne tray blank card,1.9,9.279038058854056e-06,99.99986581045862,4,14.0,0.0,Weak,Weak
happy birthday card teddy/cake,1.9,9.279038058854056e-06,99.99987508949667,3,103.0,1.0,Churned,Churned
set of six silver+red flock baubles,1.7,8.302297210553629e-06,99.99988339179387,1,729.0,1.0,Churned,Churned
assorted fruit straws,1.7,8.302297210553629e-06,99.99989169409108,1,737.0,1.0,Churned,Churned
red mini tape measure,1.7,8.302297210553629e-06,99.99989999638828,1,736.0,1.0,Churned,Churned
f fairy potpourri cushions summer,1.69,8.253460168138607e-06,99.99990824984845,1,736.0,1.0,Churned,Churned
bendy colour pencils,1.68,8.204623125723586e-06,99.99991645447157,1,736.0,1.0,Churned,Churned
swallow small tube matches,1.65,8.058111998478522e-06,99.99992451258358,1,495.0,1.0,Churned,Churned
flower shop design mug,1.65,8.058111998478522e-06,99.99993257069558,1,27.0,0.0,Weak,Weak
s/3 rose garden scent squ candle,1.65,8.058111998478522e-06,99.99994062880758,1,690.0,1.0,Churned,Churned
crystal small jewelled photoframe,1.65,8.058111998478522e-06,99.99994868691958,1,734.0,1.0,Churned,Churned
red top scandinavian heart,1.52,7.423230447083245e-06,99.99995611015002,2,571.0,1.0,Churned,Churned
white scandinavian heart christmas,1.25,6.104630301877669e-06,99.99996221478033,1,732.0,1.0,Churned,Churned
set 36 colouring pencils doiley,1.25,6.104630301877669e-06,99.99996831941063,1,,,Weak,Weak
folkart heart christmas decorations,1.25,6.104630301877669e-06,99.99997442404093,1,645.0,1.0,Churned,Churned
hollyhock square handy tin,1.25,6.104630301877669e-06,99.99998052867123,1,732.0,1.0,Churned,Churned
cat with sunglasses blank card,0.95,4.639519029427028e-06,99.99998516819026,1,,,Weak,Weak
owls charlotte bag,0.85,4.1511486052768146e-06,99.99998931933887,1,731.0,1.0,Churned,Churned
cat w sunglasses blank card,0.76,3.7116152235416225e-06,99.99999303095409,1,19.0,0.0,Weak,Weak
set 12 colouring pencils doiley,0.65,3.174407756976388e-06,99.99999620536184,1,,,Weak,Weak
pink heart christmas decoration,0.38,1.8558076117708113e-06,99.99999806116945,1,722.0,1.0,Churned,Churned
happy birthday ginger cat card,0.38,1.8558076117708113e-06,99.99999991697706,1,646.0,1.0,Churned,Churned
pads to match all cushions,0.017,8.30229721055363e-08,100.00000000000003,17,74.0,1.0,Churned,Churned
